review,sentiment
"When it comes to movies, I don't easily discriminate between crap, pure crap and masterpieces. I believe this movie is an absolute masterpiece and it's hard to keep me entertained for more than 90 minutes. This movie ran SLOWER than Mystic River and Harry Potter 3 combined and I still managed to stay riveted to my seat. For me, it was the passion that Eric Bogosian put into his performance. It's extremely difficult to pull off such a stunt and manage to garner any positive effect from it. Bogosian probably nailed one of the toughest single-man performances in modern cinema. I didn't have any respect for Bogosian until the end of the film. The entire monologue minutes before the inexorable climax was the turning point, it was the key that turned me around. This man hit a point so low that he knew he could never recover from it. The corporate boys congratulated him on the performance. His blistering prose made even the slimiest one in the cavalcade shake his head in awe. It made me realize that personal integrity and hypocrisy don't matter in the world of talk radio, even in the corporate world for that matter. Stone may have been pushing some uber-liberal agenda but it was the actual movie and production that got my attention. Oliver Stone is a minor master of the moody. The final third of the film had probably the best lighting and cinematography I have seen in any film. Stone artfully makes the DJ booth feel like five-by-seven cell in a nineteenth century prison. Visually speaking, it appears that Bogosian's only friend is the black foam that absorbs his routine vitriol. He speaks and it doesn't speak back. It's a sad metaphor considering the way he treats the people who handed him his success. Stone and Bogosian carved out a stunning film of a man who is trapped in both a prison of walls and a prison of self. This man is confined to his own volition and he can never escape it. The scene that made me realize his conundrum was when he was unwilling to his ex-wife back. He preferred his own prison instead of the world on the outside. Every story has a conflict and it came down to the simplest of all conflicts: man versus himself. 'Talk Radio' presents this conflict in an intelligent, gripping, and artful fashion. There are no hidden messages in this film and the progression of events should be expected by any astute viewer. I just leaned back and let my mind be grasped by this film and I loved it. It's unheralded, unseen, and it will never receive its due recognition. Let's hope it stays that way because gems deserve to be found and then hidden again. It's a gem because I found it in the discount DVD bin at my local Wal-Mart store. For $5.50, it was worth the half-hour I spent digging trying to find it. I did and I got more than my money's worth. This is one of the best movies ever made and that is worth ten reasons alone. Ten reasons give a score of ten.<br /><br />Here ends my rant!",positive
"The very first image of the movie shows a mountain ridge in early morning autumn mist, and my thought was: ""This is almost too beautiful."" And it goes on like this: Images of landscape and animals that look like a series of romantic paintings, each of them perfect in every detail. Even the girl's room, her father's car - everything is nostalgic, romantic, beautiful. This could seem outdated and escapistic, but it fits a story that is itself of silent beauty, happening on the border between life and fairy tale, between Dian Fossey and Le Petit Prince. I enjoyed every minute of it. The extreme parsimony of the movie, having a simple, slow story, just one actor and hardly any special effects, exerted a strong magic. I therefore find it deplorable that this parsimony is given up in the last minutes, when suddenly two additional actors (the girl as a grown-up woman, and her son) are introduced. Another shortcoming is the music, which is often intrusive, Hollywood-like, and sometimes inappropriate: I couldn't bring an English pop-song together with French mountain glory. I went to the movie together with my two small daughters, but I recommend it to adults as well, given that they appreciate this kind of movie. Obviously, not everybody does.",positive
"'Anne Christie' was Garbo's 14th film and the first in which her husky Swedish voice was heard. She plays the lead character, Anna, who has struggled with being abandoned by her father Chris (a drunken barge owner played by George F Marion), and with the misfortune of the life she has has to lead to keep her head above water.<br /><br />Meeting Irish Matt (Charles Bickford) may mark the turning point for her ... or does it? Garbo looks and sounds great in this drama which, although looking rather clunky and moving at a slow pace, still manages to interest and engage an audience nearly 80 years later. Marie Dressler makes an impact in the role which gave her a second flush of movie success in films such as Min and Bill, Dinner at Eight, and Emma; while Marion and Bickford are more than adequate.<br /><br />An interesting slice of movie history. Garbo would do better talkies in the years following, but 'Anna Christie' will always be remembered for the first time she talked on screen.",positive
"This movie is definitely a case of style over substance but the style is good and certainly more than unique on its own to make ""The Cell"" a memorable and above average movie.<br /><br />""The Cell"" is beautifully looking with impressive sets, costumes and make-up. Yes, it's real eye candy to watch all. The movie has some perfectly 'dreamy' sequences that are certainly odd but also very beautiful and imaginative to look at. This movie is a perfect mix of an art-house type of movie and a typical Hollywood-thriller, that is accessible to both fans of the genre.<br /><br />The story itself is pretty far fetched and doesn't always make sense. Because of that the movie isn't always pleasant and likable to watch but like I mentioned before, the style compensates for this. The style makes you keep watching till the end and provides the best moments of the movie.<br /><br />Vincent D'Onofrio is unforgettable as the serial-killer with a twisted mind. Vincent D'Onofrio is really underused as an actor and this movie shows his talent once more. I'm not particularly happy about the casting of Jennifer Lopez. I know that she can act in some of her movies but she really wasn't suitable to play the main character in this movie. Her character wasn't strong enough and she was overshadowed by Vincent D'Onofrio and Vince Vaughn. Still I felt that Vince Vaughn was also miscast in this movie. He didn't fit the role well enough and no, I'm not saying that because I'm used of seeing him only in comedies now days. The rest of the supporting cast is good and still give the movie a certain degree of credibility.<br /><br />The musical score by Howard Shore was also surprising good and was sort of ""Se7en"" like at times. It suited the movie well and gave some of the scene's some extra mood and atmosphere.<br /><br />It's a far from perfect movie and the concept is far fetched and not always handled in the right way. Still ""The Cell"" is a perfectly watchable movie and perhaps even a bit of a must see, due to its style, originality and creativity.<br /><br />7/10",positive
"In 1990 Brad Pitt and Juiliette Lewis did a TV Too Young To Die where both played the almost the same kind of parts that they do in Kalifornia. I have no doubt that is what led to their casting in this big screen film.<br /><br />Kalifornia finds aspiring writer David Duchovny and his girl friend, art photographer Michelle Forbes on a rocky relationship of sorts due to Duchovny's obsession with writing a book and getting in the minds and souls of serial killers. In fact he's got a most unusual odyssey planned, he wants to go cross country and visit the sites of several famous serial killers. But he and Forbes are flat broke.<br /><br />Fate intervenes in more ways than financial with the arrival of Brad Pitt and Juliette Lewis a pair of strange southern types who agree to split the cost of gas on this cross country trip. It turns out Pitt is a serial killer himself and he decides to do a little research on his own, delving into the mind of someone who is fascinated with amorality.<br /><br />Kalifornia is not the type of film I usually go for, but in fact the acting ability and charisma of Brad Pitt make it work to a large degree. Pitt is the walking definition of an inbred Gothic refugee from Deliverance. But better than he is is Juliette Lewis who once again is playing these low self esteem types which she seems to do well. Watch her scene with Forbes as she does her hair and Lewis describes her sad and pathetic life. Lewis's dialog and Forbes's reactions ought to be shown in acting classes around the country.<br /><br />For those who like their slasher flicks, they don't come better than Kalifornia.",positive
"The Merchant of Venice 8/10<br /><br />(This review assumes a basic knowledge of the story and so may be thought of as containing spoilers to anyone unfamiliar with the plot.)<br /><br />As a film version of the famous Shakespeare play, Merchant of Venice does what few adaptations have done since Polanski's rather gritty Macbeth: it takes the spirit of the play and brings it out not just as well as, but better than the play alone could readily achieve. <br /><br />Lord of the Rings Director, Peter Jackson, has argued that in adapting a book or play there are three options: attempt to replicate the original as perfectly as possible, use the original idea as an inspiration but take full license for cinematic change, or (the one he avowedly preferred) stick to the original as much as is cinematic ally viable but make such changes as are necessary for the film and while remaining faithful to the intention or spirit of the original.<br /><br />In Macbeth, Polanski used the rain-sodden beaches and realistic rapes and murder to convey what a bloody and horrific period the play was set in, thus bringing to mind the horrific context in which the characters make such ill-advised decisions. It differs from (say) Branagh's Hamlet, which achieved new heights of faithful rendition, but otherwise offered little new. Macbeth, on the other hand, maybe enabled audiences fresh to Shakespeare to appreciate some of the drama's fullness without extensive study; similarly, more familiar audiences might find a greater depth than the unaided stage performance could accomplish. Such interpretation plays a vital part if audiences are to fully engage, not only intellectually but also emotionally, with the points Shakespeare wanted to make.<br /><br />Radford's adaptation of Merchant of Venice does just this. It takes crucial moral dilemmas involving religious bigotry or the keeping promises and, with minimal messing of the Bard's holy tome, conveys them faithfully within the spirit of the original story.<br /><br />The first of these, religious bigotry, gives meaning to Shylock's otherwise outlandish behaviour. We see the Jews of the period relegated to a walled ghetto, only allowed out if wearing an identifying red cap. Not being allowed to own property, one of the few ways they can earn a living is by money-lending. This makes them both useful to their Christian oppressors and at the same time the object of their vilification. The idea behind (both old and new testament) biblical prohibitions against usury probably stems from not making a profit by helping one's friends. This is extended by the bigoted Christians to curse those they spit on (we see Shylock not only spit on, but fellow Jews thrown into the waterways for sport - in an atmosphere that can only be described as threatening).<br /><br />The topicality of the film is curious, since the bigotry of right wing Christianity (as personified by Bush-following Americans) has turned full circle, as they are now the main supporters of Zionism, and the Jewish political leaders bite at their Palestinian neighbors much as Shylock tries to bite at Antonio (once he thinks the law gives him the power to do so). The psychology is self-evident - kick a dog repeatedly and it will become vicious. The circle easily continues as the victims of oppression themselves easily lose their sense of moral values and become oppressors.<br /><br />The stringent sleight of hand that the disguised Portia uses to save Antonio has some merit, both as a clever interpretation of the unsophisticated law that the Venetians of the play so rue and also as a moral pointer. Shylock may 'have his pound of flesh' according to his contract, but may not have any blood. An easy analogy could be made as far as warfare and terrorism goes - it is much easier to justify fighting among combatants or attacking ill-doers if soldiers or evil-doers are the only victims - when there is massive collateral damage, as when innocent citizens, including women and children, are killed in their hundreds, the warmongers' arguments (whether those warmongers be Israeli, Palestinian or US American) carry far less popular support. <br /><br />There has long been much argument whether Shakespeare was being anti-Semitic in this story. One wonders if he had to adapt the ending for a largely Christian audience who had little dealing with Jewish people. Far from teaching him a greater good, the ending enforces Christianity and humiliation upon Shylock - a course likely simply to perpetuate pent up resentment. Both camps look just as bad - one simply holds more power than the other. The slight amelioration of the judgment simply gives the Christian judges a better public image, or as Bassanio so acutely (observes when choosing the caskets and solving the riddles to win Portia's hand):<br /><br />In religion, What damned error, but some sober brow Will bless it and approve it with a text, Hiding the grossness with fair ornament? There is no vice so simple but assumes Some mark of virtue on his outward parts.<br /><br />Of course, the bigotry applies to organised religion (rather than spirituality), especially when organised for political purposes, but one that easily goads ordinary god-fearing people who are not in the habit of splitting hairs. The kindness, mercy ('Chesed' in Judaism) which is so fundamental to true Christianity, is something also practiced to a wonderful degree in Judaism as in most creeds. The Jewish faith distinguishes between kindness and charity, ways of practicing both effectively, and ways of making it part of one's being rather than just an outward show. Both Shylock and Antonio are bigoted and use their respective faiths to abuse those of another faith. While Shakespeare maybe pointed up the chasm between the goodness prescribed by different faiths and its absence in practice, the film version reduces much of the window for interpretations of anti-Semitism and brings a greater degree of realism to the psychological causes.<br /><br />The keeping of promises (the men to their wives) is dealt with less well, as are the comic elements inherent in the cross-dressing sub-plots. Bassanio, however strong his love for Antonio (are there homosexual elements there?) cannot make sound moral judgements when showing his gratitude to the 'judge', and so breaks his promise (for which Portia forgives him, displaying a triumphal character for women, not only as supremely intelligent and witty but also as more truly merciful and considerate of others than her bigoted male counterparts, including her husband.)<br /><br />Some of the acting is a bit stilted, and there are too many regional (English) accents, but on the whole Merchant of Venice delivers a fresh and rewarding reworking of Shakespeare. I enjoyed the acting, and also the very beautiful soundtrack by Hayley Westenra and others, singing ballads penned both by Shakespeare and Edgar Allen Poe. All in all, Merchant of Venice is a not inconsiderable achievement of British (as far as any film can be said to be of a particular nationality these days) cinematic tradition.",positive
"A nice, humorous mix of music hall (in the first third mostly) and police procedural mystery as the various suspects' stories start to collapse. The final exposure of the murder may come as a surprise if you don't watch closely. A gritty look at Paris of the time. You can ignore the final scene (the Hollywood ending). Louis Jouvet is best as the police inspector who seems to be just passing through, but is really on top of things.",positive
"Okay, now, I know there are millions of Americans who believe in The Rapture: that moment when all people born again in Christ will be raptured up to meet God and all the rest of humanity will be left on earth to perish in plagues and fire and the heartbreak of psoriasis as the Antichrist battles it out with Jesus (in an uncharacteristically warlike mode). And I know the books were best sellers. . .among believers, anyway. And I mean no disrespect to all that.<br /><br />But I have to say, they stuffed this movie into a sack and beat it with the Suck Stick.<br /><br />I'm sure the books are much better. Really.<br /><br />The plot needs no reprising. If you've watched this movie, chances are you read the book. I may be one of the only people on earth who actually watched this just for the sheer bad-moving-making experience, and I wasn't disappointed. Especially not by Kirk Cameron, the creepy little ""Growing Pains"" gremlin, who came of age on that show, found Christ, and decided that the SHOW should reflect his Christian values. Well, Kirk, your career has gone to the dogs, but now you can be happy that you're spreading the word of God in movies so bad, they never even make it to theatrical release. Well, that's not strictly true: I guess this was the only movie ever made that went to DVD FIRST, with a voucher for a free viewing of the movie when it was briefly released in theaters! I still have the voucher! How many people do you suppose showed up? I don't know about you, but it never came to my town. Of course, I live in NYC, where we Godless liberals sit around tearing pages out of the bible and use them to roll joints. So there you go. In fact, I'll bet out of three million people on Manhattan Island, not one would be raptured.<br /><br />Check out the supplementary materials on the DVD, where you'll learn the creepy behind the scenes details of these movies. . .the CAST and CREW all must be of the same religious mindset. They don't come right out and say this, but listen closely to what the filmmakers say. It's like a bunch of Pod People got together to make a Pod movie. How creepazoid is that? Honestly, this stuff just preaches to the converted, doesn't it? Can you imagine anyone who DOESN'T subscribe to the whole apocalypse thing watching this, slapping his forehead and saying, ""HOLY HOOVER DAM! I better get saved PRONTO!"" Anyhow, I'm hooked. I gotta see the rest of these Christian fiasco movies, especially the one with Gary Busey, which I think is TRIBULATIONS. At least Busey has an excuse for taking the part.. . .he cracked his head on some pavement when he crashed his motorcycle.<br /><br />Oy.<br /><br />Oh, and one more thing. What's with all the shots of poor,innocent dogs whimpering, their leashes dragging uselessly along the ground, because their owners have been called to heaven? What's up with that? Are we supposed to feel badly for the dogs, and if we do, what are we to make of God? Doesn't it IRK people that there's no room in heaven for man's best friend? Foo.<br /><br />This is one more reason I'm agnostic. Good night and good luck.",negative
"This movie is incredible.With great characters,specially the old swordsman that can fly in the shape of fireball and jump across the trees,this film tells a classic story of battle between good and forces of evil.The final showdown is specially breathtaking and the music score is kinda cool.<br /><br />Very,very recommendable.Not for the smallest children though.This one deserves a 10.",positive
"Unremarkable and unmemorable remake of an old, celebrated English film. Although it may be overly maligned as a total disaster (which it is not), it never builds any tension and betrays its TV origins. Richard Burton sleepwalks through his role, and Sophia Loren's closed (in this movie) face doesn't display much passion, either. (**)",negative
Anyone who gives this movie less than 8 needs to step outside & puff a couple. Great story.<br /><br />Reality is for people who can't handle drugs.,positive
"I guess I only have myself to blame for the gigantic disillusion that is ""Entrails of a Virgin"". You already know not to expect a cinematic masterpiece when you see a juicy and proudly promoted title like this and the first impression only gets extra confirmed when noticing the film is a mid-80's production from Japan. Now, there are quite a lot of demented and sick filmmakers active in Japan, but Kazuo Komizu surpasses them all with his thoroughly depraved and sickening trilogy revolving on nothing but aggressive sex and the sadistic abuse of young girls. Not even attempting to tell a story, ""Entrails of a Virgin"" simply presents a hodgepodge of UN-arousing semi-pornographic sex and truly poor gore-effects that wouldn't even please the most undemanding fan of cheesy 80's horror. Images of a bunch of photographers and their fashion models are inexplicably intercut with scenes of a filthy pervert having crude sex with a seemly under-aged girl. He dumps her not even a minute after climaxing (typical) and she begs him to stay, even if she has to share him with other women. I don't get it. Is this supposed to represent a general male fantasy? Because it's really clichéd and wrongful. Anyways, back to the bunch of horny photographers and docile models. Surprised by upcoming fog on their way home, the group entrenches themselves in an abandoned country house where they have more appalling sex and eventually fall victim to a ridiculous sex-demon who kills them all. The acting performances are amateurish, the dialogs inane and primitive and Komizu's direction is weak and uninspired. I can tolerate all that, including the woman-unfriendly portrayal of sex, but I came too close to turning the film off during the indescribably mean-spirited wrestling sequence. One of the males brutally hits, kicks and throws around one of the girls and calls her a filthy whore until she literally pees her panties and cries with agony. This sequence is, in my humble opinion, the absolute low-point of Asian exploitation cinema. One to avoid and maybe even boycott.",negative
"This gets a two because I liked it as a kid, but it became so redundant that I just started to hate it... I can't give this a descriptive review because it would be restating one thing after the other, I probably wouldn't say anything that everyone else didn't say already.<br /><br />The only other thing about this show is that it's pretty nasty, with the kid with the boil to that twisted babysitter to the stupidity that runs around and about in it. I have a cousin that loves this show and he's the strangest and dumbest person I have met. This show should be pulled from the air. It's always the same thing over and over... They need to put better shows on Nick. I'm getting really really tired of stuff like this.",negative
"This film is one of the best memories I have from childhood. Having always loved Tigers my Mum took me to see it. <br /><br />It is absolutely amazing. Its is one of those films that leaves a lasting impression on you. The image of Tigers running through the snow with it all spraying around is still in my head some 25 yrs on, not many films have managed that, As other comments have said photography is stunning. A must see. I have also been looking for the film for some time with no luck at all. :-(. Checking Amazon every now and then reveals nothing, not even listed. If anyone does know of a source, please contact me or post here. Tim",positive
"This is absolutely the best movie I have ever watched. At the age of 12 I was up late and ran across the movie. It was on the USA channel, Gilbert Godfrey's Up All Night. I will never forget. At the time my friends and I were really struggling with different issues, some sexual. You know 12 is a very rough and weird age. It seems you are stuck in between being a little girl, and being a young lady. This movie really helped to answer a lot of questions for me. I now have a daughter that is 12. Have been searching for a couple years for this movie. If it ever does come out on DVD I would be the first to buy. Would recommend for any parent to watch this with their child when they reach that very rough and difficult age.",positive
"I rented this some years ago, the video store had only VHS at the time. Straight to video was hitting it's strides (you know, where the box covers use the same font and color schemes of successful films).I didn't know what to expect other than what was printed. First thing I thought while watching was ""what the hells' wrong with the sound?""-Obviously there was no dialogue dubbing. Words echoed, so I stopped munching on whatever I had to pay closer attention-mind you there's no Shakespeare here!,just simple talk. The story is simple enough, boy meets girl etc.. What struck me as humorous and heartfelt was, the people in the movie didn't seem like caricatures written into the story,but rather non-actors plucked temporarily from their real jobs(uniforms included). All the while, you begin to sense what the filmmaker is after,then see that there are no attempts at cheap humor(people hurting their privates,using vulgarities this couldn't have hurt the marketing. There was something honest about it. I thought if they'd have a bigger budget then it would have been better, which i'm sure they considered daily,but, they went ahead and made it. This, I felt, was what independent film-making is all about.The word ""Indy"", is thrown around as if it's a Genre..Ha!..that's funny!",positive
"I just wanted to leave a quick comment as its not listen on here ,but i have just seen this movie,the version I just rented was released in 2005 as far as I know and it was actually called ""Don't go into the attic"" I only realized it was the same movie as Devils Harvest upon searching for some of the actors who looked familiar in the movie. Anyways I'm in Ireland so maybe this has only been released over here and in the UK now,but thats what its called over here..........not really like it matters because I would not recommend this movie.The only words that spring to mind watching it are CHEESE CHEESE CHEESE!! My one mark out of ten is purely for the one little jumpy bit :o)",negative
"One of the unsung gems of the 1980's, Scenes... features razor-sharp satire and outstanding performances from Arnetia Walker (how did she not get a ton of roles after this?)and Wallace Shawn. It's a delicious send-up of class warfare and the people in those classes. The writing is hilarious and the characters, while not subtle, are nuanced. And, sorry, but the Asian gangs (if you can call one Japanese guy extorting one of the other characters a ""gang"") were not put in for ""sociological value"" as another review implies they should been. The value here lies in what the movie is making fun of and in the sparklingly wicked way it does it. I found it creative, funny, and idiosyncratic.",positive
"Both visually and musically stunning. A treat for both the eye and the ear. The quintessential Victorian element of the opening sequences were completely enchanting, helping to create a Christmas scene of which Dickens himself would have been justifiably proud. Technically the production is visually stimulating and the special effects are both imaginatively devised and creatively achieved in a traditional stage setting. The dancing of many of the lead artistes is breathtakingly good. The photography and lighting are first class and the sound recording admirably matches the overall high level of technical skills employed. A great film for all the family at Christmas time and a most delightful discovery which will withstand multiple viewing.",positive
"**SPOILERS** Simple movie about simple people who's problems are far too complex for them to handle.<br /><br />Natalie aka Sara Ravenna, Shirley Knight, has become overwhelmed with married life and the fact that she's now pregnant is the straw that breaks the camel's back. Taking off from her homes in Long Island New York Natalie has no idea where she's going but hopes to find peace and tranquility somewhere in the heartland of America. It's on the Pennsylvania Turnpike that Natalie picks up hitchhiker Jimmie ""Killer"" Kilgannon, James Cann,who seems as lost and confused as she is. As Natalie, calling herself Sara at the time, soon finds out Jimmie had suffered a serious brain concussion while playing football on his collage team and has been reduced to such a simple minded individual who's so passive that he lets everyone, including later in the movie Natalie, step all over him.<br /><br />Sympathetic at first Natalie becomes very annoyed at the self pitying Jimmie for not standing up for himself and letting himself be used as a doormat by everyone he comes in contact with in the movie. Not knowing what to do with the child-like Jimmie Natalie finally gets him a Job in far off Nebraska as a cleaning man at the Reptile Jungle pet market owned and run by, Mr. Alfred, Tom Aldrege. Being the both kind and simple-minded person that he is Jimmie lets all the animals out of their cages causing havoc at the pet store and has him fired by his boss Mr. Alfred.<br /><br />In the meantime Natalie who thought that she was finally through with Jimmie ends up back at the Reptile Jungle when she's given a speeding ticket by traffic cop Gordon, Robert Duvall. It seems that Mr. Alfred is also the acting county judge and is the person that Natalie is to pay her traffic fine to. While all this is happening Gordon-the cop- had developed a strong liking for Natalie and wants to get her in the sack, at his trailer home, the first chance he can. Gordon a widower with a uncontrollable 12 year old daughter Rosalie, Marva Zimmet, needs a mature woman-with lots of lovin'- to make him forget his many social and psychological problems and Natalie is exactly the medicine that the doctor ordered!<br /><br />***SPOILERS*** Wild and shocking final with Gordon going completely out of his mind and attempting to rape Natalie, who refused his drunken advances, which has Jimmie finally get out of his self-pitying stupor and came to her rescue. There's no happy ending here with Natalie saved from being both manhandled and raped by Gordon but Jimmie, who was bouncing Gordon around like a Ping-Pong ball, ending up dead for all his good and noble efforts.<br /><br />Jimmy by far was he most tragic and sympathetic person in the entire movie. All Jimmie wanted was a friend to talk to and spend time with and all he ended up getting was the sh*t end of the stick. By everyone even the one person who at first treated him with kindness and understanding Natalie Ravenna! In the end Jimmie even though he was treated like dirt by everyone despite his willingness not to offend even those who stepped all over him came out as the most likable kindest as at the same time heroic person in the entire film.",positive
"It takes patience to get through David Lynch's eccentric, but-- for a change-- life-affirming chronicle of Alvin Straight's journey, but stick with it. Though it moves as slow as Straight's John Deere, when he meets the kind strangers along his pilgrimage we learn much about the isolation of aging, the painful regrets and secrets, and ultimately the power of family and reconciliation. Richard Farnsworth caps his career with the year's most genuine performance, sad and poetic, flinty and caring. And Sissy Spacek matches him as his ""slow"" daughter Rose who pines over her own private loss while caring for dad. Rarely has a modern film preached so positively about family.",positive
"Dressed to Kill starts off with Kate Miller (Angie Dickinson) having a sexually explicit nightmare, later on that day she visits her psychiatrist Dr. Robert Elliott (Michael Caine) for a session in which she admits to be sexually frustrated & unfulfilled in her current marriage. Kate then visits a museum & picks up a stranger, they go back to his apartment for casual sex, when done Kate is set to leave but is attacked & killed in the buildings elevator by a razor blade wielding blonde woman. Prostitute Liz Blake (Nancy Allen) discovers the gruesome scene & sees the killer but manages to escape. Detective Marino (Dennis Franz) says he suspects Liz as being the killer as there are no other witnesses so Liz teams up with Kate's son Peter (Keith Gordon) to track down the real killer, clear Liz's name & see that justice is done...<br /><br />Written & directed by Brian De Palma I thought Dressed to Kill was a good solid psychological murder mystery. The script is measured & slow at times but it likes to focus on the character's so you really know them, the entire first twenty minutes is just developing Kate as a character before she is suddenly killed off, then the film switches it's attentions to Liz & no one else gets a look in. This way Dressed to Kill is quite absorbing & engaging, unfortunately the character's themselves aren't exactly likable. I found some of the dialogue quite funny at times, especially the dirty talk that Liz spouts occasionally. The killers motives are somewhat plausible but I guess you'd have to be pretty messed up to do anything suggested in Dressed to Kill. It's a good film but it didn't excite me that much & I didn't really find any character to root for or like. The film tacks on a needless & unnecessary twist ending that I didn't really see the point of.<br /><br />Director De Palma directs with style & visual flair, from the art museum sequence to a car chase & as a whole it's impeccably filmed throughout. I'd imagine that every shot in Dressed to Kill had a great deal of thought put into it. I felt the film was a bit flat & uninspired at times though, nothing about it really excited me that much. There is a fair bit of nudity, some sex & rape along with a few bits of gore & violence, Kate's murder by razor blade in the elevator being the highlight, if that's the right word. However, it's by no means as shocking or controversial when viewed today as many would have you believe.<br /><br />With a supposed budget of about $6,500,000 Dressed to Kill has that glossy high production value feel of a Hollywood film. The New York locations are nice, the cinematography is good & as a whole it's extremely well made. I thought the music was inappropriate & was far to loud & intrusive. The acting is OK but despite his top billing I didn't think Caine had that much screen time. Allen was married to director De Palma at the time Dressed to Kill was made, interestingly out of the four films she appeared in made by De Palma in two of them, this & Blow Out (1981), he cast her as a prostitute... A body double was used for Dickinson as she pleasures herself in a shower at the start.<br /><br />Dressed to Kill is a good thriller that is well worth watching but I didn't think it quite lived up to it's lofty reputation. Good but not brilliant.",positive
"I'm disappointed at the lack of posts on this surprising and effective little film. Jordi Mollà, probably best known for his role as Diego in Ted Demme's ""Blow"" Writes, directs, and stars.<br /><br />I won't give away any plot points, as the movie (at least for me) was very exciting having not known anything about it.. If you have a netflix account, or have access to a video store that would carry it...I highly recommend it. It's a crazy, fun, and sometimes very thought provoking creation.<br /><br />Mollà's direction is *quite* impressive and shows a lot of promise.<br /><br />Unpredictable, with amazing imagery and a great lead performance spoken in beautiful Spanish ""No somos nadie"" (God is on Air) is an amazing film you can show off to your friends.<br /><br />SEE IT.",positive
"I remember having a pretty low regard for a venture like this when it was first released. James ""Not Jim"" Belushi, a hammy kid actress, and a cheesy title in a John Hughes formula. You couldn't have paid me to see it 15 years ago. But, I got caught up watching it while wasting away a Sunday afternoon, and it hits me on a couple of levels. The fairy tale (part Pretty Woman, part reverse Pretty Woman), the very vulnerable, Elizabeth_Perkins_in_Miracle_On_42nd_Street -like performance by Kelly Lynch, the escapism. Over all, it gently pulls some very nice strings. It's pretty hard not to fall into the story, develop a crush on Kelly Lynch, identify with James Belushi, dislike the stiff bad guy boyfriend, and laugh at the Curley Sue lines. Has all the ups and downs, with a happy ending, and the kind of message you want to hear. Go ahead, waste your time on this movie, it's worth it.",positive
"Men In Black 2 was a real disappointment for me. While the actors did a pretty good job, especially Smith, there just isn't a cure for a poor script once in production. The movie really had a ""sequel"" kind of feel, playing off partial events of the first film. The story was, in a word... bad, at best. It wasn't thought out well, and seemed very choppy and incoherent at times.<br /><br />In the first flick, the MIB Organization had a kind of ""elite"" force feel. You had a few special agents, and it had a ""clandestine"" kind of feel to it. In the sequel, the MIB Organization has a JROTC Summer Camp vibe.<br /><br />The movie wasn't terrible or anything.. it just lacked the ""coolness"" (for lack of a better phrase) of the first movie. A lot of the same old humor was recycled from the first to the second, and didn't really add any originality to the MIB Universe.<br /><br />A perfect analogy would be Episode 1 to the first 3 films. Was it decent? Yeah. Is it worthy of bearing it's title? Not really.",negative
"I had never heard of Dead Man's Bounty when I saw it at the DVD store a few weeks ago, and I thought I had stumbled upon an unrecognized gem, since it had Val Kilmer in it in a truly unique role. Sadly, it wasn't more than ten or fifteen minutes into the movie that I realized that this is a disaster of epic proportions. The first clue you will see of how genuinely awful this movie is comes near the beginning, when you have a bunch of dirtbags in an old saloon laughing like a bunch of hyenas in a scene that goes on about five times too long. It's unbelievable how bad it is. And sadly, it doesn't get any better.<br /><br />Val Kilmer is featured prominently on the movie's cover box, maybe to trick you into thinking that he has a role in the film, but unfortunately his bizarre role as a dead man is overlooked in favor of focusing on a bunch of half-wit crooks and the most inept conceptualization of a unique town sheriff that I've ever seen in a movie. He's played by Boguslaw Linda, who is unable to or uninterested in covering his Polish accent, immediately making it impossible that the movie is meant to take place in the American old west. <br /><br />Does Poland have this type of frontier past? I don't know. My knowledge of Polish history is not my strong point, but I can tell you this, The Sheriff, as he is known in the movie, is the worst representation of law enforcement that I can ever remember seeing in a movie. He is introduced in a truly ridiculous scene where he is wearing some kind of blindfold and a roomful of men take turns punching him in the face. Before they start hitting him, he explains that they can each hit him once, and then, after the first round, they will each hit him again, and if he can identify who is throwing the punches, they lose. What the hell is this crap? I am completely at a loss to explain why a scene like this would ever be put into any movie. <br /><br />Throughout the movie, the Sheriff continues to appear more and more beaten and bruised and drunk and battered, until ultimately he does nothing but show up occasionally, stumbling on screen and mumbling ""notwithout...the law"" You see, there is a lot of talk and preparation for a hanging, the details of which are as meaningless as the rest of the movie. <br /><br />It takes place, by the way, in a town that consists of nothing more than two ramshackle wooden buildings facing each other across a flattened bit of dirt that is more of a path than a road. My understanding is that it is a part of Poland that is supposed to look acceptably enough like the American southwest, where none of the characters, except maybe the dead guy, could possibly have come from.<br /><br />I have heard that Val Kilmer accepted the role because he was intrigued by his unique role, and also by director Uklanski's minimal use of dialogue in favor of a reliance on cleverly timed juxtaposition of images in unique visual montages. <br /><br />Yeah, whatever. <br /><br />Seems to me that Kilimer was unable to overcome what must have been the truly satisfying feeling that he must have gotten when he was offered the role. Personally, I would really feel that I had reached quite some level of success if someone approached me and offered me probably a few hundred thousand dollars to come and lay still for a while. I like to think that he didn't even read the script for this mess, because if he did I am at a total loss to understand why he accepted the role.<br /><br />At any rate, the movie opens with a man bringing in the corpse of a man, played by Kilmer, seeking the reward. Soon he finds himself embroiled in a ludicrous love story involving the town prostitute, the alcoholic Sheriff, and lots of mayhem involving a series of stupid, stupid characters. <br /><br />There is also a extensive and preposterous lack of understanding of American rituals. In one scene, a man cuts a cherry tomato in half and squishes the halves into Kilmer's eyes (for what reason, I can't imagine), and then later, a man makes a short speech over Kilmer's corpse, in which he explains that he was ""one of the finest men we ever had,"" and then he proceeds to lop his head off with a shovel. What the HELL?? <br /><br />Not convinced yet? Here are some more reasons not to watch it. In one scene the Sheriff appears to be covered with ash, except for the perfectly clean areas around his eyes and what can only possibly be described as bright red lipstick. A man gets a head wound that drenches his head and body in blood. In a daze, he cauterizes it with gunpowder. Smart. Near the end, the Sheriff appears to have a broken arm. Sitting at the bar, he puts a rope around his neck and connects it to his injured arm, and uses his good arm to pull on the rope, lifting his shaking beer glass in his bad arm to his mouth, rather than using his good arm to drink. Also smart. <br /><br />Why doesn't he just use his good arm? I have no idea. That, like everything else in the movie, makes no sense whatsoever, like the title. Summer Love? Are you kidding me? Avoid this mess at all costs. <br /><br />In the meantime, here's something for the IMDb Goofs page  <br /><br />Errors made by characters (possibly deliberate errors by the filmmakers) : This movie got made. HA!",negative
"Why is it that in the '50s and '60s, Italians made so of the best movies, and then during the '70s and '80s, made nothing but zombie and cannibal movies? Probably because art films didn't make any money. , The Cannibal Movie, unlike the Zombie Movie, which was created by Americans and `exploited' by Italians, is a purely Italian creation, designed as a mondo exploitation showcase, and to make as much money as possible (no artistic integrity getting in the way here). Eaten Alive came during the Cannibal Movie heyday. The director, Umberto Lenzi, hadn't even hit his stride yet; his genre classic, Cannibal Ferox, was still a year away.<br /><br />In plotting similar to (read: ripped off from) Ruggero Deodato's seminal cannibal classic, Cannibal Holocaust, a woman (Janet Agren) receives word from the police that they've received a 8mm film from her sister. She's gone missing in Africa, and it's suspected that the tribal ritual depicted on the film may have something to do with it. Mel Ferrer, as a Professor of Somethingoranother, tells her that a man named Jonas (Ivan Rassimov) has started a Jonestown-like cult in New Guinea, and that's where the sister is. The woman hires a guide (Robert Kerman) to take her through the jungle to find the cult and her sister. And, wouldn't you know it, the jungle is full of cannibals. <br /><br />One sentence should sum it up: if you've seen on Cannibal Movie, you've seen them all, mostly because these films steal shamelessly from each other (Lenzi copied Cannibal Holocaust to make this film, and retooled this to make Cannibal Ferox; Deodato copied parts of this for Hit and Run). And because they all share the same material, they all feature the same traits: awful photography, boring scenery, terrible dubbing, overacting, and exploitation, exploitation, exploitation. Genre fans will have a ball since everyone in it is a genre veteran. Rassimov and Kerman have a scenery eating contest. Agren exists solely to be naked, raped, or in peril. Plenty o' gore for all the sickos out there. The cannibals, who do actually appear to be native cannibals, eat lunch met disguised as human flesh. And, in the grand tradition of Cannibal Movies, any live animal shown onscreen is usually killed shortly thereafter. Overall, really not a good experience, but I'm sure there are psychopaths out there who find this excrement entertaining. I know I did.",negative
"I happened upon a rare copy of this early Almodovar film with high expectations - Almodovar is a prolific contemporary director, I enjoyed his 1988 film ""Women on the Verge of a Nervous Breakdown"", and I had read one or two very positive reviews of the film. Well, I must have missed completely the humor that the reviewers saw in this film. I just found it incoherent, tasteless, and boring. Yes, there are plenty of innuendos, people in drag, and crude sexual situations, and yes, these elements may have shocked audiences in 1982 (which was almost certainly Almodovar's intention), but much of the shock value has probably eroded over the years, leaving a limp storyline. Beyond that, the whole movie seemed very chaotic, none of the characters were particularly sympathetic, and for a ""comedy"" - even a dark one - I just didn't find this film funny. I suppose it is possible there is a VERY select audience for a film like this, but I'm just not part of that audience, and not sure that I want to be.",negative
"This movie starts out with kids telling each other urban legends such as the poodle in the microwave and getting something extra at a chicken place. Unfortunately, it then turns to your basic anthology movie. The first being about a janitor with a bit of a secret. This one is okay at best. Then it gets worse as the next story about this kid obsessed with dead flies is on and it goes on and on and on. It is way to long and not all that interesting to begin with. After that you get the typical shock scene and it ends. You need more than this in an anthology movie. You need at least three stories and one shouldn't be so long it becomes dreadfully uninteresting especially considering you can see how it is going to end a mile away.",negative
"Trifling romantic drama directed by Clint Eastwood about the loving relationship which grows between a comely hippie (Kay Lenz) and a Los Angeles real estate agent in his golden years (William Holden, surprisingly affable within this highly-concocted arrangement). The script is slight but not without some thoughtful passages; still, the scenario is such a middle-aged cliché by now that most of the picture comes off as puerile. It may have worked much better with different leads: Holden and Lenz don't match up well (her stature is so slight he seems to tower over her), making their intimate scenes less stirring than simply uncomfortable. Dated, blurry-romantic, and mostly unmemorable. ** from ****",negative
"First I was caught totally off guard by the film's initial lyricism and then I became totally enchanted with the unfolding story and engrossed with the brilliant directing. The characters were all fully developed, not bigger-than-life but just like the people we live among anywhere we are in the world, in Sweden, in Turkey or in America, all completely believable human beings with foibles and nobility. Hollywood could learn so much from this beautiful film. It shows that there is no need to go into every little detail behind every action to bring out the whole theme clear and bright, and that shows the brilliance of the director! Hearfelt thanks to Kay Pollak and the wonderful cast for this superb treat!!",positive
"Would someone tell shaq to stick to what he is good at basketball. This movie was not even entertaining on a stupid level. In this movie shaq plays a genie who lives in a boom box is that not orginal a genie in a boom box instead of a lamp. He is supposed to help a little boy played by the equally annoying francais cappra. This movie had the most flimsy storyline since water world, the acting was awful and I think that anyone who likes this flim would be afraid to admit it.",negative
"This sad little film bears little similarity to the 1971 Broadway revival that was such a 'nostalgic' hit. Keep in mind that when Burt Shevelove directed that revival, he rewrote the book extensively. I have a feeling that this screenwriter wrought as much of a change from the original 1925 version as well. I played the 'innocent philanderer' Jimmy Smith on-stage in 1974, and thought this $1 DVD would bring back memories. Not a chance. Even the anticipated delight of seeing ""Topper"" Roland Young play 'my' part was a major disappointment. Three songs from the play remain, and are done very poorly. Even the classic duet, ""Tea For Two"", is done as a virtual solo. The many familiar faces in this 1940 fiasco do not do themselves proud at all, and the star, Anna Neagle, just embarrasses herself. When I feel gypped by spending a dollar, I know the film must be bad. Another commentator mentioned the Doris Day version, which is actually called ""Tea For Two"" and is about doing the stage play (the original, of course), so those who are seeking the true ""No No Nanette"" might find a more recognizable version there.",negative
"Okay, if you discount the production value, the ugly outfits, and the big hair, this adaptation is still far inferior to the 90's version. First Ann Firbank (playing Anne Elliot), is literally ten years too old to play this role and her acting leaves much to be desired. Amanda Root (playing the same role in the 90's version) can express more in her big, brown eyes than Firbank can with her entire face in a four hour production. Anne is turned into a peevish, whining, boring character (and what was with the scene during the `long walk' where she stops to spout off poetry?). Henrietta and Louisa looked so much alike that the only time I could tell them apart was when they stood next to each other (Henrietta was taller). And Louisa! Never was there a more obnoxious character! It was ridiculous to think that Wentworth was supposed to be interested in her. She is supposed to be high spirited and pretty and charming, not stupid and silly with her ridiculous laugh that's like nails on a chalkboard. When she starts to chant, `to Lyme, to Lyme, to Lyme,' I started yelling, `shut up, shut up, shut up!' The best part of the movie was when Louisa falls those three feet at the cobb because I knew I wouldn't have to see her anymore in the movie. Speaking of the fall at the cobb scene; it was the mose poorly acted, badly directed and edited scene of the entire film. How does a person fall three feet down, land on her feet, and still be knocked unconscious?<br /><br />On the plus size, the character of Elizabeth was much closer to the book than in the 90's version. They also put in many more scenes with Anne and Frederick at the end.<br /><br />I'll admit, I have bought this movie, even though I knew how sub par it was, but I'm a huge Austen fan, so I'll buy any movie adapted from one of her novels. Watch this move if you're morbidly curious, or to appreciate the 90's version even more.<br /><br />The bottom line is, this version may follow the letter of the novel, but the 90's version follows the spirit.",negative
"i liked this film a lot. it's dark, it's not a bullet-dodging, car-chasing numb your brain action movie. a lot of the characters backgrounds and motivations are kinda vague, leaving the viewer to come to their own conclusions. it's nice to see a movie where the director allows the viewer to make up their own minds.<br /><br />in the end, motivated by love or vengeance, or a desire to repent - he does what he feels is ""right"". 'will god ever forgive us for what we've done?' - it's not a question mortal men can answer - so he does what he feels he has to do, what he's good at, what he's been trained to do.<br /><br />denzel washington is a great actor - i honestly can't think of one bad movie he's done - and he's got a great supporting cast. i would thoroughly recommend this movie to anyone.",positive
"The last of the ""Airport"" sequels. This has Alain Delon and George Kennedy (who was in all the Airport movies) as pilots; David Warner (!!!) as the radio engineer; Susan Blakely as a newswoman targeted for death; Robert Wagner as a brilliant scientist (stop laughing!); Eddie Albert as a president of the airlines; Charo in a dreadful ""comical"" bit; John Davidson as a newsman (love how his hair stays in place even AFTER the plane turns upside down!); poor Martha Raye is humiliated; Cicely Tyson plays a mother who is flying a heart for her dying son (stop rolling your eyes!); Jimmie Walker as a clarinet player (what did I say about not laughing?); Mercedes McCambridge as a Russian gymnastics coach (OK you can laugh at that one); Bibi Andresson as a hooker and Sylvia Kristel and Sybil Danning as love interests.<br /><br />Just pathetic. Full of stupid plots and dialogue that will have you roaring--watch for Davidson getting ""married"" on the plane near the end! The Concorde is taking all these people to Russia. They're attacked with missiles, escape, land safely in France and TAKE OFF AGAIN the very next day!!!! Don't you think the flight would have been cancelled or something? Most of the acting is terrible--McCambridge is a sight to behold in a red fright wig and a horrible fake accent. The only good acting is from Kennedy and Delon (looking fantastic) who gives a very engaging performance. Still that's not enough to make you sit through this drivel. Too long and lousy special effects too. This was a mega-bomb and (thankfully) stopped Universal from doing anymore.",negative
"To make any film about the supposed end of the world, there should be some facts & realism 1. We are never told why these people believe this. 2.Location is New Years Eve In Toronto Canada . SO PLEASE SOME ONE TELL ME WHY WAS THEN STILL SHINING AT MIDNIGHT & WHY(based on the costumes) DID IT SEEM LIKE SEPTEMBER<br /><br />3. The acting was in that neo-au-natural style, that needed a director who knew how to do it.<br /><br />4. the individual story pieces were all dreary & without any purpose. I could go on, But I do not want to make this as boring as the film.<br /><br /> rating *1/2 (out of 4) 2 on IMDB scale<br /><br />thank you I am as always<br /><br /> JAY HARRIS (aka)SIRBOSSMAN",negative
"As if the world hadn't already got enough cheap Jaws imitations, writer Boaz Davidson decided to make the sequel to his ropey-but-reasonably-enjoyable creature-feature Octopus a complete rip-off of Spielberg's classic, right down to having a concerned cop who no-one believes, and a mayor more worried about his 4th July celebrations than people's lives.<br /><br />Even in the hands of an extremely skilled director, it is unlikely that this derivative rubbish could have been anything other than hokey B-movie garbage, but with Yossi Wein (yes THE Yossi Wein!) calling the shots behind the camera, a man with a fraction of Mr.Spielberg's talent (I estimate about 1/10000th), Octopus 2 is guaranteed to be every bit as bad as one might imagine!<br /><br />The predictable and extremely clichéd plot isn't worth describing in much detail (substitute Jaws' Amity Island with New York, and Bruce the Shark with a giant rubber octopus and you'll get the gist), although several points about the film are definitely worth mentioning, simply because they are so funny: all of the octopus attacks involve the actors struggling to make incredibly fake-looking giant tentacles look real, which is hilarious to behold; Bulgaria's capital, Sofia, unconvincingly stands in for New York, and overuse of stock footage makes the illusion even less convincing; best of all, a silly dream sequence that sees the rubber octopus attacking our hero atop the Statue of Liberty, is not only gut-bustingly stupid but also features some truly dreadful special effects.<br /><br />Davidson's script also doesn't know when to quit: there are several points in this film at which it could've (and probably should've) ended, but the action goes on and on, with the octopus surviving several explosions, and causing a tunnel to collapse (trapping the film's love interest and a bunch of kids), before finally being blown to smithereens by the hero.<br /><br />Sometimes very silly, always awful technically, but never actually scary, this STV stinker may find fans amongst those who actively seek out cinematic trash. Most normal people, however, would be advised to steer well clear.",negative
"I saw this flick on the big screen as a kid and loved it -- cheeziness and all. Recently, I found a copy on video and checked it out again. Badly made, sure... schlocky fun, most definitely. It still packs an entertaining punch. It's much more fun than the dull Disney version (""Alive""). The only thing ""Alive"" did better were the special effects. If you're a lover of B-movies, I highly recommend ""Survive"", not to mention all the other Rene Cardona Jnr movies... and the Mexican wrestling flicks made by his father (Rene Cardona Snr). ""Survive"" is long overdue for DVD special edition treatment. Are you listening, all you kind folk, at Anchor Bay...?",positive
"Surely the Gershwin family realizes this is one of America's greatest opera. You have thousands of fans of this opera waiting for it to be released on DVD. Please don't be so stubborn, give us a break. Think of the joy and wonder you can bring to a starved public for quality music, by releasing this great GEM. Don't wait until the film is beyond repair. The cast is first rate, the music is just awesome, we need beautiful music in today's world. It may never be filmed again with such a great cast again. With today's home theater systems,wonderful sound systems and need for great music, I'm pleading with the Gershwin family to reconsider and release this awesome movie. Thanks So Much",positive
"Hitch is a light-hearted comedy that will entertain you with some fine performances. Will Smith turns in a believable performance as a cloak and dagger Date Doctor who must remain invisible to protect his clients and his profession. Smith was excellent, never schmaltzing it up too much.<br /><br />The best piece of acting goes to the actor (don't know name) playing this accountant who has fallen for this woman who is out of his league. This actor did an excellent job of character development as he listens to Smith's directions, but in the end, just can't help being who he really is.<br /><br />And in the end, that's the main message of this film. Be who you are in love, and you'll be OK.<br /><br />At the same time, Will Smith meets this attractive lady and the Date Doctor gets a taste of his own medicine as he slowly falls for this woman. Don't know her name, but she was pretty good too.<br /><br />Overall, this was a delightful, light movie that is definitely worth seeing.",positive
"Co-directed by and starring Rutger Hauer, this film short was based on a short story by Dutch writer Harry Murlisch.<br /><br />In the 10 minutes of the film's length you will get to see a life-time as 'Harry' unravels his long-time fascination with a room he passes constantly in his youth. Returning to the city many years later he finds he has rented the same room.<br /><br />Using black and white film the textures are accentuated in this delicate telling of a tale. The voice of 'Harry' drawing you into his world.<br /><br />A subtle, tight performance from Rutger Hauer and 2 non-speaking characters. Wonderful soundtrack by Dutch musician Dyzack.<br /><br />At the moment difficult to see this movie as it is only available on DVD region 2 ""L'infidele"" (Liv Ullman) as a bonus track. But is due to be on the re-released DVD of ""The Hitcher"" - another tight, but very different performance from Hauer!<br /><br />See this film if you can!",positive
"A Lassie movie which should have been ""put to sleep"".... FOREVER. That's how I'd describe this painfully dreary time-waster of a film. So mediocre in every aspect that it just becomes a dull, uninteresting mess, this is one of the most forgettable movies I've seen. It isn't even an achievement as a ""so-bad-it's-good"" or ""so-bad-it's-memorable"" movie. The idea of Lassie turning bad is intriguing but so little actually happens, and so slowly, that you feel your life slipping away while sitting there, watching the non-actors read their lines off cue cards waiting for their measly paychecks.<br /><br />It's an empty, hollow shell of a movie. Seriously, it's not worth wasting your, or your kid's time on. Unless you're both heavily medicated. That's all I have to say.<br /><br />Avoid, avoid, avoid! It will drive you barking mad! Hahahah, get it? BARKING! Hahahahahahaha! <br /><br />Sorry, I've had a rough week.",negative
"Thursday June 9, 6:45pm Broadway Performance Hall & Saturday June 11, 1:45pm Broadway Performance Hall<br /><br />Bless the independent filmmaker. Without them we'd see nothing but Spielberg the Farrelly brothers and films based on old sitcoms. They are the risk takers. They reap the rewards of success and suffer the failures. Max and Grace is most definitely a failure. Credit is deserved by Michael Parness for getting out there and making his first feature which he claims drove him to bankruptcy. He might be better off sticking to the stage if this film is any indication of what to expect in the future. Even though everyone warned me I went to see Max and Grace anyway, hoping I might discover something they did not. It starts off well enough, a party for Max in his parent's house shot in warm subdued light, the camera floating into interesting angles. As soon as we see Max has hung himself, an obvious rip-off of Harold and Maude, the whole thing goes right in the tank. How could he do this unnoticed in the middle of a birthday party? For that matter how could two mentally ill and committed psychiatric patients decide to get married and do it with the blessings of all parties concerned? In the Q&A after the film David Krumholtz suggested the entire story was the surrealist dream of his character Max. This story is so badly written the comment sounded more like an excuse. The film doesn't look as though it was made on a shoestring, all the more reason to be so disappointed with the results. What's intended as funny isn't but instead is offensively bad. The continuity is sloppy the lighting is dreadful and the effects look cheap and forced. BPH seats under three hundred and was surprisingly full but I saw at least thirty or forty walkouts within the first half-hour. At one point Grace, played by Natasha Lyonne, laments her inability to die. I found myself thinking the same thing since I never walk out before the credits. If Krumholtz really thinks this is ""one of the best scripts"" he has ever read it sounds like he needs to catch up on his reading. A terrible waste of talent and resources, this is the worst independent I've seen since Bubba-Ho-tep.",negative
"""Yes, Georgio"" is a light-hearted and enjoyable movie/comedy that contains beautiful settings and beautiful music. It's not my favorite movie but it is a movie I have enjoyed seeing more than once. Some reviewers suggested if one wished to enjoy Pavarotti, they would likely be better served by picking up an opera DVD. Although, a full opera might be a better representation of Pavarotti's operatic talents, oftentimes, an opera requires costumes and has story lines that completely hide the appearance and nature of the person. ""Yes, Georgio"" permits Pavarotti to use his speaking voice and to exhibit a personality and character in ways an opera would not.<br /><br />Many reviewers seemed to find the story unbelievable; I don't agree. Enormously talented people can be both self-centered and charming - charming enough to captivate intelligent and beautiful people. Additionally, people who are very different from one other often gain insights about themselves and grow in positive ways from interacting with people who stretch them or take them in directions they might not have chosen on their own. Both Georgio and Pamela become more open to unexplored parts of themselves in relationship with the other.<br /><br />Relax and let yourself go into a visually and aurally rewarding film with Pavarotti at the peak of his vocal abilities. The ending scenes from Puccini's Turandot alone are worth the time to get there.",positive
"Although time has revealed how some of the effects were done this story of love and adventure still is special.<br /><br />If you've never seen this film before you'll be shocked at how much has been stolen by later film makers. I was watching this with a friend who was amazed at how much Disney's Aladdin cribbed from the film. They loved the movie and enjoyed that it was such a touchstone for so many other films and film makers.<br /><br />I've given the film an 8 out of 10 instead of a 10 out of ten, which is where a good portion of this film dwells, because in the final 15 minutes the film falls apart in the pacing. Everything is rushed as if they has to suddenly get to the end. From the point from the departure of the djinn to the end it appears to be more sketch then finished painting. It doesn't kill the film, but it does weaken it.<br /><br />Still its required viewing for anyone who loves a good fairy tale, or even a great movie.",positive
"Long before Tim LaHaye and Jerry B. Jenkins would shake the world of the Christian subculture (and make millions in the process) with the LEFT BEHIND books, MARK IV Pictures, the Christian film distribution company of the Billy Graham evangelistic association, gave us this masterwork. What I love most about this genre is its incredible attention to detail, sitting in a living room. Instead of taking us to the dramatic scenes of this ""post-rapture"" tribulation, we sit in the living room, hearing about it on the news because the filmmakers can't afford to show it. The film's premise is grounded in Pre-Millenial, pre-Tribulation eschatalogy, believing that Christ comes once for the secret taking of the true church, and then comes again at the end of the seven years of hell on earth. What used to terrify me in junior high now makes me laugh. The intriguing adventures of Patty and her journey throughout the tribulation (and two of the film's three sequels) tells her remarkable story of unbelief and ultimately damnation. I hate to admit it, but I still thoroughly enjoy watching this. It even has the SAME EXACT score of Monty Python and the Holy Grail. I think I'm the only person in history to make that observation.",positive
"One used to say, concerning Nathaniel Hawthorne, that his failures were more interesting than his successes. I believe that the same remark could suit to McDonald-Eddy's pictures. And especially this one. <br /><br />It apparently possesses many characteristics of a failed movie: it's kitsch, the script, because of censorship, sounds inconsistent Yet, this movie gets also some good points: good Rodgers-Hart's music (""I married an angel"", ""Tira tira tira la""), good acting with E.E.Horton and Reginald Owen. <br /><br />Anyway, if you may dislike it, you can't forget it. This strange movie actually leaves a very strong, dreamlike, impression, and you are very likely to keep it in mind for days, maybe for weeks. Why? In the thirties and the beginning of the forties, movies didn't have the same mean than today: it aimed, like a dream, to divert the public in order to make it forget a difficult reality. Of all the the dream-movies that was made, in that time, this one stands as particularly powerful.<br /><br />In short, let's say that the better way to appreciate this movie, is to watch it without wondering whether it's good or bad. To watch it, like you would watch a dream.",positive
"This was a superb episode, one of the best of both seasons. Down right horror for a change, with a story that is way way above the average MOH episodes, if there is such a thing. A man's wife is almost burned to death in a tragic car wreck, in which he was driving. His airbag worked, her's didn't. She is burned beyond recognition (great makeup btw), and not given much of a chance to live without a full skin graft. BUT, even in a coma, she keeps dying but brought back by modern technology, and when she does die for a few minutes, her ghost appears as a very vengeful spirit. Carnage of course ensues, and also some extremely gory killings, and also, some extremely sexy scenes. What more could you ask for, you might ask? Well, not much, because this baby has it all, and a very satirical ending, that should leave a smile on most viewers faces. I just loved Rob Schmidt's (Wrong Turn) direction too, he has a great knack for horror. Excellent episode, this is one I'm buying for sure.",positive
"Loony Tunes have ventured (at least) twice into the future. The first time was with the brilliantly funny ""Duck Dodgers"". The latter time was with this  um  effort. ""Loonatics Unleashed"" isn't without merit, and might be considered a good product were it not that it isn't up to Warner Brothers quality. WB cartoons are noted for their cheeky humor, appealing at least as much to adults as to children. These pedestrian superhero episodes, on the other hand, cannot fail to convince adults to pass them up.<br /><br />The premise of the series is that 6 ordinary individuals (2 bunnies, a Tasmanian devil, a duck, a roadrunner, and a coyote) live on the ""city-planet"" of Acmetropolis and acquire super powers when a meteor strikes the planet in 2772. What's confusing is that the titles section features these individuals with a count-up to 2772 from the 21st Century. Cute, but frelling stupid.<br /><br />In each episode, the super sextet  amid mildly amusing but essentially banal banter  fight various super villains. For the most part, these are types that appear in every mediocre superhero adventure series and even some of the better ones. Like many mediocre superhero series, this one takes its villains far too seriously for the context. And of course these guys are the only characters that laugh  the usual evil laugh, of course. Why is it that villains in predictable superhero adventures always  ALWAYS  laugh evilly at every opportunity? Animated material of this sort seems to leave laughter exclusively in the province of villains and (occasionally) their henchpeople and/or henchthings.<br /><br />In point of fact, the makers of this series missed their best bets right from the get-go. The superpowers of the characters are sometimes based on their previous normal abilities, but sometimes not. The problem here is that we don't see enough WB looniness. Lexi and Ace have fairly ordinary biologically generated energy weapons and have virtually no personality traits one could describe as ""Bugs-like"". What we have here is basically the silly and drekish ""Teen Titans"", including its overly ""modern"" animation ""look"", but with animals. Feh.<br /><br />The other misstep by the program's creators is (or are) the villains. As noted before, these are not terribly imaginative and do the evil-laugh bit excessively. Amazingly, the writers totally missed the obvious technique of making villains from stock WB characters as well as the protagonists. Adding to the fun could have been, say, Jupiter Sam  as well as The Fudd, still hunting wabbits  as well as Tech E. Coyote converted into a really neurotic villain  and so on. Ah, the sadness of missed opportunities.<br /><br />Sadly, this whole production has gone into too much overtime (that is, a 2nd season). Nevertheless, we can rejoice that there's something new out there for the 14-going-on-9 crowd. The rest of us can hope for a 3rd season of Duck Dodgers.",negative
"This filmmaker wanted to make a movie without having a story to tell -- and did so. Really awful jumble of unlikely/unexplained coincidences and unidentifiable plot line, all without character or clear motivation.<br /><br />We get cliché snapshots instead of characters. One in particular is the diminutive and beautiful crime boss, who projects an overdone ""tough guy"" persona and casts a cartoonish shadow of intimidation over the actual tough guys who have been brought in to work for her. Nothing much startling to look at in the film except for one shot when the boys hit the road and one of them carries a tiny suitcase (as in, the smallest from a complete American Tourister set) in a bright, sky blue, without explanation or apology. Otherwise it's standard visually -- one other exception is a compelling shot of a beautiful bridge in CT.",negative
"Maybe it was the fact that I saw Spider-man the day before I saw Duces Wild, but I do not think that there can be any excuse for this movie being as bad as it was. The cast was there to do it, but it seemed as if once they found them selves with a decent cast they had to try and make them fit into the movie. The only problem was that they did not fit. I did not like any of the characters and the story was sketchy at best. I left wondering why i spent my money on this movie.",negative
"Edward Dmytryk directed this shadowy movie about a murder investigation involving demobilized military personnel. Robert Young gets to lecture us about hatred, Robert Mitchum walks through most of this picture, and Gloria Grahame revisits the feistiness she exhibited in ""It's A Wonderful Life."" It's Robert Ryan who gets at the heart of the matter: anti-semiticism. He goes so deep into his role as Monty Montgomery (Imagine parents named Lawrence calling their son Larry!), that the drama sits squarely on his shoulders, and he is more than up to the challenge. Without him, the movie would be commonplace. Ryan has played a number of memorable villains in his day (""Bad Day at Black Rock;"" ""Billy Budd""), but this performance put him on the map. With Sam Levene as the murder victim.",positive
"I thought the movie was extremely funny and actually very interesting. It was raw and honest and felt as if I was really watching the ""real people"" not actors. It's great entertainment, it also painted the people as human on our level not below us. It is a very good film.",positive
"This movie is the worst thing ever created by humans. You think manos is the worst movie ever? It doesn't even come close to this garbage. I dont even know where to begin. The ""russian"" commander and the rebel chic are the worst ""actors"" ever to appear in a movie. They make the sister in troll 2 look like Meryl Streep. The goofy faces the chic makes while she's in kung fu training have to be seen to be believed. Then there is the oompa music during the prison break, the totally out of place love scene, the stupid song that plays during the out of place love scene, the fake castro, the fact that everybody has either a headband and/or a bandanna on some part of their body, the goofiest rape scene ever filmed, and the worst acting ever put on film. This movie deserves to be more well known among bad movie fans. Definitely the worst movie ever made.",negative
"Gamers: DR is not a fancy made movie, it's more like amateur video. Horrible magic effect, really fake fireball, terribly made dungeon, castle, village...... sword, axe, shield, robe, plate..... okok... everything. You will need about 10 minutes to adjust your expecting on visual, then you will get 105 minutes of fun.<br /><br />I'm from Hongkong and it's really hard to find RPers, none of my friends play RPG and I always fancy to be one of the character in the world of D&D. Watching Gamers: DR just show me what would it be like to be a gamer. You see rule books, dices, game set, etc etc etc; You hear terms like ""fighter"", ""wizard"", ""hit point"", ""level"", ""character"", ""flaming hand"", ""Chaotic Evil"".<br /><br />What RPG fancy me is that it let you do anything u want to, not bonded by software RPG. Gamers: DR provide the same element, you wont know what happen next and it probably just make you laugh to dead. The movie goes both gamers's real life as well as in the D&D world. You will hear the gamer cast the dice when the character in game take action, which make you feel you really participle in the game.<br /><br />I don't want to spoil anything, but in short, Gamers: DR is a must watch movie for RPG lovers. For people never play RPG game, I'm sure you still get many fun from it.",positive
"A truly dreadful film. I did not know initially that this was a Kiwi effort - but very soon I started to realize that all the characters were speaking with hardly disguised kiwi accents under the fake American ones. Why did it need to be set n America anyway? - it could have been set in NZ and then the actors could have used their normal voices. Surely someone in the production team could hear the dreadful attempts at speaking with American accents? A bad bad film. I am surprised it has lasted this long - how did it make it out of the can? It just seemed like a very poor attempt at a Segal/Willis type action man flick.A TOTAL WASTE OF MONEY! If there was any TAXPAYER money in this piece of trash, I would be leading a revolution to have all the money put back into the Treasury. I am still reeling (get it? pun, reeling!) at the absolute garbage I have just seen. Why did I continue to watch? Well, I am a movie fanatic and cant help ,myself!",negative
"The film attempts to be a mockumentary--shot in the documentary form but with many obviously scripted parts--but fails in not providing the audience with any characters with which to create the illusion of the mockumentary. Also, the film purports to be about finding real love in Los Angeles, but is nothing more than an uninteresting look at an amateur filmmaker trying to make his first ""big movie.""",negative
"The Darkling was a very interesting and entertaining film while F. Murray Abraham was in it. Spoilers: About halfway through, F.Murray gets zapped, because The Darkling is some kind of demon-like creature who enjoys living vicariously. He takes bums and losers and perverts them further while giving them all they want in terms of success. He feeds from their enjoyment of the Seven Deadly Sins. However, part of it is that he needs to get people who may be flawed but not completely evil. Otherwise he cannot ""pervert"" their natural goodness. That's what the little guy said in his Barry White voice, which I found both charming and amusing. Mostly amusing. Like imagine Barry White if he were a little dwarf and he was telling Aiden Gillen ""Dee Plane, Dee Plane, Bos, Here eet come, Dee Plane!"" All through the movie, Dee Dwarf (actually a robotronic cherub) talks to Aiden Gillen in the Barry White voice, saying things like ""It's OK to be bad, you know you want it."" ""Now you've committed murder, you're really moving up in the world"" and other remarks that sound like commercials for ""Being Evil"" Stores or something. It really is hilarious in a sick way.<br /><br />Anyhow, Aiden Gillen is no F. Murray Abraham, and the movie tanks as soon as Murray gets the axe (or knifed?). F. Murray brings a certain happy malevolence to his role in this film. He is a good actor. Aiden Gillen on the other hand has a permanent happy smirk on his face, and he looks like maybe his remedial English Comp. class had never hit the Mythological Characters and he could not imagine what the movie was about. The ENDING is really creepy and yet almost comical. If this movie were a parody, the ending was perfect. If it was not a parody, then it was creepy; but a cheap use of a little girl to deliver a gross-out that the movie itself could not deliver. The people who made this movie lost whatever it was that they wanted to do with it somewhere before the ending. It just ends like they just realized that they had run out of money and had to film a quickie ending.",negative
"Despite a great soundtrack and the presence of the ever amazing Rappaport and Woods, this is another one of those moronic comedies where New York throws itself at the hero in an effort by the writer and/or director to show what a zany place it is. Yeah there's some other stuff in the movie that sucks too, but that's what's important. The trend for New York independent filmmakers seems to be ""I don't need to be talented, I have NEW YORK!"" Okay, to be fair, the movie has its moments. The flashback bit about why the one guy is called Wacky Jack was pretty amusing. The script isn't a story or a plot, it's a bunch of not-good scenes tied to each other by featuring the same character.<br /><br />One of the worst things is that there's no motive behind what the characters do. Uncle Sam has the kid deliver the drugs, why? If its so important why didn't Sam do it himself? Then the lead character lies his ass off in scene after scene with absolutely nothing to gain from lying. The guy falls in love with a flight attendant with neither of them having any reason to fall in love. The characters are a bunch of pawns for the writer to move around to see if he can get anything zany to happen.<br /><br />If you're easily amused or like watching bad indie movies because they make you feel smarter than watching bad mainstream movies, watch this. If you want to see what a GOOD light hearted crime movie looks like, watch Takeshi Kitano's ""Brother"". ""Kicked In The Head"" is the perfect example of why so many people hate offbeat indie movies: A LOT OF THEM SUCK. And a note to the director: Don't be afraid to excite, amuse, enlighten or entertain the audience now and then. Being boring doesn't make you a better filmmaker than the ones who can interest me.",negative
"Superman and the Mole Men is quite possibly Superman's toughest adventures ever.<br /><br />Lois Lane and Clark Kent are sent to Silsby, home of the world's deepest oil well. While there, some radioactive mole men come up through the oil well and explore the town. Jeff Corey and many other townspeople try to dispose of the invading mole men. Can Superman change the people's ways in time to save the mole men? Can Superman warn the people in time about the radioactive danger the mole men bring?<br /><br />In my opinion, Superman and the Mole Men is a very intelligent, well-written and well-acted movie. Even though we only get to see Superman fly once briefly, It still makes a great Superman adventure. A must see for anyone.<br /><br />10/10 Stars",positive
It's terrific when a funny movie doesn't make smile you. What a pity!! This film is very boring and so long. It's simply painfull. The story is staggering without goal and no fun.<br /><br />You feel better when it's finished.,negative
"This begins a series (which I'll hopefully keep up every week-end) of films that came out during my childhood  in this case, it's one I've only managed to catch now. It was clearly intended as the last word on the subject, which basically had been debased to the level of hokum over the years; however, in its uncompromising striving for a serious-minded approach (a sure measure of which is that the protagonist is never once referred to by the name he's been known all this time the world over!), the film-makers rather lost track of the fact that the thing was intended primarily as entertainment! Consequently, we get a decidedly staid representation of events  with more care given to meticulous period reconstruction than in providing a functional thematic environment for its mythic jungle hero! Even so, Christopher Lambert rose to stardom  as did another debutante, Andie McDowell, playing his love interest (named Jane, of course)  with the title role, which he handles creditably enough under the circumstances. However, Ralph Richardson (to whom the film is dedicated, this being his swan-song) steals every scene he's in as Tarzan's natural grandfather who, in spite of showing obvious affection for his long-lost kin, can't bring himself to forget tradition in an effort to understand his predicament; the hero, in fact, is much more comfortable interacting with primates (even contriving, after having gone back home, to save his adoptive 'dad' from captivity). The film is otherwise very good to look at (with cinematography by Stanley Kubrick regular John Alcott, no less), features an appropriately grandiose score as well as remarkable make-up effects (by Rick Baker)  and, while essentially disappointing as a Tarzan outing, retains considerable value nonetheless as a prestige picture of its day.",positive
"Okay,. so I went into this loving RuPaul. I still love him/her but think a little less. This is one gross movie that shows a lot of male genitalia. THis is a spoof of the 1970s black exploitation films and is purposefully done badly. The only fun part about it for me is that all of the voices have been looped with those of drag queens, even the voices of real women. This is over an the top, nonstop, laugh your rear end off it is so stupid, badly made movie. I would never watch this again but I do appreciate what the film makers were trying to do. There is no rating on this but it would be R or even NC-17. RuPaul has done much better work.",negative
"Forget any angst-ridden documentary! This film is really an out and out comedy about a 40-yer-old porn star whose goal in life is to sing junky circuit party songs. The only problem? Colton Ford can't sing! And the film cuts away whenever he appears to be ready to burst into song. Yet Ford and equally vapid boyfriend Blake Harper whine and primp and run around in their tank tops, determined to make dreams come true. Even funnier is ""manager"" Kyle who appears to have the I.Q. of a turnip and whose collagen-injected lips look like a bee stung him. How can grown men be so self-delusional? Bwa ha ha! As for the documentary, the filmmakers don't appear to have any POV and the film is poorly structured and wildly uneven. Very little background information is provided about the three leads. Such an inclusion might have made the three seem like something other than aging West Hollywood stereotypes.",negative
"A film for mature, educated audiences...<br /><br />I saw ""Random Hearts"" in an advance screening shortly before its North American release. This romantic drama was quite a treat. I'm sure this story will not be everyone's cup of tea, especially considering the film's darkly downbeat premise. But the pic has some very uplifting strong points in its favor.<br /><br />All-time Box Office Draw Harrison Ford (""Star Wars,"" ""Raiders of the Lost Ark,"" ""The Fugitive,"" ""Air Force One,"" ""Patriot Games"") is at the top of his game as the harried and desperate Internal Affairs officer, Dutch. Ford's very subdued, nuanced performance shows quite the range he can achieve with class and determination in bringing the audience into his world of loss & betrayal. This is the perfect complex role and very different type of film for Harrison Ford to grace the screen with between his action blockbusters. Next year Harrison Ford returns to action, first for director Robert Zemeckis (""Forrest Gump,"" ""Back To The Future"") in his summer 2000 thriller, ""What Lies Beneath,"" and reportedly later in the year in the film adaptation of Tom Clancy's ""The Sum Of All Fears."" 'Fears' will be Harrison Ford's third outing as CIA operative Jack Ryan.<br /><br />Director Sydney Pollack (""Out of Africa,"" ""The Firm,"" ""Tootsie"") has a supporting role in this feature as a political advisor to Scott-Thomas' congresswoman. It's a very sharp & energetic portrayal for Pollack. Not only is Sydney Pollack a gifted director, he is also one of the most believable, natural and charming actors around (see ""Eyes Wide Shut"" as well).<br /><br />Kristin Scott-Thomas (""The English Patient,"" ""The Horse Whisperer"") shows that you don't necessarily have to be eccentric or worldly to be considered sexy. This is one of her better films, and she gives a tremendously crafted and mellowed performance that works well opposite Ford's quiet-man toughness.<br /><br />The subplots work wonderfully, especially the subplot involving Ford's character's investigation into police corruption. Look for a chilling & effective turn by ""Heat"" actor, Dennis Haysbert, who plays Detective George Beaufort, the obstacle to overcome in Dutch's investigation into police corruption.<br /><br />The rest of the supporting cast is a wonderful delight. Charles S. Dutton (whose long overdue for a film leading role) goes to show that he is one of the best character-actors around, and Bonnie Hunt, who I find extremely solid in this production, steals most of her scenes with that wonderful, charming smile as Wendy Judd.<br /><br />The technical side of Pollack's thriller is top notched. From Dave Grusin's (Pollack's ""The Firm"") perfectly surreal-feeling jazzy score, to Philippe Rousselot (""A River Runs Through It"") crisp photography, to the sharp editing that keeps the film feeling fresh, despite the film's unfortunate downer premise.<br /><br />I highly recommend this film to anyone who enjoys a good yarn of mystery, well-paced plot, character-driven stories, and romance all rolled into one. This is a terrific story about betrayal & forgiveness. It also features one of the most surprising, yet poignant, and certain to be controversial endings for a Harrison Ford film in recent times. ""Random Hearts"" is definitely one of the better films of the year.<br /><br />(***1/2 out of ****) or (8.5 out of 10.0)",positive
"This movie is outrageous, funny, ribald, sophisticated & hits the bullseye where 99 % of Hollywood movies don't even make the target. Paul Bartel should be recognized as one of the great directors of this or any era. He's the American Renoir & Bunuel _ combined!!! Glad I have the videodisc.",positive
"After Harry Reems' teenage girlfriend is raped by Zebbedy Colt (The Night-Walker), Reems becomes despondent and consoles himself by having sex with some lesbians. Meanwhile, Colt, who carries a cane and dresses like a magician, rapes some more women. Eventually, Reems decides to track him down and end his crime spree. Despite being shot on film and marginally nasty, it looks like any other 70's porno and is ineptly executed. The rape/abuse scenes are surprisingly restrained and the attempt to cash in on ""Death Wish"" is laughable. R. Bolla (""Cannibal Holocaust"") plays a cop. Colt, who is usually over-the-top, wigs out in a couple of scenes, but he's too well behaved for my money. This roughie could have been much rougher.",negative
"I saw this movie when I was very young. It is my all time favorite. I had been unable to obtain a copy until recently and viewing it brought back so many fond memories. I loved Sidney Poiter's portrayal of Porgy, he his character with such strength and courage. Pearl Bailey's part, although small, was not unlike many of our own family members. My favorite songs were and still are ""Bess You Is My Women,"" ""Porgy,Don't Let Him Handle Me"" and of course ""Summertime."" According to the guidelines, if I'm interpreting them correctly I'm unable to post where I was able to obtain my copy, Sorry. That is why I registered so that I might be able to share this info. Before registering the guidelines are not posted.<br /><br />Phone numbers, mail addresses, URLs. Availability, price, or ordering/shipping information.",positive
"This movie is like real life, by which I mean - not a lot happens in the available 2 hours or so, and not much game plan or plot is evidenced by the frequently invisible cast (their invisibility being due to the ""experimental"" lighting as mentioned by many reviewers). <br /><br />A big bore. No big surprise that Altman helms this - he is a very variable performer (yes we all loved ""Gosford Park"", but ""Pret A Porter"" anyone? Kansas City? Dr T. and the Women? Aaargh), but the fact that the raw material is a John Grisham tale, and the excellent cast that you will perceive through the gathering gloaming of your insistent slumber - makes this truly a masterpiece of bad film. And no, it is not ""so bad it's good"".<br /><br />It's just bad.",negative
"I am usually disappointed by network movies. Even flix that attract big name actors are usually ruined by the TV people. However, this one is the worst of the worst. The screenplay is weak and the acting, especially that of Tracey Pollan is abominable. I've trudged off to see my kids'high school plays and been treated to better acting. Pollan acts as if she is reading the script as she speaks. When she tries to express fear, anger or grief, it's extremely hollow. Because of the overall quality of the production I found it difficult to take it seriously. If you decide to brave this one just be prepared for a big disappointment. Scary things won't scare you, sad things won't make you sad, romance won't make you feel warm and fuzzy and you will likely be as anxious as I was to see the end arrive. ""First to die"" says a lot about this movie.",negative
"The cover of the VHS says it all: ""Without doubt, the most powerful movie of its kind since the Texas Chainsaw Massacre"". I'm a huge fan of 70's and 80's slashers and I have to say, I agree 100 %. The characters are believable, the actors have an excellent charm (especially George Kennedy as the forest-ranger). There's the twisted atmosphere, that only TCM has, an astounding soundtrack to reflect the emotions and the filming locations that are the most beautiful in the history of horror. This has to be one of the most beautifully shot horror films of all time! Jeff Lieberman as a director of this 1981 low budget film does and excellent job and with his other works (Blue Sunshine, Wrong Turn) added, he must be one of the most underrated directors in the filmindustry today.",positive
"First and foremost I would like to say, that before i watched this film i considered myself an accepting individual. Someone that cared about others, appreciated others, found no/barely any judgment against other people, and this film has (i think) changed my life or viewpoint dramatically. When i watched it, I didn't know particularly what it was about, i knew it was about some type of forbidden relationship, but other then that I was clueless, and as I began to see what was taking place between these two wonderfully depicted characters, i was in shock, disbelief, confusion and surprise. The first time i watched it, i was blind. Blind to their love, to their intimacy, to their connection, to their pureness as human beings, to their relationship. I watched it a second time, because i finally figured out how hypocritical I was being, saying to myself and others, ""Oh i accept all types of people, and try not to judge them"" while still judging this wonderful and amazingly insightful story, because of my fear I suppose. The second time I watched this film, I opened those eyes of mine that had stayed closed the first time, and really looked, not at the type of taboo relationship part that I'd heard about all my life, but simply at two human beings in love. And I loved it, i loved the storyline, i loved the slightly broken yet strong individual people in the film, i loved the sharing of feelings, and i loved the strong bonds created. It is a really eye opening, beautifully done film that made me cry at times, and I hope that people who read this and are going to watch the film eventually, remember that everyone deserves love, no matter what shape or form it is presented in....",positive
"This movie was yet another waste of time... Why oh why do I keep renting crap like this?... someone please tell me... *sigh* Oh well. back to the movie at hand: Cube Zero is probably worth it if you REALLY REALLY enjoyed the first movie, (like I did), and just want to check out what's up in the last (hopefully) movie scraped together just to keep some poor actors and screenwriters employed, then of course this is the movie for you. But if you are looking for a good movie with good acting and a fantastic plot... *evil grin* then this movie is definitely for you :-D.... OK I'm lying... At best this movie sucks. OK, I have to admit that certain elements to it was cool.. well.. coolish... and I laughed quite a few times, prolly at the wrong things, but nevertheless I was amused. :-) But all in all the few things that barely makes the ""ok"" category isn't enough to make this movie worth it at all.. Unless you count ""Manos - Hand of Fate"" one of the top ten movies EVER!",negative
"At first I was weirded out that a TV show's main character could bring the dead back to life, but then I thought I'd give it a shot. Guess what? I love ""Pushing Daisies"" and look forward to Wednesday nights just to watch it, then for the next week I watch it a few more times on my DVR. The colorful characters, witty banter, fast-paced dialogue, and new unique situations draws me in and captivates from beginning to end. Ned and Chuck Charles' relationship is interesting to watch as they work their romance around the fact that they cannot have physical contact. Even Detective Emerson Cod's character has continued to grow in complexity. And Olive Snook! Jiminy Crispies! She cracks me up! The narrator's voice is fun to listen to and the cinematography gives me the impression that I am watching a movie instead of a TV show. I have recommended my family and friends to turn on ""Pushing Daisies"" and they are hooked too!!! The show is well worth waiting a week for a new episode and if you have not seen ""P.D."", I highly recommend watching it!",positive
"I really enjoyed this movie. It took a pretty dark story-that of Shakespeare's Macbeth- and wrapped it in a quirky, often funny and poignant modern yarn.<br /><br />Kudos to the way the filmmaker brought the very different worlds of modern NYC and Macbeth's Scotland together under one roof. The opposing worlds act to<br /><br />really bring out the intrigue and comedy of the play and you have to love Harold Perrineau as the Chorus, a part which doesn't exist in the play but really helps to jazz things up. The ending stands out among little indies I've seen for it's closure and originality.",positive
"The Dinner Party could quite possibly be in my opinion the greatest adult cinema production of all time. It is produced in such an exquisite manner and the actors portray their roles excellently. The kitchen scene starring Yvonne and Juli Ashton is magnificent. The use of the butter and milk really makes the scene. Additionally, the doctor's office scene is well done. The campfire scene is filled with enjoyable action, though the choice of actors in this scene is questionable. Asia Carrera's performance in the junkyard scene is incredible, but who would expect anything less from her. The closing scene is somewhat over used in adult films, but is classic none the less. I would highly recommend this film to all fans of adult films and those casual viewers. Run out to your video store and pick it up today.",positive
"I loved this movie. I totally disagree with some (negative) critiques that I've read over the years. This was a great vehicle for Eddie Murphy! He appeared to have a great time with his part as Chandler Jarrell and he should never care about what the critics say, if he had fun doing it  and most of his audience enjoyed it! And, it WAS fun to watch as it combined some great fantasy tension with Mr. Murphy's great comedic style. You have to keep in mind that 'Golden Child' is a 'fantasy' film  just an imaginative work of magic and wonder amidst the 'real' world. During the time this film was released, I was working in a video rental store. This was one of the most popular with all our customers. Every single time, we put this one up on our monitor, ALL the copies we had went out fast with wait-list requests that kept it on the queue for months! Everyone who rented it loved it! I was the resident film critic and all my regular customers would ask my opinion before they rented  this was one of my favorites and I knew the taste of my customers so I highly recommended this one to most of them. I really feel that this film is a Sleeper  it may not have done too well at the box office  due to very poor marketing  but it hit a high in the video rental and purchase market later! (YES, I did buy this film for my own video library!). I adored the little boy who played the 'Golden Child'  J. L. Reate - but after looking at his profile in IMDb, I noticed that he never did any more films. That is sad, because he definitely had an on-screen aura and could have continued with a film career. I also adored Victor Wong, who played the Old Man (I LOVED him in his part as 'Egg Shen' in 'Big Trouble in Little China' - 1986). At any rate, this was a great film. The only drawbacks that didn't seem to fit with the theme were some of the parts that got a bit more 'adult' in nature  such as 'Chandler's rather sexual remarks about the serpent lady that was presented to him as a silhouette. It was funny, but it still was out of sync. OK, so there were a few suggestive gratuitous scenes  those were put in for the mind-set of the day perhaps. This was still an adventurous and escapist type of film which we do need today to get away from all the hard core reality and depressing fluff that we are hit with from Hollywood. Now that's Entertainment!",positive
"There have been many movies, on living the American dream. And this is one of them.<br /><br />First of all, on the technical side, there is a lot wrong. The audio is bad, i had trouble understanding the dialogs here and there, and the camera positions could have been better.<br /><br />They really tried to come up with a good movie, but for example the part where they show, how Jonathan is loosing himself in the dream,with girls, drugs and alcohol, is done very badly. The acting is very poor as well from all the characters in the movie.<br /><br />I had a hard time watching it from the beginning till end, and couldn't wait for the movie to be over.<br /><br />If your expectations are low, and you're bored on a Sunday with bad weather, watch it. If you in for a deep story with action, then this is not your movie.<br /><br />Normally i would not have give a score of 1, but of 4.5 for this movie. But the reason i gave it a 1 is because of the bad audio, and camera uses, not to mention the bad cut scenes with cheesy effects.",negative
"This is a great movie. I love it more each time i watch. Most comedies can get pretty lame because you know all the gags, but mystery men has so much integrity in the writing and characterization that watching once again -- as Ben Stiller tears at the hood ornament of the limo, or Hank Azaria says good-bye to Louise Lasser, or Geoffrey Rush flashes his fuhrer choreography, or Tom Waits mumbles while he watches the news report, or Janeane Garofalo refuses a kiss from Paul Reubens -- is a pleasure. This is pitch perfect ensemble acting. The story develops directly and consistently, the action sequences are creative and not too dominant, all the set-ups payoff by the end. Seriously, if you've seen it and it's been a while, watch it again, and if you haven't then get started. You can't watch it again until you've seen it the first time. (Wes Studi, William H. Macy, the tryouts scene. Too much good stuff!)",positive
"This movie was terrible. The first half hour is much like a... well, apologies for the lack of articulation, but it was simply a bad version of A Clockwork Orange. The first scene is almost photocopied from one of the first in Clockwork! Supposedly it was a tribute, as per the appearance of the Clockwork poster on the protagonist's wall, however ""ripoff"" is the more appropriate word. The movie felt as though it was torn right from the Kubrick classic, only filmed through a new director's eyes. A blind director. Unfortunately when it stops its massacre of Kubrick's work, the film gets even worse. As another commentator said, the deepness of this film is just shoved down your throat. Arrogant, self absorbed and ultimately meaningless drivel.<br /><br />Perhaps the protagonists ramblings would touch a nerve if there was any actual character development in this movie. I felt absolutely nothing for this guy. And I'm an alcoholic, so I figure that if anyone might be able to feel anything for him, it would be me. Awful character development, dialogue and plot.<br /><br />The worst part about this movie is the title. For a film called ""16 Years of Alcohol"", the alcoholism is hardly a factor in the flick. See first paragraph - it was such a butchering of A Clockwork Orange I can't get over it. A more suited title would have been ""16 Years of Violence,"" or, even better, ""A Clockwork Banana"".<br /><br />Just do yourself a favor and avoid this movie. If you disregard my advice and take it out anyway, drink. Trust me.",negative
"I remember this film from many years ago. Certainly the best film on the subject in my experience. The fact that I vividly remember so much of the film after so long a time testifies to its impact. <br /><br />It is difficult to comment on the level of the performances because of the language barrier. But they were nonetheless very powerful.<br /><br />This subject continues to fascinate us even with the passing of years. And it was most effectively treated here, with the proper proportion of historical perspective and skepticism.<br /><br />I wish it would be shown on TV at least once. Or at least be available on tape or DVD. Or is it? Is some art film archive hoarding a copy of it??",positive
"Leslie Nielsen hits rock bottom with this absolutely horrible comedy that is the worst mainstream film that I have ever seen. There is nothing to like about this film, as it is essentially a one-joke film, and the joke isn't all that funny. How many times are we supposed to laugh at an almost blind man making a fool out of himself? That's not funny, that's just pitiful. Nielsen seriously needs to start refusing some of these pathetic scripts, and Stanley Tong needs to stick to making Jackie Chan films, because it doesn't get much worse than this.",negative
"The brilliance of this movie is that even a competent dentist is pretty scary. It's one of man's primal fears. This movie is the nightmarish image every kid has to go through in the waiting room. Corbin Bernsen gives a surprisingly non-lackluster performance as a crazed dentist who I guess tries to kill people but he only works on their teeth so it's not really working out. In a particularly gory scene we find so-so actor Earl Boen having his teeth completely destroyed with drills and whatnot, which I guess is the absolute worst you can do when you're a killer dentist. It's a typical Brian Yuzna situation, not well written but there's gore. The plot is shoddy and at times seems to be made up on the spot but hey, it's a killer dentist movie, we've all thought of it but they did it first.",positive
"As a fan of author Gipharts lightheaded and humorous books (of which Ik Ook van Jou is not the best one), I was looking forward to see this film. I didn't catch it in cinema though, and after seeing it on to tv I'm terribly happy I resisted buying it on video. Out of a good book, they managed to make one of the worst movies in Dutch film history. All the good parts have been left out, the story is changed, not to its benefits. All humour has been cut out. What's left is a bad-acted, over dramatic, non-consistent film that I do not want to watch again ever.<br /><br />I condolate Giphart with this result, and am happy that Robbert Jan Westdijk did a hell of a better job on Giphart's topper Phileine zegt Sorry. Go see that one!",negative
"I don't know how and where do the Iranian directors get their inspiration in coming up with a plot like this. In fact, it's a very simple plot that many directors could come up with --- but may not be able to project it onto a movie the way Jafar Panahi did.<br /><br />The film is like 2 worlds revolving at the same time, one connected to the other - the football match and the battle between sexes that's going on behind the walls of the stadium.<br /><br />It makes you feel like you are in the movie and you're one of the characters, and while watching the movie, as if you also would like to have a glimpse of the football match. You will feel exactly the same excitement and sentiments as those female actors in the movie. It's gripping in a way that you wanted to see the ending, you will want to find out the verdict, you'll be dying to see what will happen to the girls.<br /><br />I like the intermittent conversations between the smoking girl and one of the military trainee. It's like venus VS mars, it really shows the difference in the thinking of men and women and the struggle of women to get equal rights and opportunity especially in a very patriarchal society like Iran.<br /><br />This is the second movie of Jafar Panahi that I have seen (the first being Crimson Gold) and am looking forward to watching some more.<br /><br />Am already hooked with Iranian movies and this one is a must-see!",positive
"This document truly opened my eyes to what people outside of the United States thought about the September 11th attacks. This film was expertly put together and presents this disaster as more than an attack on U.S. soil. The aftermath of this disaster is previewed from many different countries and perspectives. I believe that this film should be more widely distributed for this point. It also helps in the the healing process to finally see something other than news reports on the terrorist attacks. And some of the pieces are actually funny, but not abusively so. This film came highly recommended to me, and I pass on the same feeling.",positive
"It's sort of crazy, but I taped from TCM both, this german version of MGM's ""Anna Christie"", and the english one...but I got to see this one first, 'cos I'd heard that many people thought it was better than the english version.<br /><br />Without having seen the other one, I cannot compare them, but anyway this is an excellent early talkie, with a straight-from-the-heart performance by Garbo. She looks very beautiful in this film, her face shines throughout, especially when Cameraman William Daniels, gets those gorgeous close-ups of her.<br /><br />The atmosphere of the film seems different from the regular MGM stuff made on that era, it looks very similar to french or german expressionistic films from the thirties, well it was directed by a great french director, Monsieur Jacques Feyder, who had directed Garbo in 1929 in ""The Kiss"".<br /><br />Theo Shall is excellent and gives an absolutelly believable performance as Anna's sweetheart, the hard-boiled, tough, sailor, who's just a kid in man's body. Also Hans Junkermann gives a very fine performance, as Anna's alcoholic father and Salka Viertel too, as a good-hearted old cheap floozie.<br /><br />In all quite an experience, because it's the only film were you can listen to Garbo speak in a foreign language...'cos all the other films she did in either Sweden or Germany, were during the Silent Era.<br /><br />Serious Flick.",positive
"Oh, dear! This has to be one of the worst films I have ever seen. It's unbelievably repetitive; every scene seems to consist of people being gunned down, running round screaming, or being kicked in the face, which quickly becomes very dull. I wouldn't mind if the combat was even any good, but it isn't; the main character Phillips pushes the various goons over with ridiculous ease, and no matter how often he stands in full view of the Tracker, he never gets hit, even though extras and minor characters are being shot and blown up all around him. I've rarely seen a worse cast of actors (especially Don Wilson, if you can even call him an ""actor"") but that's not really surprising, given the dialogue they have to work with (sample line: ""Computers killed my brother!""). The plot is a sub-par ripoff of the excellent Terminator; the special effects are laughable. Overall, this film is just utterly dreadful. And why does everything explode?",negative
"All Grown up had a lot to live up to and there was much hype when this show was anounced. Now it's easy to explain why it didn't live up to expectations: Firstly, this show failed to create a realistic world of pre-teens in the way that Rugrats captured the world and the imagination of toddlers. Secondly, the show's character's are stereo-types (Angelica: white spoilt blond as opposed to Suzie: colored girl from modest family,...) or boring (Tommy, Chuckie) and annoying (Dil). Finally, there is not one ounce of innovation or an original plot-line. To sum up, All Grown Up is a waste of time and a bad idea for a sequel series to a show such as Rugrats. It's boring, lacks imagination and it seems that the producers don't even know how 10 to 13 year olds behave. To be accurate, shouldn't Angelica and Suzie be comparing bra sizes rather than fight over who's better at doing chores?",negative
"""Two Hands"" is a good addition to the Australian Film Catalogue.<br /><br />It is that curious mix of real life, surreal life, comedy, tragedy and love the Australians have developed on their own.<br /><br />Heath Ledger is basically a good if naive guy. Wanting to get on he falls in with a local ""Big"" Man Pando (Bryan Brown). But at the very moment he sets a first toe on the dark path to crime he meets Alex (Rose Byrne). Here is the cause of the error to change his life in ways unexpected. After getting on the wrong side of Pando accidentally, things get very bad very quickly and if not for a little otherworldly help this would have been a short sad film. Yes, Jimmy learns a few lessons in life and no one escapes uninjured in one way or another but at the end of it has a feel good feel to it. Although there is a lawless theme through the story, it is not glorified and helps to show how destructive crime can be on normal lives.<br /><br />Heath Ledger is excellent as Jimmy, innocent and savvy at the same time, Rose is hypnotic as Alex and Bryan is marvellous as usual. This is a small ensemble of characters are believable and I found myself caring about the good guys and disliking the baddies.<br /><br />This DVD is usually in the cheap aisle so I would recommend adding it too your DVD collection, it would be money well spent.<br /><br />8 out of 10",positive
Star Wars: Episode 4 .<br /><br />the best Star Wars ever. its the first movie i ever Sean were the bad guys win and its a very good ending. it really had me wait hing for the next star wars because so match stuff comes along in this movie that you just got to find out more in the last one. whit Al lot of movies i always get the feeling that it could be don bedder but not whit this one. and i Will never ever forget the part were wader tels Luke he is his father.way too cool. also love the Bob feat figure a do hes a back ground player. if you never ever Saw a star wars movie you go to she this one.its the best.<br /><br />thanks Lucas,positive
"Usually I'm the one criticizing the twenty-something Neanderthals for not being able to appreciate a film unless it has plastic t*ts, gunfights and car chases. However, in this case the film might actually have been improved with a few of those additions. At least I wouldn't have gotten bored after an hour and changed channels.<br /><br />I don't mind surreal, and I certainly don't mind having to pay attention to find subtlety or hidden meaning, but there should be some point to the whole thing. I didn't get the feeling that even the writer or director really had a broad vision of anything but were, instead, just so self-absorbed in their own pretentious visions that they became deliberately scattered. Or perhaps they just got confused themselves. Either way, I don't care. It bored the crap out of me for just over an hour with no saving grace.<br /><br />Although a whole pack of other viewers have filled up this site with excited ravings about the alleged symbolism and masterful cinematography, I must respectfully disagree. Perhaps I didn't mince through enough film classes to appreciate some inspired techniques not visible to mere mortals ...<br /><br />Or perhaps this movie was just crap. <br /><br />I give it a ""1"" and file it next to ""Ishtar.""",negative
"Don't let the title trick you into watching this movie. I read the title, saw that it came on in the middle of the night, and figured it was one of those soft porn movies. This movie is bad. If you like soft porn movies, then I'm sorry to say this isn't one. There are a lot of sex but nothing shown and they only last for 5 seconds or so.",negative
"""Such a Long Journey"" is a well crafted film, a good shoot, and a showcase for some good performances. However, the story is such a jumble of subplots and peculiar characters that it becomes a sort of Jack of all plots and master of none. Also, Western audiences will likely find the esoterics of the rather obscure Parsee culture a little much to get their arms around in 1.7 hours. Recommended for those with an interest in India.",positive
"Hindsight is a wonderful thing. Much reviled when it first appeared, (inspiring the famous review 'Me No Leica'), this precursor of ""Cabaret"" can now be looked at in comparison and it's not half bad. It's certainly no classic but it has its own wayward charm, (the film version of ""Cabaret"" follows this plot whereas the stage version changed the plot somewhat). One should, of course, resist the temptation to snicker when Laurence Harvey's Christopher Isherwood, (it keeps the original author's real name; God Knows what Isherwood thought of it), describes himself as 'a confirmed bachelor' and while Harvey is an utterly inadequate 'hero', (he's virtually asexual), and Shelly Winters woefully miscast as Fraulien Landauer, (the part Marisa Berenson played in ""Cabaret""), Julie Harris is a perfectly marvellous Sally, (it's a lovely piece of comic acting), and Anton Diffring is first-rate as Fritz, the German-Jew in love with Shelly's character. Of course, if ""Cabaret"" had never come along you might ask yourself would this ever have seen the light of day again. That it has been revived may not quite be cause for celebration but it's perfectly acceptable all the same.",positive
"I guess only a selected number of audience members really had any interest in watching how a male hustler in New York operates but I'd be willing to bet that even these brave souls were turned off by the irritating patchwork technique and deliberately muffled sound recording on display here; the fact that these inherent 'defects' were a direct result of the film's low-budget/underground/experimental nature is, I'd say, beside the point. Anyway, for those so inclined, the film features extensive male nudity and Joe Dallesandro, understandably, became an underground  and gay  icon! <br /><br />The episodic structure showing the day-to-day routine of the hustler protagonist offers a couple of mildly interesting scenes: his meeting with (and eventually posing for) an eccentric elderly artist; the one where Dallesandro expresses his views on his unusual line of work and delineates his particular modus operandi to a couple of prospective 'colleagues' including perhaps the unlikeliest of hustlers  a bespectacled nerd! Perhaps mercifully, the film ran for only 89 minutes against the IMDb's claim that its complete length is 105 (but the latter could well be a mistake)! <br /><br />I had watched a few other of Warhol's 'movies' and this one is decidedly not as satisfying as the most tolerable example I've run into yet, BAD (1977), and only slightly better than the likes of MY HUSTLER (1965) which were mostly a strain to sit through. The fact that this was only the first part of a trilogy did not augur well but, as the saying goes, you gotta to do what you gotta do and the other two 'chapters' had to follow in quick succession... <br /><br />Despite my generally negative reaction to it, FLESH is nevertheless still valuable as a 1960s time capsule and as a prototype of the Underground scene of that era, both cinematically and in real life. For the record, an image of Dallesandro from this film adorns the sleeve of The Smiths' self-titled 1984 debut album and transsexual Candy Darling (who appears here rather unremarkably) was immortalized in ""Candy Says"", the opening track of The Velvet Underground's eponymous 1969 album. Although the latter band is my all-time favorite, and one of the reasons for this is that, through their sheerly unique and ground-breaking music, they described a lifestyle so utterly different from my own, this is truly a case where I'd much rather experience something aurally instead of visually!",negative
"If you love Japanese monster movies, you'll love this action packed battle pitting an alien invader, intent upon conquering the Earth, and a ""Giant Robot"" with an armory of super weaponry. The alien, ""Emporer Guillotine,"" from the planet Gargoyle, has a army of thugs called, (of course) ""the gargoyle gang,"" as well as an endless supply of immense hostile creatures that are routinely loosed upon the Earth to smash buildings, make loud noises, panic the populace, etc. A little kid, named Johnny Sokko, has the Giant Robot at his beckon call, and sends the Robot, as needed, to beat up, and then blast these creatures. Johnny joins a group of ""good spies"" called Unicorn, and endeavors to help save the world.<br /><br />In spite of the campy nature, unintentionally humorous dialog, and the fact that the target audience was obviously children, this movie has non-stop action, colorful characters, decent special effects, and just happens to be downright fun to watch. Battle scenes are well executed, and frequent, as the storyline requires. The good guys and bad guys both made sure they had an inexhaustible supply of bombs, lasers, ammunition, and schemes to attack each other. In spite of the fact the movie was constructed from edited episodes of a TV series, the plot actually develops, and reaches an ultimate conclusion.<br /><br />The film has a positive outlook and appeals to everyone's (especially kids') desire to destroy evil in its many forms. Kids may be the target audience, but it's fun for everyone to laugh at its comical silliness; yet, at the same time, root for the good guys to prevail and ""save the world."" The acting is cheesy in places, but that is the charm: there are several lines of corny dialog (possibly translation errors or possibly intentional jokes by the movie makers), and you'll find yourself quoting these absurd lines later.<br /><br />Admittedly, this film is not high in production quality or budget. However, for what it is, campy sci-fi, it's enjoyable for some laughs. I recommend it to anyone with a sense of humor for that sort of thing.",positive
"If you like your sports movies to be about dignity and the best values then this'll work for you big time. Oversentimental in places? Sure, of course it is - and proud of it. It is the biggest and best ride in the Carnival and should be enjoyed as that. <br /><br />Big production values, simple telling, with creative shots: it is not complex, is a very nice and remarkably sweet film. It really feels like a labor of love from Bill Paxton; and I bet his son gets that.<br /><br />The build-up is slow enough to be enjoyed, the conflicts feisty, and the British vs. Americans handled with a degree of vaudevillian villainy, but the dignity between the two main transatlantic protagonists is always to the fore. I have minor gripes: the score wants to be James Horner but is too overblown, and there are too many close-ups, and panning shots for 2005, but if you want a straightforward, decent, and good-looking sports film then this is it.<br /><br />So here's the thing, and I feel like I know my film, but I actually liked it more than Seabiscuit: which is a better film, but Greatest Story is simply Disney at its core and hugely enjoyable! Thanks, Bill.",positive
"I rented this shortly after renting Ben Stein's ""Expelled"" and thought it would interesting to compare them. Before I go further, it seems only fair that I point out the following so a reader can see if I'm prejudiced or not. I'm trying to be objective, for the record.<br /><br />I tend to enjoy Maher's HBO show now and then, though I rarely think he's the source of the humor. I don't really care for his stand-up either. But he makes some good points on the show now and again, and I liked Politically Incorrect, though he was still fairly politically correct (which I deem a negative because the very term sounds Orwellian or at least fascist). As for my religious views, I'll say for simplicity's sake that I'm a non-denom. Christian with some views that are objectivist and some that are agnostic mixed in.<br /><br />That being said, this a bad ""documentary"" for reasons that haven't been touched on yet by many reviewers--though the ones mentioned are valid too. The reason it's not convincing isn't just that he argues the main point without letting others talk (and his point boils down to nothing logical either, it's just ""come on, really?"" which isn't a point, just a question. Try David Hume if you want a decent argument.). The reason this isn't convincing lies in his lack of experts on the subject matter. I saw this about 2 months ago and I only recall him talking to one person whose credentials as a professional were mentioned if he wasn't a clergyman. There are probably hundreds of scientists or at least professors with Masters or Doctorates willing to do a bit of verbal sparring, particularly in the fields of History, Anthropology or a host of others.<br /><br />If one compares this to Ben Stein's ""Expelled: No Intelligence Allowed"" he'll find that Stein interviews about 30 credentialed professors, professionals, clergy, etc. He does this with a variety of sources with various backgrounds. He also makes a point in his film regarding freedom of thought and education. Maher could easily have pointed out wrongs committed by theocratic rules throughout centuries or persecutions from this. Instead he idiotically refers to the 20th century's secular totalitarian regimes as evidence of why secularism needs more socio-political power!!!! (it's in the bonus features where he's standing in front of the Anne Frank house I think.) This is a true Orwellian head-trip. He blames Christianity in particular on many pointless deaths--which has had its share, though far smaller than most!!--without even including a basic view of the evidence. Perhaps this is because that argument is dwarfed by secular humanism's miserable record of the 20th Century ALONE.<br /><br />Another glaring weakness is his unwillingness to talk to anyone that would be considered a moderate or ""average"" practitioner. He picks out the weakest gazelles of the herd. How difficult is that? How does proving the existence of exceptions move toward disproving the general rule? It does not. Wow, so people in cults think outside of the norm? How enlightening to know this. Great work Maher! Again, it would be fairly easy to interview someone like Laurence Vance and include his work on refuting the idea of ""patriotic duty"" that demands a person fight in any war his country is involved in.<br /><br />Beyond all that, he's just not that funny here. Some of the clips that are overlaid in ""clever"" out of context/irreverent ways might garner a laugh, but mostly work to illustrate how a real contextual argument from Maher will NOT be forthcoming, much less convincing. He spends most of his time bashing Christians, spouting inaccuracies, and interviewing fringe groups that he doesn't allow to really answer his questions.<br /><br />For the record, there are good questions to honestly ask of religious folks and many they should ask of themselves. He touches on almost none of these. I get the feeling that I could've responded much better to most of his questioning than the people he interviewed, but the whole thing reeks of deck-stacking in terms of what is included and what was edited out.",negative
"The Bourne Ultimatum (2007) Review: After a thrilling set of two, we get the final installment. Here's my take:<br /><br />The Bourne Ultimatum has it all. We have Jason Bourne(Matt Damon) on the coattails of the ones who know everything. He has been running for too long. This time, it ends.<br /><br />The Bourne Ultimatum has a great plot, awesome writing, fantastic direction, suspense, and some of the best action of the summer. Matt Damon delivers possibly his best performance to date. He has the conviction and swelling desire of the troubled assassin.<br /><br />There are some intelligent humor here and some fine suspense. The reactions to certain events will have you either laughing(in a good way) or cheering on. (or both) I heard a lot of intelligent laughter in the theater and lots of clapping. The audience was loving it.<br /><br />The Bourne Ultimatum delivers all in a nicely gift-wrapped package. All of the goods and then some. This is, in my opinion the best movie this summer.<br /><br />The Last Word: Excellent conclusion. The best of the trilogy. This is how summer movie thrillers should be done. I love the Bourne trilogy.",positive
"Caddyshack II is one of those pictures which makes you ask 'Why?' As in; 'Why was it funded?': 'Why was it made?' and 'Why was it released into the public domain?'.<br /><br />To say the least it's a bad film. It serves little purpose but to underline how superior its prequel was by setting an almost identical set of characters against each other in a similar storyline as a 'New money' land developer attempts to buy out the establishment's golf course sanctuary. <br /><br />Right off the bat making the follow-up a whole 8 years after the original is somewhat bizarre. I mean if your going to cash in on highly successful picture such as the first one then you have a window of a few years to do so. But leaving it 8 years means that the formula is hardly fresh enough to simply do a follow up, or poor imitation as this is, so your sort of obliged to reward fans of the original by giving them at least reference to if not indeed actual contributions by the actors who made the first one so memorable. But there's little if any of this.<br /><br />Instead we get cheap imitations. Okay the passing of Ted Knight in the interim years would have made it impossible to bring back the memorable Judge Smails but Robert Stack's inclusion as 'Chandler Young' (a fellow WASP elitist akin to the Smails character) is unimaginative and seriously lacking in the sort of anarchic frustration that made Knight's turn so watchable. Jackie Mason's 'Jack Hartounian' is a feeble attempt at recreating the non stop wisecracks delivered by the Al Czervik (Rodney Dangerfield) character of the first. While Dangerfield's role was endlessly quotable Mason's is completely forgettable. <br /><br />Bill Murray's laughably ridiculous groundskeeper 'Carl Spackler' and his war of attrition with the pesky local gofer is substituted for his Ghostbuster's co-star Dan Ackroyd's role as the militant 'Capt. Tom Everett' who's high pitched voice just splits your sides with frustration as opposed to the intended laughter.<br /><br />Randy Quaid , brilliant as Cousin Ed in the National Lampoon's Vacation series, is quite the opposite here playing Hartounian's unstable lawyer. The looks of disbelief shown by the actor's looking on at Quaid's character's intended to be hilarious acts of inappropriate violence echo that of the audience. Your not laughing. Your just asking 'What the hell is he doing?'<br /><br />Chevy Chase shows up, all be it occasionally and wisely rather fleetingly considering the disaster that's perpetrating itself around him,as club pro 'Tye Webb' in the films only direct reference to the original not withstanding the golf course itself that is. With his deeply tanned skin and loud Hawaiian shirts Chase looks like he's just got back from a lengthy summer vacation and needs a paycheck. He distances himself from the events in the actual picture enough that he takes little of the blame and leaves with some, all be it little, credibility still intact. <br /><br />Jessica Lundy as Mason's daughter 'Kate' takes over from the 'Danny Noonan' role of the original as teenager struggling against class divides. Sounds ridiculous doesn't it? At least in the first Danny (an Irish Catholic from a blue collar family) and his laughable attempts to make inroads into the White-Anglo-Saxon-Protestant dominated world of the golf club mover and shakers was played out to some memorable set pieces such as being dismissed by the resident Lutheran Bishop as well as being mocked by the offspring of the local yacht club. Lundy's embarrassment of her father's inability to fit-in is hinted at being because of his Jewish roots. That aside it may also have to do with him being a classless moron but such intricacy's are swept aside though I stopped caring long before they were resolved. At the end of the day Noonan was trying to get ahead in life. Miss Hartounian's biggest problem is getting the hob nobbers at the local golf club to like her multi-millionaire father so that she can get a date with the club's prodigal white kid. Or so I gathered. <br /><br />Anyway in summation its poorly written, badly scripted with lame set pieces and wastes a lot of talent. Indeed kudos if you were able to sit through it to it's conclusion. It really is a penance. There is that question mark though of why did so many of the original actors not return as opposed to being replaced by performers who on paper at least looked their equals. Maybe they just weren't asked. Or perhaps I suspect they actually read the script. Stick to the original!!!",negative
"Pathetic... worse than a bad made-for-TV movie. I can't believe that Spacey and Freeman were in this flick. For some reason Morgan Freeman's character is constantly talking about and saying ""pussy"" when referring to NSync boy's girlfriend. Morgan Freeman calling women ""pussy"" is just awkward... What the hell were the people behind this film thinking? Too many plot holes to imagine combined with the horrid acting, confusing camera angles, a lame script and cheap background music made this movie absolutely unbearable.<br /><br />I rented this flop with low expectations.... but... well... it really sucked.",negative
"When i come on IMDb boards,I'm always fed up when i see a ""the worst movie ever"" post.After watching this *movie*,i think that i am soon going to create my own post!!<br /><br />The opening titles:great,some kind of lame zoom on a gas oven (yeah,focus on the fire=explosions=great action packed movie!!)<br /><br />The actors:I think that Ice T is a cool rapper,even a nice actor (sometimes, i insist,""sometimes"") but the Steven seagal like policeman he plays is...beyond the words. The rest of the cast is...well i don't know where those actors were hired but jeez!!I bet my dog would have been a much better actor than them!!<br /><br />The plot:Hijacking.original isn't it??<br /><br />The action sequences:The first shot of the movie is an explosion.I told myself,well, cool!!At least there will be some nice pyrotechnics...I was dead wrong.The rest of the movie is mostly filled with low rent stock shots taken from the Air Force...<br /><br />The dialogs are hilarious,the music is pure crap,the end is happy( i mean i was happy at the end because the movie was over!!!)<br /><br />My cousin who was watching the movie was delighted( I'm 22, she's 42...well).I was on the verge of taking the movie and burn it.Maybe next time I'm gonna watch it...(who said never???)",negative
"It is truly saddening to see a once-great director such as Deodato delivering such a second-rate giallo such as this. This movie was so terrible it effectively put an end to his movie career. The box lies, this is no ""erotic thriller"", hell during the film's 97 minute running time, Charlotte Lewis barely shows us one nipple! I thought it would pick up once William Burger showed up (in one of his last roles), but his character is killed off rather abruptly and lamely. This movie fails in pretty much every way. Claudio Simonetti's music is little more than noise, and the plot made very little sense at all. For some reason, Lewis is terrorized by ghosts which attack using phones. (?) By the end, the characters all seem to have forgotten the previous 90 minutes of hell they went through, and casually laugh as they sick the evil spirits on someone else, Lewis's ex-boyfriend. What?!? This movie did little for me besides anger me.... and bore me half to death. For genuine 80's Deodato fun, watch THE BARBARIANS or THE ATLANTIS INTERCEPTORS, let this one rot on the video store shelf. Argento could make a better giallo than this!",negative
"As a teenager, I was pretty into the whole Bigfoot thing - I read the books and followed the reported sightings. As a more jaded adult, I've largely given up on the big guy now, but don't mind watching the odd movie when I come across one. This one had a few strong points to it - mainly, the recreations of two of the more famous Bigfoot encounters - the Ape Canyon incident of 1924 and the Bauman incident of c.1850 as related to and by Teddy Roosevelt, both of which I'm somewhat familiar with from that youthful reading I did. The movie takes for granted that both incidents involved a sasquatch, whereas both incidents have more plausible explanations, but the recreations were well done. There's also homage paid at the beginning of the movie to the famous Patterson video, again taking for granted its authenticity. The sasquatch encounter at the end of the movie was also very well done and had a very creepy feel to it as the sasquatch were portrayed mainly in the shadows or as hairy feet running past the terrified men. Unfortunately, in total those four things might have composed about 20 minutes, whereas the movie as a whole is slightly over an hour and a half.<br /><br />It's the fictional story (done in a documentary style) of an expedition to a remote area of northern British Columbia, to the suspected home range of the sasquatch. A computer had targeted this area based on sightings and - in one of the more amusing scenes in the movie - the computer also used ""eyewitness sightings"" to draw a picture of a sasquatch that looked exactly like the ""creature"" of the Patterson video! Aside from those 20 minutes I mentioned, we basically watch this expedition travel, which means we get to watch a bunch of guys go on a long camping trip. I've been on camping trips with the guys. Let me tell you - they've never been worthy of a movie. Interspersed among the long stretches of boredom are some nice wildlife shots (although one suspects that canned footage was used, or perhaps even captive animals performing as wild animals) and there are some spectacular scenery shots, except that the scenery isn't of northern British Columbia, it's from national parks in Oregon.<br /><br />I did appreciate that we were never given a real picture of the sasquatch, so we didn't have to deal with the bad makeup that would have been part of this. 3/10",negative
"This movie is a waste of film stock. Do you believe that the map of a plan of a military mission would be placed on an easel on a patio in broad daylight for anyone with binoculars or a camera with a zoom lens to see? It happened in this film. Do you believe that a DEAF person would actually be enlisted in the active duty army in Europe during WWII to serve in a ""Negro"" unit...cooking, supply services, burial detail, etc.? It happened in this film. Do you believe that a black (and supposedly intelligent) officer would select this same DEAF K.P. to be part of an active combat mission to protect a dam from being destroyed by the Germans before the allies arrived? It happened in this film. Would you be surprised that the DEAF soldier didn't realize that a German plane was approaching from behind and would strafe and kill him? It happened in this film. Would you be surprised that a group of American soldiers hold-up in a barn at a farmhouse that the Germans happened upon would SHOUT out their emotions at the sight of the German soldiers who were just 50' away? They did it in this film, and left any possible entrances to the barn the Germans might check totally unprotected. Would you believe that, over the airwaves and in clear English, the Captain mentioned the General's rank, if not his name, as the person he was speaking with and that the general, in plain English over open airwaves, said that the dam had to be protected the next day? Maybe they should have just sent in an emissary to tell which direction the American attack would be coming from just to make it a little easier on the Germans. This so-called movie should be placed on a list of the top 50 worst films. If it were, I'm sure it would do well. Watch it at your own risk.",negative
"""Blind Date"" is one of three stories-made-into-movie by author Vida Hurst. Lots of familiar faces in this oldie from 1934. Mickey Rooney as a mouthy little punk. He seems to be in the film for comedic and homey ""family values"". Jane Darwell again plays the strong-willed mother, just as she had in Grapes of Wrath and the Oxbow Incident. Ann Sothern is Kitty, who has been dating Bill (Paul Kelly), but meets up with rich Bob Hartwell, played by Neil Hamilton, who may or may not be better for her. You can certainly tell that this was made at the very beginning of the Hays production code -- at one point, Kitty says she can't be up there alone with him if there isn't anyone else in the house...what a change from just a year or two prior, when anything and everything was OK. Good solid plot, but a whole lot of conversation and mushy love talk. It raises the question over what a girl should be searching for in a man; should she hold out for a man with integrity who treats her nice, or just find a man with big bucks, as most of the movies from the previous 20 years had advocated...? and how do men change when their situation changes ? watch out for some violence in the strange dance marathon scene. TV viewers from the 1960s will recognize Hamilton as Commissioner Gordon from Batman..... Also some weird drama in the off-screen lives for some of the cast in this one --Paul Kelly had gone to jail for being accessory to murder in a love triangle. Mickey Rooney had an affair with Norma Shearer, who was 20 years older; Rooney ended up being married eight times. Tyler Brooke (Emory) and Spencer Charters (Pa) both knocked themselves off in real life. The title ""Blind Date"" has been reused many times, for films, TV series, and even cartoons, but none of them seem to have the same plot as this one.",positive
"I just finishing watching Goliath Awaits that I ordered from my library. I remembered it vaguely from years ago and wanted to watch it with my son. Anyway, the movie was less than 2 hours running time and I thought it was much longer when I first saw it. The back of the VHS box states that the Goliath ""emtombs a Nazi file whose secrets could destroy the free world forever."" The divers were supposedly on a covert mission to retrieve the demonic document. There was nothing even spoken about retrieving this document. Also, the box says that the ""bestial ship's insatiable boiler feeds on human blood."" That would make this a horror movie and there was also nothing revealed in the movie about this. I can't remember the details when I watched this years ago on TV...but could the back of this box actually be true? Maybe the 3 hour movie revealed more details??<br /><br />Just wondering if anyone knows anything about this.",negative
"This title seems more like a filming exercise than a film that should have been released to be seen by the public. For Dafoe and his wife it must have been fun working together in a film for the first time, without taking into consideration that people might actually watch it. I felt like it was 90mins wasted as I waited anxiously for a plot to develop, or even begin.<br /><br />Try to fit this film into a genre and you won't, because it lacks a beginning, middle or ending. I've seen 'arty' movies before and this doesn't even come close to being arty, abstract or original, it just seems to me to be completely pointless.<br /><br />I think it speaks for itself when the only persons that rated this film a 10 were the under 18 age group. No doubt for the constant pointless erotic scenes that the film was insistent on throwing at us. That is if you can call it erotic. It certainly didn't have taste.",negative
"(Warning: May Contain Spoilers) Let Rosalina help Mario lead the way and smile because this game will brighten your day. <br /><br />120 stars will require luck and skill, but 60 will bring you as much of a thrill!<br /><br />Blasting through stars show Mario and Luigi and what travelers they now are! <br /><br />Walking upside down has never been more fun, especially a final battle with Koopa near the Sun! <br /><br />This is truly a super awesome game and it absolutely deserves a place in Nintendo's Hall of Fame!",positive
"There are worse ways to spend an evening than watching this movie, although it IS a tad predictable. Drew Barrymore does a very good job of being the outcast nerd in this film - excellent casting choice. What I found a bit hard to believe is that the popular girls finally accept her - in my experience that crowd has a longer memory than that, and knowing how AWFUL Drew's character was (ostrich feathers?) at the start of the school year would have kept them miles away, regardless of what rumors her brother drums up. (And does ""Kole Slaw Food"" really make HIM all that popular? I doubt it). As for rooting for Drew's character to win big as a reporter - well, I would have hoped she could have come up with a story long before the prom. A bit contrived. Having said all that, it was a cutsie piece of fluff that will be entertaining as long as you don't expect too much.",positive
"Mr. Mike was probably the most misanthropic comedian of all time, so I was interested to see what he'd do with total creative control over a movie. Sadly, it is unwatchable, though not because the jokes aren't funny--some (I won't say most) of them are, and in fact Mr. Mike did a good job translating his mentally unbalanced screeds into visual gags. The trouble is that the technical quality (sets, lighting, sound, editing, you name it) is so God-awful, the movie is intolerable. Some outfit called ""PKO Productions"" gets the producing credit, but it doesn't look produced at all; it looks more like Mike stole one of the cameras from the SNL set and made the whole thing in an afternoon. I realize Mike's goal was to torture the audience, but even that deserves some basic standards, such as the ability to actually see, hear or comprehend whatever it is that's supposed to be shocking. Still, the DVD isn't a total waste: it includes a eulogy for O'Donoghue by Bill Murray and three ""Mr. Mike's Least Loved Bedtime Stories"" from SNL. Plus, the ""cat swimming"" section of the movie is a great scene to be caught watching if you want to freak someone out. 3/10",negative
"I attended an advance screening of this film not sure of what to expect from Kevin Costner and Ashton Kutcher; both have delivered less than memorable performances & films. While the underlying ""general"" storyline is somewhat familiar, this film was excellent. Both Costner and Kutcher delivered powerful performances playing extremely well off each other. The human frailties and strengths of their respective characters were incredibly played by both; the scene when Costner confronts Kutcher with the personal reasons why Kutcher joined the Coast Guard rescue elite was the film's most unforgettable emotional moment. The ""specific"" storyline was an education in itself depicting the personal sacrifice and demanding physical training the elite Coast Guard rescuers must go through in preparation of their only job & responsibility...to save lives at sea. The special effects of the rescue scenes were extremely realistic and ""wowing""...I haven't seen such angry seas since ""The Perfect Storm"". Co-star Clancy Brown (HBO's ""Carnivale"" - great to see him again) played the captain of the Coast Guard's Kodiak, Alaska base in a strong, convincing role as a leader with the prerequisite and necessary ice water in his veins. The film wonderfully, and finally, gives long overdue exposure and respect to the Coast Guard; it had the audience applauding at the end.",positive
"I enjoyed ""American Movie"", so I rented Chris Smith's first film, which I thought was a documentary too. In the first minute I saw that it wasn't, but I gave it a go.<br /><br />What a dead end film. Being true-to-life hardly serves you if you're merely going to examine tediousness, esp. tediousness that we're already familar with.<br /><br />I'm sorry, but will it come as a relevation to ANYONE that 1) a lot of jobs suck and 2) most of them are crappy, minimum wage jobs in the service sector??? I knew that before I saw the film. It didn't really provide an examination of that anyway, as while the film struggles to feel ""real"" (handheld camera, no music, etc.), what's going on hardly plays out as it would in the ""real world.""<br /><br />Would an employer be so cheerful to Randy when he picks up his check, after Randy quit on him after 3 days when the guy said he expected him to stay 6 months?? Or the day after abandoning his job (and screwing up the machine he was working on), that everyone would be so easy on him??<br /><br />A big problem is our ""hero""(?), Randy. This guy is a loser. Not because he's stuck in these jobs, or has a crummy apartment, or looks like one. He's a dope. He doesn't pay attention or even really try at these jobs. He has zero personalty. If I had to hire someone, he wouldn't make it past the interview.<br /><br />I'm looking forward to what Chris Smith does next, but guys, knock off the ""this-is-an-important-film"" stuff. ""American Job"" doesn't work.",negative
"Mishima is one of the greatest films ever made. Now I think Paul Schrader is the greatest screenwriter of all time, but I don't really like the films he's directed of what I've seen (with the exception of this and Affliction), but this is an amazing, disturbing, and highly 3-dimensional character study. It follows the life of Yukio Mishima, Japan's most celebrated writer, combining the last day of his life with flashbacks and his stories. I don't know how, but Paul Schrader manages to combine all of those in a very artistic way. The acting is great, so is the photography, and a perfect score by Philip Glass. Although confusing the first viewing, this is one of the few films that becomes richer with each viewing. Truly an underrated gem of a film.",positive
I absolutely loved this movie. It met all expectations and went beyond that. I loved the humor and the way the movie wasn't just randomly silly. It also had a message. Jim Carrey makes me happy. :),positive
"Do you get it? Like the car. These are the jokes, folks. Softcore Beach Blanket Bingo with aliens answers many of life's important question. What do the relatives of celebrities do for some cash? How does a hot tan alien wash herself? How much wood could a woodchuck chuck if a woodchuck could chuck wood? Well, maybe not that one. Linnea Quigley, member of the Softcore hall of fame, provides some comic relief. Nikki Fritz, also a member, show her talents. Sarah Bellomo is not as bad as you might expect from a porn star. This is not erotic, except the shower scene, and not funny enough to make up for the rotten plot. The sequel has a couple of pleasant scenes as well with Miss Bellomo.<br /><br />P.S. The title is a good example of alliteration.",negative
"Another powerful chick flick. This time, it revolves around Diana Gusman who is always getting into fights at school. Instead of getting expelled, she takes her anger elsewhere, to the boxing ring. She trains to be a boxer and there she meets featherweight Adrian and begins to fall in love with him. This movie has a powerful message of taking your dreams and going with them even if someone doesn't believe in you (in this case, her dad doesn't believe in her). That alone makes the movie worth the price. Enjoy",positive
"Some time in the late 19th century, somewhere in the American West, several cowboys in need of money go on a buffalo hunt. The group's leader believes that buffaloes are too numerous for the hunting to have any impact, but the more experienced hunter has seen how quickly the population can collapse, and he isn't so sure. Featuring buffalo herds living in South Dakota and showing film of actual hunting (the movie's introduction explains it as necessary thinning of the herd), the movie does an excellent job of presenting us with the plight of the buffalo and its effect on Native Americans without ever getting preachy about it.<br /><br />The real story, however, is about the dysfunctional family which is created by the small group formed to do the hunting. The father figure is Charlie, a violent man with a short fuse. Sandy, his ""brother"", is the experienced hunter who is tired of killing but needs the job after losing his cattle. A half-Indian boy, who hates the fact that he looks entirely Caucasian, takes the role of adopted son. The grandfather (and moral compass) is an alcoholic buffalo skinner; Charlie's ""wife"" is an Indian woman whose companions he killed after they stole his horses.<br /><br />Charlie is clearly the most interesting figure. He is mean and insulting towards everyone around him, yet at the same time he knows that they are the only family and friends that he has. He expects the abducted Indian women to hate him, then accept him, but he doesn't know how to react when she refuses to do either. He's the one who put the family together in the first place, but he's also the one who is fated to ultimately destroy it.<br /><br />This is all very similar to the classic ""Red River"", which also features a family of sorts being torn apart by the increasingly violent and alienated father figure. As one might expect, this movie suffers by comparison. The plot is not as focused on developing the characters and family dynamics, and the direction fails to keep all of the scenes working towards this common goal. Charlie is so thoroughly unlikable from the very beginning that we never have any reason to care about what happens to him or his family. On the positive side, however, the message surrounding the buffalo slaughter adds an extra dimension to the film and its conclusion is far superior to the Hollywood ending which was tacked on to the end of ""Red River"". As a result, ""The Last Hunt"" is an interesting and entertaining film, very well made, but falling short of what would be needed to consider it a classic.",positive
"This was very energetic and well played show. I saw it back in 98 and my friends and i still joke about it. Each time I watch it's always as funny as the first. I also love the way that everyone can relate to it in their own particular ways. I am very much looking forward to seeing more of John's own scripts and productions. <br /><br />Unfortunately I can't find it anywhere for sale, and I've done quite a lot of looking. If anyone knows a website or store to refer me to, I would very much appreciate it as I am looking for his other live performances as well. Please send me a message if any of you have info on the subject. Thankyou.",positive
"This is just a bad movie. With what seemed to be quite a nice budget it had potential to be much better. It almost were. With the heroine beautiful almost like Salma Hayek, hero fighting almost like Jackie Chan, battles and duels almost like in Crouching Tiger..., music almost like in, say, Conan... etc. Almost. But in the end it's just dull and it is hard to find anything interesting in it. Maybe apart of John Rhys-Davies flying in duel like those warriors in Hero or before-mentioned Crouching Tiger... I am really ashamed of poor old John. He is after all quite a good actor and deserves much better. So as you - so if you still have a chance just watch something else.",negative
"I was geared up to not like this movie, and the first 10 minutes or so did nothing to allay my fears. It starts off with 2 high school gangs squaring off against each other with bad kung-fu. A scenario found in countless other Korean films. Ho-hum. Add the fact that the story was written by the same guy who wrote ""He Was Cool"" (which was barely passable) and, well, I thought I was in for a nondescript 2 hours.<br /><br />But don't give up so quickly! ""A Romance of Their Own"" was directed by Tae-gyun Kim, who also did ""Volcano High"" (which I thought was loads of fun). Anyway, ""Romance of Their Own"" soon takes a turn much for the better. A high school girl, just having moved to Seoul, finds herself in the middle of attention from two prospective suitors. Each guy has his own merit, and it is not clear which one (if either) would be the right pick.<br /><br />What follows is not your usual teen love triangle. The emotions are complex, and while you may not agree with certain choices or actions as the film develops, you can certainly understand why the characters make them.<br /><br />The movie asks questions of the characters and the audience. Who does one choose? At what point is one obligated to even make a choice (and is it unfair to one if it seems he is being strung along)? After you (or your heart) has made a choice, how do you react (and how *should* you react) when new information comes up that sheds new light on the situation? There is one scene, near the end, that is very subtle but perfectly captures what I think would be a real-life reaction instead of over-the-top ""movie reaction."" The subtlety is in a character in the background of the scene. Recent events and revelations have left him confused and emotionally overwhelmed. Basically, he doesn't know what to make of things. Instead of having him ""act out"" something, or look all gape-mouthed dumbstruck, he just stares off at some fixed point unable to react or say anything at all. It's like someone just pulled the plug on him. His reaction rang true to me and I appreciated the scene.<br /><br />Like most Korean films, there is a mix of action, bravado, slapstick, and melodrama. Korean films often take abrupt turns (see, ""Sex Is Zero"" for a great example), which can be quite a shock for the uninitiated. Go ahead and initiate yourself with this one. Like it, love it, or hate it, I think most viewers will be able to relate to and appreciate the characters' actions and reactions.",positive
"CHANCES ARE is a charming romantic fantasy about a woman (Cybill Shepherd) whose husband (Christopher McDonald) is killed shortly after learning she is pregnant. We then see the husband in heaven letting the powers that be know that he was taken too soon and that his wife needs him. He is told he can return to earth but not as himself. Flashforward 19 years where we see Shepherd's daughter (Mary Stuart Masterson) preparing to graduate from college and encountering a young man (Robert Downey Jr.)who, it turns out is the reincarnation of her father. The film is a little on the predictable side...the story goes all the places you expect it to, but it is so charmingly played by an energetic cast (especially Shepherd and Downey) that you can't help but get wrapped up in the fun. Shepherd has rarely been seen on screen to better advantage and she and Downey are backed by a talented group of character actors in supporting roles. A lovely and charming fantasy that will engulf and enchant you.",positive
"A wonder. One of the best musicals ever. The three Busby Berkely numbers that end the movie are spectacular, but what makes this film so wonderful is the incredible non-stop patter and the natural acting of Cagney and Blondell. (Keeler is also lovely, even though she may not have been a great actress). There's a freshness in the movie that you don't see in flicks today, much less in the usually stilted 30s films, even though the plot, involving the setting up of movies prologues, is quite dated.",positive
"Spoilers of both this and The Matrix follow.<br /><br />I liked the original Matrix a great deal. It was not a deep movie, despite Fishburne's attempts to philosophize, but it was fairly well paced, fun, and I have a soft spot for Hong Kong fights.<br /><br />In the original, Neo was the secret life of the rather unhappy cube worker Anderson. By day, corporate drone, and by night, brave hacker. Eventually, he eventually is forced to choose between these lives by his actions - does he become an outlaw fighting the machine, or does he go back to the safe, forgettable world he started in. Interestingly, he discovers that once one is shorn of illusions, life rather sucks. He has his girl by his side and his boon companions, but he eats processed swill, dresses in sweats, and lives in a truly skungy bit of machinery. Still, the truth makes him free.<br /><br />At least part of the fun of that first movie lay in the ""what if it were me"" questions raised in the viewer's mind. What if _I_ were capable of the impossible? What if I were ""The One"". It does not even matter that much what you are The One example of, with a cool title like that.<br /><br />Further, agent Smith made a wonderful bad guy, as he embodied all of the fear of authority that we carry with us. He was as unstoppable as a terminator, and as merciless.<br /><br />At the end of the Matrix, Neo must return to the Matrix to share his good news of freedom.<br /><br />This movie fails to completely to carry through on the ideas of the original movie, and it does so with such lack of gusto, such poor scriptwriting and such poor editing that I cannot believe they had planned these changes. When the dialog is at a fifth grade level, with various long words dropped in randomly, I find it hard to believe that they understand what they are saying.<br /><br />My short list of characterization failures:<br /><br />The Oracle goes from mildly helpful, if deceitful to utterly obstructionist without any real reason.<br /><br />Major ""personalities"" of the matrix are introduced without need - the keymaster, for example, was a cute idea, but just not that interesting a character.<br /><br />Fishburne loses his ""advisor"" role, and gets nothing to replace it with.<br /><br />The people of Zion are not particularly likable, nor would you really _want_ them running the world.<br /><br />Special effects problems:<br /><br />The fight scenes are pointless and intermitable. In The Matrix, you felt Neo could lose, and that he had to become something greater in order to survive. In The Matrix Reloaded, he is merely the viewpoint character of a particularly poorly plotted video game.<br /><br />The fight on the freeway looked quite fake, and not that interesting.<br /><br />Pacing problems.<br /><br />As I mentioned above, the fight scenes were interminable.<br /><br />The rave went on too long - everyone in my row at the theater was looking at their watch. Not because we mind good dancing and good orgies, but because we did not know about the people pictured, nor did we care.<br /><br />Whatever hack wrote the creator's soliloquy should be blacklisted from the business. It meandered, used words that the scriptwriter clearly did not understand, and was a waste of time and a pacing killer. The creator's speech could have been done in a tenth the time, and with more peril as ""Zion exists to give rebels a place to go so they do not destroy the Matrix. There are now too many people who do not believe; the matrix is in danger of crashing and killing every person hooked up to it. Further, the earth cannot support even the people in Zion, let alone these others. You may choose one person from Zion to form the new Zion, while I wipe the memories of the people currently in the Matrix.""<br /><br />Instead, we got a long, drawn out bunch of twaddle. If someone argues that it is deep, ask for a transcript, and try breaking down the sentences. Each one is too long by several clauses, and uses words with clearer, shorter synonyms.<br /><br />So, in summary, not worth seeing.<br /><br />I have seen the third one, and despite what a number of reviewers have said, skip it. It does not save this turkey.<br /><br />The reviewers who feel that the second and third movies were ""deep"" should go see some truly deep movies. Perhaps read a book or two on rhetoric and debate, and perhaps a bit of philosophy. This movie is just not hard to understand, but it is hard to stomach.<br /><br />Scott",negative
"I first saw APOCALYPSE NOW in 1985 when it was broadcast on British television for the first time . I was shell shocked after seeing this masterpiece and despite some close competition from the likes of FELLOWSHIP OF THE RING this movie still remains my all time favourite nearly 20 years after I first saw it <br /><br />This leads to the problem of how I can even begin to comment on the movie . I could praise the technical aspects especially the sound , editing and cinematography but everyone else seems to have praised ( Rightly too ) these achievements to high heaven while the performances in general and Robert Duvall in particular have also been noted , and everyone else has mentioned the stark imagery of the Dou Long bridge and the montage of the boat traveling upriver after passing through the border <br /><br />How about the script ? Francis Ford Coppola is best known as a director but he's everyway a genius as a screenwriter as he was as a director , I said "" was "" in the past tense because making this movie seems to have burned out every creative brain cell in his head , but his sacrifice was worth it . In John Milius original solo draft we have a script that's just as insane and disturbing as the one on screen , but Coppola's involvement in the screenplay has injected a narrative that exactly mirrors that of war . Check how the screenplay starts off all jingoistic and macho with a star turn by Bill Kilgore who wouldn't have looked out of place in THE GREEN BERETS but the more the story progresses the more shocking and insane everything becomes , so much so that by the time reaches Kurtz outpost the audience are watching another film in much the same way as the characters have sailed into another dimension . When Coppola states "" This movie isn't about Vietnam - It is Vietnam "" he's right . What started off as a patriotic war to defeat communist aggression in the mid 1960s had by the film's setting ( The Manson trial suggests it's 1970 ) had changed America's view of both the world and itself and of the world's view of America <br /><br />It's the insane beauty of APOCALYPSE NOW that makes it a masterwork of cinema and says more in its running time about the brutality of conflict and the hypocrisy of politicians ( What did you do in the Vietnam War Mr President ? ) than Michael Moore could hope to say in a lifetime . I've not seen the REDUX version but watching the original print I didn't feel there was anything missing from the story which like all truly great films is very basic . In fact the premise can lend itself to many other genres like a western where an army officer has to track down and kill a renegade colonel who's leading an injun war party , or a sci-fi movie where a UN assassin is to eliminate a fellow UN soldier who's leading a resistance movement on Mars , though this is probably down to Joseph Conrad's original source novel<br /><br />My all time favourite movie and it's very fitting that I chose this movie to be my one thousandth review at the IMDb",positive
"Even though this movie came out a year before I was born, it is definetely one of my favorite comedies. It stars Redd Foxx as a father who tries to understand his son's homosexuality. Like most parents, he doesn't know a thing about what it means to be gay and has all of these stereotypical notions of what gay people are like. His son, Norman, is now grown up and living on his own. When his father, Ben, finds out that his son is gay, he pays his son a visit in hopes of changing him. The title comes from one of the funniest lines in the movie--when Ben gets to Norman's apartments he runs into a female prostitute and thinks it's his son in drag (""Norman... Is that you?""). The movie had me laughing from start to finish. Redd Foxx is great. Although a lot of the content is stereotypical, I didn't find anything offensive about the way the material was handled, and it even has a good ending. Highly recommended.",positive
"Consider for a moment what it must be like to be Uwe Boll. Somewhere, perhaps in those places that Jack Nicholson said 'you don't talk about at parties', Boll knows that David Lean had head lice as a child that had more talent for film making than him. Gore Whores, metal-heads and the socially dysfunctional may bump into him on the circuit and tell him otherwise but general audiences find the Teutonic helmsman's output so bereft of originality, wit or imagination that he's become the internet's bogeyman  an online discursive synonym for photochemical excrement. Boll does his best to ride over these naysayers, exploiting tax credits available in Germany and Canada to keep working and raising money from a network of dentists as Zero Mostel did with old ladies in The Producers. The difference being that Mostel's character knew he was making bowel fill. Maybe Uwe knows it too.<br /><br />Such is the level of hostility toward each new 'Bollbuster' that IMDb patrons sabotage their ratings by voting 1 before they've seen it. Boll's attempts at silencing his critics by challenging them to a boxing match and knocking them out just made them more determined. Indeed he's probably the only filmmaker that's boosted thesaurus sales as critics search for inventive ways of describing garbage.<br /><br />This onslaught has made Uwe a very thick skinned man, so much so that he must feel like he's wrapped in a carpet, but one who feels as if he's bullied by the entire world. Like most people in that situation he lashes out, determined to upset as many people as possible with the memory of a tearful evening holding Variety's review of House of the Dead, never too far from the surface. This 'I know you are but what am I' strategy for reclaiming the initiative produced the blunt satire of Postal, which attempted to napalm the dissenters with jokes about 9/11, Christian fundamentalism, Jihad, Nazism and paedophilia. Such a litany of invective requires a satirist with the mind of Peter Cook and the visual imagination of Chris Morris but the closest Boll gets to either man is the o in their surname.<br /><br />In Seed, shot back to back with the aforementioned game adaptation, Boll is back with a story about a sadistic serial murderer (is there any other kind?) who gets the chair only for two attempts to fail in permanently curtailing all signs of life. Mindful of the fictional law that says anyone still alive after 3 attempts must go free, though if you'd been fried with that much electricity why would you want to, they pronounce him legally dead and bury him, only for the disgruntled killer to resurface and begin a whirlwind tour of his gaolers.<br /><br />Boll begins his 'exploration of nihilistic rage' with Seed watching footage of animals being tortured for experimental purposes. From there we're treated to the killer's stock in trade  kidnapping dogs, babies and grown women and allowing them to starve to death on camera only to become maggot food. We're invited to reflect on what a depraved race of amoral meat sacks we all are  our inhumanity to each other and our fellow creatures acting as a lighting rod that acts as a catalyst for the most disgusting vestiges of the human condition. Yes, we're worthless, gormless sadists and worse than that, we won't give Uwe a good rating on the IMDb. In short, humanity is bunk.<br /><br />Of course you might think that Uwe relies on our worst excesses for his livelihood and with that in mind it's a bit of a bipolar piece, on one hand hating its audience and positively basting itself in the sour milk of human kindness  the milk that poor old Boll has had to drink for so long, while simultaneously whipping out its member and inviting those with a pornographic lust for on screen depravity to marvel at its sheer arse splitting girth.<br /><br />The result says nothing about society and its discontents, more the corrosive effect bad press is having on its director. Poor Uwe is obviously a very angry man  one scene in which a poor woman gets her brains hammered to a pulp while tied to a chair, no doubt a surrogate for his own fantasy's about dispatching various web critics. That it's there but takes an avant-garde approach by failing to be attached to any kind of narrative thread, shows that Boll is a pornographer whose happy to engage with the blood lust of his audience and knows that plot is surplus to requirements. He's made a film which is competently shot but utterly desolate. ""I wanted to make a horror movie that was no fun"" Boll told the audience at the film's world premiere and he has, on that flimsy manifesto, succeeded but if this was supposed to convince the director's detractors that he was a serious genre filmmaker, he'll need something genuine to say as well as a better, more original way of saying it.",negative
Now i have never ever seen a bad movie in all my years but what is with songs in the movie what physiological meaning does it have. WOW some demented Pokémon shows up and they multiply i can get a seizure from this. Animie is pointless the makers of it are pointless its a big marketing scheme look just cut down on songs and they will get a good rating i reckon that this movie would have been fine if they put out a message you must see all the Pokémon episodes to understand whats going on and it is not a film. It is just an animation it should be on video.<br /><br />Ps: i'll give it a 1 because i just got 5 bucks i could not give it a half because there's no halves.,negative
"I highly reccommend this movie. It blurs the line between childhood fantasy and everyday reality in such a seamless fashion that it has to be seen to be believed. The actors and director have such perfect timing that in one scene a name calling fight becomes a sort of dance. I loved the story line, the actors, everything. While I do think there were one or two decidedly cheesy scenes, over-all the movie was impeccably done.",positive
"This movie is very very very poor. I have seen better movies. <br /><br />There was a bit of tension but not much to make you jump out of your chair. It begins slowly with the building of tension. Which is not a success. At least if you ask me. Though at some points or moments I must say it was a bit funny when people got shot and how they went down.<br /><br />They should had made it something like Scary Movie, then it might be a better movie. Because I watched only pieces of the movie by skipping scenes and it got to boring through out the movie. I must say that i felt sleepy watching this movie so I sure can say it is not worth it.<br /><br />Don't waste time on even thinking to do something with this movie besides leaving it where it already is. Somewhere very dusty..",negative
"This movie basically is a very well made production and gives a good impression of a war situation and its effects on those involved. It's always interesting to see the story from the 'other' side for a change. This movie concentrates on a group of German soldiers who after fighting in the North Africa campaign are send to Stalingrad, Russia, where one of the most notorious and bloodiest battles of WW II is being fought.<br /><br />It's interesting to see the other side of this battle, since we mainly just always see the Germans simply as the 'villains'. In this movie those 'villains' are given an humane face and voice and it sort of makes you realize that the only true enemy in war is war itself and not necessarily those who you're fighting against. At first it's kind of hard to concentrate on the movie because you always just have in the back of your mind that the German's are the evil villains. But of course you get accustomed to it quickly and you soon adapt the Germans as the main characters of the movie and you even start to care -and be interested in them.<br /><br />The way this story is told isn't however the best. It's hard to keep track of the story at times, as it jumps from the one sequence and location to the other. The movie isn't always logic in its storytelling and features a bit too many sequences that remain too vague. It also is most of the time pretty hard to keep the characters apart and see who is who. It doesn't always makes this movie an easy on to watch but than again on the other hand, there are plenty enough sequences and moments present in this movie to make it worthwhile and an interesting one, just not the most coherent one around. In that regard Hollywood movies are always better than European movies.<br /><br />The production values are high and features some good looking sets and locations, though the movie wasn't even shot in Russia itself. It helps to create a good war time situation atmosphere.<br /><br />The character are mostly interesting although perhaps a tad bit formulaic. But I don't know, for some reason formulaic characters always work out fine in war movies and strenghtens the drama and realism. It also helps that they're being played by well cast actors. All of the actors aren't the best known actors around (Thomas Kretschmann was also at the time still a fairly unknown actor) but each of them fit their role well and gives its characters an unique face and personality.<br /><br />All in all not the best or most consistent WW II drama around but definitely worth a look, due to its original approach of the German side of the battle of Stalingrad and its good production values.<br /><br />7/10",positive
"I do not know which one was first released earlier in 1970 . Cannon for Cordoba is an ""Europen Western"" It was made in Spain. This means this is fairly inferior to Sergio Leone's so-called #Western Spaghetti and to the Real American Masterpieces of John Ford, Sam Peckinpah, Howard Hugues,John Sturges and Anthony Mann, in my order of merit. This order is not to be interpreted as all John Ford Westerns are better than all by Sam Peckipahn's. I think IMDb's 100 Sort them out all pretty well.<br /><br />The worse about this firm is the Casting. George Peppard is fit for a sergeant's role, Raff Valone for a ""Maffia Capo"" and Giovanna Ralli to a ""puttana"" in ""Piazza Vennezia"" in the sixty's in Rome.",negative
"Thanks to a smart script and a steady hand from Writer/Director Kevin Meyer, ""Perfect Alibi"" is an entertaining and very likable mystery thriller. The movie starts methodically and builds up steam as the clues begin to reveal that nothing is what it seems to be. Teri Garr and Hector Elizondo are terrific as they team up to unravel the mystery, reminding me of Nick and Nora Charles, from the ""Thin Man"" movies. Kathleen Quinlan is excellent as Alex McArthur's tormented wife and the character roles, played by veteran actors Charles Martin Smith, Bruce McGill, Anne Ramsey and Estelle Harris are well done and provide plenty of light moments at just the right time. There's even a cameo by Rex Linn. In all, I felt like I was reading a good book by the fire.",positive
"Truly unique and stunning film of Jules Verne's ""For The Flag"" by the Czech master director Karel Zeman.Although the story is enacted in a rather understated late Victorian style, the visuals are a knockout. Zeman uses animation, graphics, painted sets, model animation combined with live action to create the atmosphere of Verne that the reader associates in his mind. The style resembles the steel engravings of Dore and Bennet and Riou that illustrated these stories with a healthy dose of Georges Melies added.Photographed in beautiful black and white the animation is of the highest order and not of a Saturday morning variety. There are underwater sequences where the fishes swimming about are so accurately drawn they can be used in a field guide.There are images of ships ,submarines, flying craft, castles,and machinery that are drawn in such accurate detail that one must have a freeze frame on his VCR or DVD to pause the scene and study the remarkable detail that went into this production.The late Victorian atmosphere is designed to look like this world that never was and delight us in the magic of science that made Verne the great father of the genre. If this is not enough, there also is the film score that probably is one of the best ever created for a fantasy or sci-fi film.Truly a forgotten classic, this one is worth hunting down and buying. Always one of my favorite films of all times, it is sure to be one of yours too. And remember- this was done decades before CGI or computer animation. Kudos to the great artists who obviously put their heart into it. It shows. Jules Verne himself would be proud of this movie.A film that deserves to be better known, but those who have seen it love it-and treasure it. An outstanding achievement , this remarkable film just gets better every time you watch it. A true cinematic work of art from a visionary director.",positive
"Honestly, I find this film almost too depressing for my own good. It is VERY depressing until pretty much the very end. There is no way I can justify passing judgement to any character who did things I didn't like (well, except for the disgusting character played by Fredrick Forrest). But it's still so frustrating to see people behaving this way, putting up walls around themselves when just a word or so could break the ice and promote healing.<br /><br />A horrible tragedy strikes a Montana family. They believe they've lost one son, but it turns out they've lost 2. The key is, if they just communicate and face their grief together, they won't end up losing their second son permanently.<br /><br />But they just can't. Something is blocking this family from sharing their sorrows. Some family retreat into silence and resentment while certain others point fingers of blame (and then go ahead and cheat on their poor pregnant wife by seducing the pretty girlfriend of the deceased...that Andy character truly is a snake!) The only member of the family that isn't threatening Arnold in some way is his Grandpa (Wilford Brimley). Grandpa seems to be able to speak to the boy without judgements or even kid gloves. He seems to know what the child is thinking about even though Arnold isn't saying much these days. It is truly a blessing for the poor kid to have that one someone he can turn to. No one else seems to grasp the fact that Arnold might be in shock, in denial, or that his way of grieving may not be the same style, or at the same speed, as they would expect. It's so easy to judge and to be angry and to feel someone is ""made of stone"" just because they don't grieve in a way we believe they ought.<br /><br />The story is very quiet and naturalistic. You're not going to get some spoon-fed narration or some Hollywood feel-good resolution. I was very concerned by the fact that this child was so burdened with guilt that he felt it necessary to hitchhike several hundred miles to apologize to that piggy Andy's wife, for something he should not blame himself for. Arnold may have accidentally killed his brother, but nobody is responsible for the end of that marriage, which apparently was a lousy one anyway, except for the two people in the marriage. It's only dumb luck Arnold didn't get into the car with a pedophile or a murderer.<br /><br />Robert Duvall and Glenn Close are frustratingly effective as the parents who somehow cannot find it in themselves to communicate with their son, to find out what Arnold is going through. Jason Presson, whom I've not seen anywhere else except for a childhood favorite called EXPLORERS and a creepy ghost story called THE LADY IN WHITE, did an incredible job as Arnold, a great performance from a child actor.<br /><br />Aside from being somewhat slow at times, THE STONE BOY is an excellent, and very depressing movie.",positive
"One of the best sitcoms to run on Indian television along with Dekh bhai dekh and Idhar udhar. Great acting, well paced and an extremely amusing script made this a truly memorable series. The fun filled opening montage (sung by none other than the inimitable Kishore Kumar)gave a very accurate picture of what one could expect. I used to borrow it from my local video library years after Doordarshan had stopped airing it. I wish Indian television would revert back to serials such as these rather than the asinine saas-bahu soaps and reality television which is all its good for these days. Anyone who's found of genuinely good comedy ought to go and get this series. You'll might also enjoy a couple of Pakistani sitcoms such as ups and downs and aik aur aik which are certainly comparable to India's best.",positive
"Seriously, if you want to see a cliché horror movie you have to see this one I guess. It contains all the "" scary parts where nothing happens "", "" the nerd type who actually isn't killed"", "" boy and girl coming together and surviving"", ""facing an old child-fear"" etc... I can go on. I wanted to see this movie cause i tought the mix of a video game and a movie would work out. Guess i was wrong. Which makes the movie more bearable? It is only 1hour17min so if you are bored it might be a good idea although i rather stay bored. Why absolutely not see it? Frankie Munitz aka Malcolm is just irritating as the nerd-type. I could smack the guy and it is so sad he didn't die earlier and in the end he even comes back. See something else!",negative
"In the veins of Jeepers Creepers and The Texas Chainsaw Massacre, Monster Man surprisingly well-made--though mindless--little horror. Throw in a little buddy-comedy, nice gore and intense scare. It's hard no to say that Monster Man is really entertaining. The low budget seem pretty obvious, but it doesn't effected the presentation of the movie in general and put more big budget horror movies in shame.<br /><br />Yes, the plot somewhat generic as possible. Pair of friend, Adam (Eric Jungman)and Harley (Justin Urich) are driving cross country to interrupt the wedding of a woman Adam has always loved. While Adam is more nerdy type, Harley is a self-proclaimed ladies man and very offensive loudmouth. Adding a bonus to the plot, then they picked up a sexy hitchhiker, Sarah (Aimee Brooks). Things turn into nightmare when a monster truck with scary face drive stalking them. When dead body starts counting, they must do the race against the time before their own life on risk.<br /><br />The plot is obviously reminiscent of many prior famous horror movies, but Michael Davis as the writer and director succeed in keeping the tension. The scare is build well enough, where characterization is never be the best, but fairly okay. The script also littered with comedies that works for the funny moments and they quite enjoyable rather than annoying and also wait for the twist in the finale. It's hilarious and shocking in the same time, which is pretty amusing.<br /><br />As conclusion, Monster Man surprisingly entertaining. It deserves more attention in the big screen. It proves that big budget doesn't make an effective horror movie, but skill does! Something that the director has shown and delivers.",positive
"in fact,it's basically the same movie.and they couldn't even get the time line of events correct.maybe that was intentional due to laziness or not caring.either way,this thing is a real woofer.it doesn't even deserved to be called a movie.i viewed this as a so called second feature on the disc containing the original The Boogeyman.i thought my head would explode,and i urge you to run as far in the opposite direction of this thing,if you should be cursed with the misfortune of combing across it's path.it should come with a warning label like:Warning-may cause your i.q to drop several points if you are within it's vicinity.for me,there's no doubt this thing is a 0/10",negative
"Yes, absolutely dreadful, And this coming from someone who loves bad movies - but there's a limit. I enjoy all sorts of horror/suspense films, and have seen some wonderful work from European film makers. Broceliande is sadly not among those those wonderful pieces of film-making. The camera work is worse than amateurish. Not the fashionable, shaky MTV ""cameraman needs Ritalin"" type of camera work so many film-makers use to camouflage their lack of talent. This is simply bad frame composition and terrible image composition. The acting is farcical when it is not entirely two-dimensional. The dialogues are stilted and unnatural - even more so than your usual run-of-the-mill horror/suspense film delving into pseudo-mysticism. I think that what put me off the most was the horribly choreographed fight scenes at the end of the film. These were bad to the point of being ludicrous. I've seen what a small budget can do, and it can do wonders. This was just bad film-making. Very, very sad.",negative
"This movie was nominated for best picture but lost out to Casablanca but Paul Lukas beat out Humphrey Bogart for best actor. I don't see why Lucile Watson was nominated for best supporting actor, i just don't think she did a very good job. Bette Davis and Paul Lukas and their three kids are leaving Mexico and coming into the United States in the first scene of the movie. They are going by train to Davis's relatives house. Davis and Lukas were in the underground to stop the Nazis so they are very tired and need rest. But when they arrive home, their is a Nazi living there and their's not much either can do about it. It turns out the Nazi only cares about money and is willing to make a deal with Lukas. Their is more to the plot but you can find that out for yourself.",positive
"I'm not usually a fan of strictly romantic movies but heard this was good. I was stunned. Easily the most romantic thing I've ever seen in my life. Stunning. Brilliant, sweet, funny and full of heart. The chemistry is flawless as is the writing and directing.<br /><br />Ethan Hawke and Julie Delphy are so natural and sweet together you really think they're a couple. <br /><br />The movies grabs you right away and doesn't let go. You can't look away nor can you stop listening to them. Even the little moments just melt your heart. <br /><br />This has jumped into the ranks of one of my favourite ever. A masterpiece.",positive
"For a long time I did not know weather I liked this film or not. This is surprising, because I usually do know, but because the film did not go anywhere, I was a bit confused.<br /><br />Two people move into a somewhat communal household setting. Finding their spouses constantly working or away on business trips, their attention, out of sheer loneliness, wanders to each other. After a platonic love affair, the male lead played by Tony Leung Chiu discloses that he has a mistress on the side. Su Li-Zehn, played by Maggie Cheung is hurt, even though their love affair has not been physically consummated. Chiu leaves the country, only to come back years later, when everything has changed.<br /><br />For the cynic's part, the film is correct. By never actively or actually touching the part of love, but only approaching it, the film, admittedly says more than so many others have on the subject. It is also true, I think, that nothing good could have come if they did go on to have the affair. At least that's the feeling I get.<br /><br />If we are to believe it, however, when Garica Marquez writes that ""...love is a state of grace; not the means to anything but the alpha and the omega, an end in itself,"" then this film falls miserably short of this, as do all others. Or, if you are inclined to entirely incomplete minimalism, hits it right on the mark. What films in history have achieved, approached, or sustained this phrase, if for only a short while? My honest feeling in memory is that about two. When Harry Met Sally suggests effectively this romantic perfection; and the getting is all in just getting there. It is interesting that in When Harry Met Sally, this is done in the course of wooing, rather than in its attainment. Can't anyone say anything good about love after it has been achieved by two individuals? Nicholas Spark's recent film The Notebook comes closer to this perhaps than any other film; are we to believe that once love is achieved it flies of the radar only to exist in perfection in some other dimension, or, more true perhaps, becomes latent vehicle for other ends? <br /><br />In the Mood for Love is an honest film,with gorgeous and generous cinematography worthy in all respects of the best that Almodovar has to offer, yet all it manages to say in the end is that ""Life is sometimes like this."" Now this is by no means a diffident thing to say, especially if said well, but the problem really comes at the end of the last act when Kar Wai Wong tries to round out the film by relating, only for the second time, a broader historical theme that plays in the background of the relationship which has just taken place. This is a worthy effort, and the variation on the musical motif played throughout the film is rather brilliant, but the theme's relatively spare indictment plays too little to have much more than a superficial effect on the holistically inclined audience, leaving the viewer to split the difference, a mistake in any film. A director should know where he is going, and how to get there. But in all honesty, it is only one wrong turn. However, as anyone knows, all it takes is one notable imperfection to spoil the perfect barrel of honey.<br /><br />The effort, though, is definitely worth while; trying to let a historical theme broaden and round out the film and raise it beyond the micro-meaning of the couple, but without any real foreshadowing, it is the crucial mistake. In a word, and unfortunately, it is too little too late. It is also, I think, too much of a challenge for the non-Asian viewer not familiar enough with China's history to appreciate completely this sweeping stroke.",positive
"After ""Attack of the Fifty Foot Woman"" with Alison Hayes opened the doors for women to be just as dangerous as men, there was obviously an open market for other movies to pick up and carry the torch and what more a lovely actress than Dorothy Provine from ""It's A Mad, Mad, Mad, Mad World"" to play the role. The downsize is that cute and blonde Provine may just be too sweet and innocent looking to step into Allison Hayes' size 50 shoes. This role really needed someone with an amount of smoldering sex appeal; Provine is more the girl next door type. She may have taken and done this role to prove she could be sexy, but the material lets her down. Lou Costello, however, proves he can do a movie without Bud Abbott feeding him lines and he even interjects a dramatic role in some of his scenes when he not turning to Gale Gordon as his front man for gags. Gordon, however, establishes that all he can be is blustery, perturbed and pushy, much the same character he creates later on ""The Lucy Show."" Charles Lane also plays the same role in everything he does: a straight man, and his screen time is limited. The special effects are convincing for the time, but I would have liked Dorothy to have been a little more than cheesecake and dressing and at least have been allowed to become dangerous. As the movie's lead character, she takes second billing to Costello who is in all of the movie with Dorothy several times vanishing like a sub-plot. The whole movie put together just can't decide if it's supposed to be science fiction, a comedy or just a parody of the Allison Hayes classic. There's a lot of good scenes, some very funny humor and some very ridiculous camp that affects the rest of the film. Still, I do like this movie for it's empowerment of women; there's not enough movies out there like this one. If this movie had a chance to be remade today, I'd highly recommend Courtney Cox and Jason Alexander in the lead roles and allow me to completely re-write the original script. Courtney tops my lists of actresses who I believe could and should adequately play gorgeous giantesses; although, I have to admit that if either of the titanic beauties Allison or Dorothy came after me, I'd go quietly !!",positive
"I agree with the Aussie's comments for the most part. However, there id seem to be a fairly decent plot, if unoriginal. Christina (Kelli McCarty) inherits a rural property that she intends to open a mountain lodge. She gets reacquainted with Chip (Bobby Johnston) whom she had known when she was growing up in there. The plot thickens when James (Paul Logan) arrives with his new stripper friend, Shene (Devinn Lane) because Christina had been James' stripper friend in years gone by, and the implication is that James had done her wrong somehow. To add interest to the movie Sophia Linn (Monique Parent) a romance novelist shows up as a guest at the lodge, as do Eric (Sebastien Guy) and Linda (Flower), pair of lawyers from the city. James sicks the local building codes inspector on Christina's business as one of his dirty tricks to shut her down. So the question is, ""How far will James go to sabotage the lodge and will he succeed?""<br /><br />Watch for Devinn Lane here and in ""Beauty Betrayed."" She seems to be making a transition from the hard core business to the ""R"" world. Another notable is Samantha McConnell, playing the role of ""Bait,"" clearly the most outrageous character name in the movies!",positive
"Now I get it. The title refers to each audience member's immediate post-reaction after 68 minutes of mental torture. Trying too hard to be terrifying, lacking good dialogue even any fear for that matter really makes The Screaming Skull more like A Snoring Dull. Albeit, the mansion and property set in black and white does set a dark tone for the movie, but that's about it. The only scary thing about this flop is that people actually made money on this! Remember the coffin guarantee in the beginning? That may be the funniest thing I have ever witnessed on screen. Sad thing is that viewers probably hoped director Alex Nichol was forcibly placed in a coffin, nailed shut, and buried alive for his lame effort. Jenny placed in this unfortunate horrific situation never really draws any sympathy you would feel for a woman whose anxiety is blamed on a haunted, cranial receptacle. Also, her husband John comes off as a condescending wannabe smooth talker, but this doesn't work and he ends up proving how tough he is by slapping a helpless cripple around! Ah, Mickeythe days before you could get a restraining order against estate caretakers like him. This guy's approach is not very good or maybe too much airplane glue. Still, despite his strange persona, Mickey probably is the only good thing going for this movie providing a slight sense of entertainment and I can't get enough of a guy saying ""It was Mary!"" and rummaging through pots in a greenhouse.",negative
"This wartime sitcom written by Jimmy Perry and David Croft, who wrote TV's best programme ever Dads Army, was not as good as Dads Army, but still very, very funny.<br /><br />It is about A concert band in India. Most episodes were about BSM Williams (Windsor Davies) trying to get the concert party, who he referred to as a bunch of puffs, posted up the jungle. He was always unsuccessful as the vague Colonel Reynolds (Donald Hewlett) and the stupid Captain Ashwood (Michael Knowles) were big fans of the concert party. The concert party consisted of Bombadier Solomans (George Layton), Ginger Rogers impersonator Gunner ""Gloria"" Beaumont (Melvyn Hayes), University educated piano player Gunner ""La de da"" Gunner Graham, a.k.a Padarouski (John Clegg), singer Gunner ""Lofty"" Sugden, Gunner Parkins (Christopher Mitchell) (Williams thought Parkins was his son, he was quite wrong), big eater Gunner ""Nosher"" Evans and animal impersonator's (Kenneth MacDonald), he was no Percy Edwards. Also, heavily involved in the adventures were faithful Indian servant Rangi Ram (Michael Bates), with the Char-Wallah and the Punkah-Wallah (Dino Shafeek and Babar Bhatti) giving Ram wonderful support. <br /><br />The show, just like Dads Army left many catchphrases. Rangi Ram used to say to his Punkah Wallah ""Don't be such clever dickie"" and he ended a lot of the shows saying ""Here is a very old Hindu Proverb e.g When wife is having affair with best friend, it doesn't stop your house from catching fire"" It was Williams though who had the most catchphrases. He would always shout ""Shuddup!!!!!"", say ""Oh dear, how sad, never mind"" and when talking to Gunner Graham, he would always sarcastically talk in a posh accent.<br /><br />This show doesn't enjoy the same recognition as Dads Army did. This is probably due to a question of taste: This is seen as being crude. Williams is homophobic calling his men ""Puffs"", though it has to be said Williams is a bore. Also, some people think there is a racial element in the humour, using the fact that Michael Bates was blacked up to play Rangi Ram (Bates was actually born in India though and spoke Urdu before he spoke English), so the BBC will feel a bit uneasy putting it on, even though the vast majority of people who have actually WATCHED the show would agree that the show isn't racist, I know someone who is half Indian, and they weren't the slightest bit offended and agreed like I did that it was a very funny show. When I see an episode for the first time, I laugh probably more than I do for any other sitcom, but when I see it second time round, I don't laugh all that much, but no matter how many times I see Dads Army, I laugh many times in an episode.<br /><br />Best Episode: The Road to Banu, series 1, episode 7",positive
"As far as the movie goes, it's an OK science fiction movie. It has a lot of cool stuff in it, and some quality scenes. That said, it's not that good, and some of the stuff is pretty far fetched...<br /><br />As for calling this another cube-movie is utter and complete bullsh!t. This is the very definition of milking a great and inventive original movie... The whole feel to it can be somewhat translated into the core of the first, but the introduction of people/androids as part of the ""team"" behind the cube itself is somewhat a stretch...<br /><br />I gave this a 3*** because of the backstabbing of the original. This one should have been kept sterile in so many parts of the movie that there is no place or time to mention them all...<br /><br />Watchable for those who have not seen Cube & Hypercube, but not recommendable for fans of the series...",negative
"Abbott and Costello's talents shine in the happily childish version of ""Jack and the Beanstalk"". The use of sepia tone and colour, the music and choreography, song and dance, the crossing over of players from one role to another, plus various other aspects of this very fine movie make it obvious that techniques and styles used for ""The Wizard of Oz"" are being toyed with here. And that works right well for our intrepid duo. There are certain other things involved that make this movie a treat for me ... Buddy Baer's, Max Baer Jr. of ""The Beverly Hillbillies"" uncle, appearance as the cop and the giant. Pat Costello, Lou's brother, having been involved in the writing of the script. These things help make this film fun. It does, however, have it's down side. I do think that the choreography is poorly done. But the cute tunes and accompanying vocals help detract from the rather sloppy dance numbers. Some of the players, the couple in love ( prince and princess ) to be precise, aren't very good at their trade. But these things are a small price to pay for an otherwise throughly enjoyable walk down the yellow brick ... er, I mean ... climb up the beanstalk.",positive
"I am a huge Randolph Scott fan, so I was surprised and disappointed to find he is barely in this film! The movie really belongs to Robert Ryan, who is the hero in the jam, and the one embroiled in the love triangle. Good grief, Gabby Hayes gets more screen time than Mr. Scott in this movie!! For many viewers, that is not a problem, but I am from the Walter Brennan school of sidekicks, not Gabby Hayes...although I will say that his lines were a bit more humorous than annoying in this film than in many of his films with Randolph Scott and John Wayne.<br /><br />Personally, I found the movie very slow going, with a convoluted plot that was muddied even more by the unnecessary romance subplot. By convoluted, I don't mean impossible to understand or figure out, I just mean too messy for its own good.<br /><br />The direction is uninspired, and the two main bad guys have the most unsatisfying come-uppance at the end. The whole movie comes across as fake, unrealistic, and poorly filmed.<br /><br />Just so you don't think I can't find anything good here...<br /><br />On the plus side, Anne Jeffreys is very sexy in her all-too-brief parts of this film. Not sure if it is actually her singing, or someone else, but whoever it was had a very pretty voice. Ms. Jeffreys also had a couple of nice acting moments. The script needed either a lot more of her, or to remove her character altogether. As it was, her nice few moments weren't enough to help the film.<br /><br />Lastly, there is Mr. Scott. He looks fantastic in this film and is the no-nonsense lawman out to set things right. Some folks complain that his characters prior to 1950 were too goody-goody perfect, but that's never bothered me at all. I'll take him goody-goody pre-1950, or gritty and violent post-1950...either way, Randolph Scott was a real Western hero.<br /><br />It saddens me to have to say it, but I would have to recommend passing this film by, unless you are a die-hard fan...there are so many better Scott films out there that this one won't be missed.",negative
"Well, I'll start by admitting I'm not a John Ford fan. (I watched ""The Informer"" only because I'm trying to work my way through a list of the ""greats."") So if you are, just move along, 'cause you're not going to agree with me.<br /><br />What an overwrought and dated piece of silliness this is! I will say that there is a good idea for a movie here (it made me think about how few films there are about the Irish Revolution) but, as usual, Ford is determined to bury it under over-acting and cheap sentiment. I suppose it's somewhat interesting to watch for a while in order to see the less-than-seamless transition that was being made from the silents to the ""talkies"" -- the acting styles of some of the principals have that overbroad quality endemic to early films and movie does feel as if it might play better with title cards than spoken dialogue. (Of course, title cards would prevent Ford from restating every bit of emotion six times.) What dialogue there is usually has a ""They're always after me Lucky Charms!"" quality that is aggravated by the fact that each actor seems to have been allowed to use his or her own personal version of an Irish accent. Of course, as bad as they are, the accents are helpful in reminding us we're in Ireland because the sets mostly look as if they were dragged in from from some German expressionist piece being filmed on the next soundstage over. (It feels as if, with an eagle eye, you might see some villagers off to torch Dr. Frankenstein in the background.)<br /><br />Techniques change. Tastes change. So I won't go off on how crazy it seems that this film was so acclaimed in its day. But it's not one of the classics that hold up --- more just ""fair warning"" about the kind of over-simplified malarkey to which Ford was going to devote his career.",negative
"I just watched this film this morning and I found it to be a great showing of the richness of faith. Babette gave them another way to look at life; not a replacement, but an enhancement. She shared all that she had with those who gave what little they had to her. I see the story of God in here. He sent his only son to man. Man could not possibly give anything that would equal that. So, for our small sacrifice, we are given an ultimate treasure and are transformed because of it. In this film the bickering townspeople have so consumed themselves with a small interpretation of God. Babette showed them that life and God can indeed be beautiful in it's fullest sense. The love that God's son showed to man is the love we should show to one another and our lives will be the richer for it. Even the film is a metaphor. It seems slow in the beginning, but the investment of time and attention to detail is rewarded in the end. It was truly a feast.",positive
oh boy !!! my god !!!! what a movie this one !!! this is probably the best movie by Sean Austin and Louis gosset Jr !!! i have seen all the comment for this movie...and most of them loves this movie very much!! but i don't really understand why it only got 6.1 in IMDb list??? this one should above 7.5 !!! the plot and the script are completely perfect !! the acting are superbly well acted!!! Sean Austin...will wheaton...Louis gosset Jr....have given an incredible and awesome performance in their career!!! this movie contain a lot of action!!!<br /><br />just one thing i gotta say....WATCH IT !!!!!!!!!<br /><br />10 OUT OF 10 STARS !!,positive
"What about Dahmer's childhood?- The double hernia operation which is believed to have sparked off his obsession with the inner workings of the human body? What about ""infinity land""? - The game he invented as a child which involved stick men being annihilated when they came too close to one another, suggesting that intimacy was the ultimate danger. What about the relationship between his parents, and the emotional problems of his mother that were far more relevant than just his own relationship with his father? His feelings of neglect when his brother was born? What about his fascination with insects and animals? How he would dissect roadkill and hang it up in the woods behind his home?What about focusing more on his cannibalism? And what about his parent's divorce? These are all things that should have been included in the film. Instead the film maker chose to give us a watered down 'snapshot' from a night or two in his life, and combine it with series of confusing and at times unnecessary flashbacks, to events that weren't even particularly relevant to our understanding of Dahmer.<br /><br />Why didn't the film maker show how Dahmer was interested in people as objects rather than people? He could have made this point many times, particularly in the scenes in which he drugs his victims whilst he has sex with them (which actually took place in a health club, not a night club). Instead he just shows him ramming away at them from behind.<br /><br />Whilst I appreciate there is only so much information you can cram into 90 minutes (or however long), but why spend such a large part of the film examining his relationship with Luis Pinet? (known as Rodney in this film). My only guess is that the director was trying to build up Pinet's character, to try and make us fear for or empathise with him, but this film is supposed to be about Jeffrey Dahmer, so why couldn't he have spend those forty five minutes on something else? If the scene and their relationship was important enough to warrant such time then fair enough, but it wasn't. The scene in which he kills Steven Hicks, his first victim, is a vital part of the Jeffrey Dahmer story because it was the first killing, and because of the effect that killing had on the rest of his life. Unfortunately the film doesn't explain that it was his first killing, or that he didn't kill again for nine years. We assume, because his hair style is different, and he is wearing glasses that this is a flashback, but to when? And why? <br /><br />What about the shrine he made in his sitting room towards the end of his career?-one of the most important clues we have towards understanding Dahmer and his motivations..<br /><br />Some people may find my need for accuracy in fact and detail a bit anal, but having studied Jeffrey Dahmer in depth, it is plain to see that this film has very little in common with the person he was and the crimes he committed. Why bother to spend the time making a film loosely based on Jeffrey Dahmer rather than tackle the real issues behind his descent into madness and the carnage that ensued?<br /><br />Finally, a film with subject matter as repellent as this should carry an 18 certificate, not a 15. We needed to see his perversion in more depth, to understand just how detached he was from the rest of us. That doesn't mean showing the drill actually entering Konerak Sinthasomphone's head for instance, but at least an indication of the amount of people he killed, and what his Modus Operandi was when actually killing. Anyone watching this film who doesn't know the story of Dahmer might come away thinking he had only killed a few people. He actually killed seventeen men.<br /><br />Aside from the facts and lack of depth, the film isn't all bad. There is some nice cinematography, and good performances from the two main characters. I'd like to see this done again by a film maker who has more knowledge, more energy, and a better reason for making the film in the first place.",negative
"Have you ever wished that you could escape your dull and stressful life at school or work and go on a magical adventure of your own, with one of your closest friends at your side, facing all sorts of dangers and villains, and unraveling the mystery of a lost civilization that's just waiting for someone to discover all its secrets? Even if you're not quite that much of a fantasy-lover, have you ever wished you could simply experience what it's like to be a kid again, and not have a care in the world, for just a couple of hours? <br /><br />This is exactly what Miyazaki's ""Castle in the Sky"" is all about. Pazu, a young but very brave and ambitious engineer, lives a rustic life in a mining town until one day, a girl named Sheeta falls down from the sky like an angel and takes him on a journey to a place far beyond the clouds, while all the while they have pirates and military units hot on their trail. Simply put, it is just the incredible adventure that every kid dreams of at one point or another, and I can't help but feel my worries melt away every time I see it.<br /><br />As it is one of Miyazaki's older works and takes much place in the everyday world, the film is not as visually spectacular or deep in its storyline as Spirited Away, Howl's Moving Castle, or even Princess Mononoke. Still, I find it difficult to say that any of these films are superior over the other, because all three of those films are, at some point or another, mystical to the point of being enigmatic, if not perplexing, especially for the youngest of viewers.<br /><br />""Castle in the Sky"", on the other hand, doesn't try so much to be an allegory of any kind, and it's not a coming-of-age story either; it is instead quite possibly one of the best depictions of the inside of a child's mind I've ever seen. Not only is the artwork beautiful, but the use of perspective from the kids' eyes is just amazing; whether it's the panning up of the ""camera"" to see the enormous trees or clouds overhead, or the incredible sense of height from looking down at the ground or ocean while hundreds of feet in the air, I just can't help but FEEL like I'm there with Pazu and Sheeta, just a kid in another world, far far away from reality.<br /><br />Even the kids themselves don't have a complex relationship that suggests a need for hope like Ashitaka/San or Chihiro/Haku; Sheeta is Pazu's angel, having literally fallen into his life from the sky one day, the absolutely perfect person for him right from the very start. As the film progresses, more and more of their true adventurous childhood spirit comes out through their kind words and beautifully realistic facial expressions. Not only are they an adorable reminder of who I used to be, but their endearing friendship never lets up throughout the whole film, only growing stronger all the way to the last frame. For that reason, I've fallen in love with the two of them more than I have with any other Miyazaki couple.<br /><br />At the same time, ""Castle in the Sky"" is such an easily accessible film because no matter what kind of casual moviegoer you may be, you'll be sure to find your fix here. Mystery, action, drama, comedy, suspense, sci-fi, romance, even some western...it's all here, just about everything people go to the movies for (except maybe horror). This why I can easily recommend it as a first Miyazaki film; it's perfect for those who have no expectations from having already seen the incredible otherworldliness of some of his more recent works.<br /><br />Even the ending song of the film, when translated into English, conveys the sense of longing for the discovery of some kind of lost civilization, and some kind of soul-mate, that could not be found in our mundane lives. ""The reason I long for the many lights is that you are there in one of them...The earth spins, carrying you, carrying us both who'll surely meet."" Miyazaki has always provided poetic lyrics to make ending songs out of Joe Hiasashi's gorgeous scores, but this is the only one I've seen that's both a touching love song and an inspirational dream. I have found myself near tears just listening to it.<br /><br />""Castle in the Sky"" may not be Miyazaki's most developed, spectacular, or meaningful work, but it's absolutely perfect for what it really was meant to be: a true vision of childhood fantasy, and a wonderful escape from reality for any adults who wish they could have the same wonderful sense of imagination they had when they were just carefree little kids. Sit back, relax, and love it for what it is.",positive
"Every movie Quentin Tarantino has made has become progressively worse. I'd like to believe that most people would agree with that statement, but seeing as ""Inglourious(sic) Basterds(sic)"" has an 8.5/10 from over 100,000 ratings, it doesn't seem like the general movie-going public has any sense. Even his best work, Reservoir Dogs, wasn't a 'masterpiece.' The trouble is that claiming that you like Tarantino's work has become trendy. As soon as that happens, you get boatloads of people ready and willing to hop on another bandwagon. They will ignore laughably terrible acting, and utterly self-indulgent writing just so they can be part of the exclusive club called ""everyone."" This movie is so terrible, that I swear it must be some sort of twisted joke by Tarantino to see how much torture his fans will tolerate and still praise him. Like another reviewer has already said: ""Previous Tarantino movies were from a guy in love with other movies. This one is from a guy in love with his own writing."" I couldn't agree more. This movie is nothing more than self-indulgent and in-joke riddled writing paired with acting ability taken right out of a high school play. But, thanks to the general movie going public, I'm sure it will still go down as one of the best movies ever made. Bravo, Tarantino. You've pulled-off one of the best practical jokes of all time.",negative
"I love bad movies: Showgirls, Plan 9 from Outerspace, so on. And this movie fits right in. Don't believe anyone who tells you this is good film. It's downright awful. Tim Curry's accent moves from German to Portuguese to Hungarian. There's a person in a gorilla suit who is supposed to be able to communicate using a glove that interprets the ape's sign language. There is a scene with a killer hippo that moves around a river like a Great White Shark. There are people hopping up and down Mt. Kilimanjaro as if there were escalators installed on it. This thing is laughably ridiculous. So ridiculous I was rolling on the floor. It is totally implausible. I loved every minute of it.",negative
"This movie is about a very sexy Olympic track star who is hired to coach a high school boys' basketball team. Similar to Goldie Hawn's WILDCATS, it stars Cathy Lee Crosby in the title role, and she does as about as well as the script allows. I think Racquel Welch would have been a better choice, but considering the film's apparent TV movie budget, they probably couldn't afford her. Cathy Lee does look great in every shot, but we never get to see her completely nude. The story is pretty predictable, to say the least, offering no surprises. A young and lucky Michael Biehn has the male lead role. He is the star on the team and also the love interest for Cathy Lee. Keenan Wynn has a few amusing scenes as the rich old man who runs the athletic program and doesn't think a woman should coach sports. This point is brought up throughout the film, and, needless to say, is dated. Ironically, Cathy Lee doesn't put her team through any unorthodox practice sessions; she doesn't do anything a male coach wouldn't do. There is a funny subplot involving a tall and not-so-bright player who undergoes hypnosis in order to pass his classes and play like pro basketball player Sydney Wicks. It looks like everyone had a good time making this film, but the only real reason to see it is for Cathy Lee Crosby. She's not that great an actress, but she has a dazzling smile, beautiful hair, and a very tan body.",negative
"This movie is simply not worth the time or money spent. Full of clichés and a plot that makes absolutely no sense ! I cant believe that so many people have given this awful movie a 10. My guess is they are stooges of the movie maker. <br /><br />If I could give this movie a zero, I would. Too bad IMDb doesn't allow that. <br /><br />The only reason I watched it because I went with a friend who really wanted to see it. Whats sad is that I never had great expectations from this movie to begin with and yet I felt short changed. Take my word, don't waste your $8 on this piece of trash. The only entertainment I got out of the movie was making fun of the directors name. In all, highly NOT RECOMMENDED !",negative
"I enjoyed this movie a lot. I thought that the plot of the movie was realistic and relevant to anytime period in American history. There is always that woman that does what she needs to do to climb the class system. I feel that the character of Lilly was portrayed correctly and could of not been done better. What I enjoyed most was when she realized what love really was. Throughout the movie all of the men that fell for her were in love with her, had given her everything, even lost their careers for her. Until she had met Cortland, she did not understand why these men gave up everything for happiness. The way her life had ended up was far from what she expected to be possible. I'd recommend this movie to anyone of a mature audience so you are able to understand the content and the under-laying meaning of the movie and plot.",positive
"This is another film I missed out on Italian TV as a kid: notable for its quintet of ageing stars, most of whom had never made a horror film in their life (Fred Astaire, Melvyn Douglas, Douglas Fairbanks Jr., John Houseman and Patricia Neal), it deals with the men’s long-concealed past crime coming back to haunt them. It takes the form of a ghostly dead-ringer for the girl they all loved (Alice Krige) but whom they were forced to dispose of after an unfortunate incident when she humiliated their egos! Fairbanks, who was the one responsible for the deed, has twin sons (Craig Wasson) and so Krige directs her revenge upon them as well. Soon one of the latter, Fairbanks himself and even Douglas and Houseman all wind up dead. Therefore, the remaining Wasson and Astaire decide to confront the ghost at the scene of the crime where they also have to contend with a couple of sinister tramps who somehow do Krige’s bidding! I was looking forward to seeing these veterans on their last legs (Douglas died before the film had even premiered though, by that time, he had already completed another role, while it proved Astaire’s own inauspicious swan-song) but GHOST STORY went through too many changes of mood – while maintaining a sluggish pace throughout and emerging overlong into the bargain – to be anything but a failed curio. Having dollops of sex (including full-frontal nudity from Wasson!) and gruesome make-up effects muddled the waters all the more and marred the old-fashioned elegance inherent in Jack Cardiff’s (another notable of long-standing) cinematography.",negative
"I don't know why some guys from US, Georgia or even from Bulgaria have the courage to express feelings about something they don't understand at all. For those who did not watch this movie - watch it. Don't expect too much or don't put some frameworks just because this is Kosturica. Watch the movie without prejudice, try to understand the whole humor inside - people of Serbia DID actually getting married while Bil Clinton bomb their villages, gypsies in all Balkans are ALWAYS try to f*ck you up in any way they can, LOVE is always unexpected, pure and colorful, and Balkans are extremely creative. For those who claims this is a bad movie I can see only that the American's sh*t (like Meet Dave, Get Smart etc) are much much worse than a pure, frank Balkan humoristic love story movie as Promise me. The comment should be useful and on second place should represent the personal view of the writer. I think the movie is great and people watch it must give their respects to the director and story told inside. It is simple, but true. It is brutal, but gentle and makes you laugh to dead.",positive
"A hundred miles away from the scene of a grizzly murder in small town American, Jill Johnson (Belle) settles in for a night of babysitting. With the children asleep and a beautiful home to relax in, she locks the door and sets the alarm. But when a series of eerie phone calls from a stranger says that she ""check the children,"" Jill panics. Fear to terror when she has the calls traced. And what the police find turns the perfect babysitting job into a 16-year-old's worst nightmare. There aren't any other lead actors in this movie. Camilla Belle is the main star with a cute face. The day she arrives to babysit, she really has no idea what in the hell really awaits her.<br /><br />If I were in a house like the one Jill was in. I would explore everything that is around. The fridge would be the first person I would looks at, but I'm a male and I don't babysit. But what I found funny was the size of the house. I was thinking, would the movie be the same if the house weren't so big? Anyone could get lost in that huge house, but this movie needed a house with a massive size.<br /><br />Camilla Belle has a cute face, a perfect smile but it's like for a movie like this, the lead actress needs someone with experience. I found Camilla not that good. I don't know maybe she thought that this could be her breakthrough role. I do like her, she is a cute girl but someone to have a role in this movie has to be someone how is different to take it.<br /><br />This movie wasn't scary. I also found this movie more like a ""chick flick"". I think the only reason this was released during the SuperBowl Weekend was that the guys stay home and watch the game and the girls go out to go see this. It also seems like a type of a movie when girls will enjoy more than guys. But I did like this movie but for how it is. Girls just like tog et scared or scream. This was just a pretty decent movie.<br /><br />Maybe anyone could like this movie. There are many PG-13 horror films that never succeed. This was on its own level. So I kinda liked this movie. I give it a 7/10.",positive
"To get in touch with the beauty of this film pay close attention to the sound track, not only the music, but the way all sounds help to weave the imagery. How beautifully the opening scene leading to the expulsion of Gino establishes the theme of moral ambiguity! Note the way music introduces the characters as we are led inside Giovanna's marriage. Don't expect to find much here of the political life of Italy in 1943. That's not what this is about. On the other hand, if you are susceptible to the music of images and sounds, you will be led into a word that reaches beyond neo-realism. By the end of the film we there are moments Antonioni-like landscape that has more to do with the inner life of the characters than with real places. This is one of my favorite Visconti films.",positive
"Hi I have been looking 4 the soundtrack or a song from the film, does anyone know who sung the title song? I think it was called welcome home or coming home.<br /><br />It is played throughout the film and for the end credits please can anyone help either the artist and/or title of song thanks mike this is for all you movie buffs lets see if you know your stuff<br /><br />Hi I have been looking 4 the soundtrack or a song from the film, does anyone know who sung the title song? I think it was called welcome home or coming home.<br /><br />It is played throughout the film and for the end credits please can anyone help either the artist and/or title of song thanks mike this is for all you movie buffs lets see if you know your stuff",positive
"I first saw this mini-series as a child and though I am a child no longer, I still love it!!! Professional copies are hard to find, however, when it's on DVD, it's MINE!!! =]<br /><br />Great casting, marvellous plots, and plenty of action, romance, and even quite a bit of well-placed comedy. I'm not a historian by nature, but I love this masterpiece of historical fiction!",positive
"The defining scene to this movie is when the fat guy quits,but the evil doctor just gives him one more duty,check on the dinosaurs.Keep in mind that he no longer has this job and so is absolutely not getting paid for this.Also keep in mind it's a goddamn dinosaur and the doctor he's supposed to trust is evil and doesn't like him.But he's still like,yeah okay.That just defined the stupidity in this movie.One Melissa Brasselle proves that seriously anyone can bolt on some breasts and be in movies.I can go ride a mountain-bike between them,but hey aside from that the people of Paraguay are very nice.Eric Roberts gives his absolute worst performance so far,there's no adjective to describe how bored he is throughout.Corbin Bernsen saves what there is to save and you start rooting for him,but they have to stick to the formula of course.And I wonder how much your life sucks when you play like,one of the army guys in this one?How low can your acting career go?The special effects are so embarrassingly bad you expect a sign saying ""Studio 3"" to get into the frame.It's not even honest pulp,it's all taken from ""Carnosaur"",which even sucked all by itself.And then I wonder why just anyone is allowed to make a movie.",negative
"Words can scarcely describe this movie. Loaded with ridiculous stereotypes, a silly plot, and poor music, this movie lacks in just about every category.<br /><br />Don't be fooled by the IMDB credits. This is not a Michael Dorn movie. He's a secondary character in the grand scheme.<br /><br />Also listed in the Credit's is an actor named ""Prince"" - which makes me wonder if it's the same artist formerly known as.... Then again, I'm not sure this movie is worth watching just for that.<br /><br />Big summary... bunch of teams... one has kidneys... one has $35,000.... one has an ""Illegal Substance"".... and one has $350,000. Add some confusion and mixups as to who needs to meet who, revenge on being taken, and such, and you end up with this mess of a movie.<br /><br />Given a choice, I'd pass on this movie.",negative
"I thought that the nadir of horror film making had been reached with ""Book of Shadows"", I was wrong. This film makes that look like ""The Magnficiant Ambersons"" compared to this piece of shameless, unexpurgated fecal matter that has the audacity to call itself a movie. I'd write more but I'm still to angry that I was idiot enough to spend £3 renting it, bobbins.<br /><br />And were these people English? and where is the forest> I have lived in the UK two thirds of my life and as far as I know there are no dark uncharted woodlands in the midlands. The whole bally thing looked like a national trust conifer plantation. Those angels looked like anorexic pornstars (turned most of them were, did my research). I did however like the bit when Judd got ripped in pieces.<br /><br />P.S I love and admire Tom Savini but HE CANNOT ACT",negative
"I wish there was a category to place this in other than Horror. It simply isn't. Granted it has it's horrific moments, however I don't feel that makes it a horror film. I will give that this movie could have been better. A million little things could have been changed to make it better.<br /><br />That having been said I love this movie. I'm often sad that people misunderstand the whole point of it. It has always been clear to me that the point of this movie was to say... things aren't always what they seem. Sometimes 'evil', isn't. <br /><br />Barker was at a Con I went to and he did a little talk then watch the movie thing. It was very interesting. Many things he wished to put in the movie couldn't be, and a chunk was cut out of the movie that he believed to be long lost. This was a chunk that helped shed light on Boone and his Girlfriend, as well as some other details.<br /><br />I know some people are bothered by not having more information about all of the 'breed' in the background, however I always felt that gave the movie a more 'real' fleshed out feel. I have read the novella this was based off of as well as many of the comics. Because of this, the movie just always seemed like a staging ground for the whole story. A much more involved story that sadly has never has a chance to live. <br /><br />Despite all of the flaws this movie might have I believe it has a lot to offer. The 'monsters' are wonderful, very imaginative. While the acting is sometimes a bit stiff there are some very quotable lines. Whenever I watch it I find something new. Keep and eye on Boones chest toward the end. At one point Decker stabs him and shortly after Boone falls on a card table. He ends up with a card stuck to his chest. This card stays there for a while even after Lori pulls the knife out. It stays there until Boone casually removes it. I love that. That was a lovely little detail I thought.<br /><br />Basically what I want to say is that... if you are looking for a horror movie, don't watch this. If you believe that at times men can be more evil than anything we have ever dreamed up. This is the movie for you. This is a movie about how men destroy what they don't understand or fear.",positive
"I can not believe the positive reaction to this movie. I had great expectations for it and was disappointed. First of all, they used every cheesy racism cliché in the book. It was so predictable. For instance, from the second the young Latino guy showed up you just knew that he would be a really nice guy because he looked like a gangbanger. Matt Dillon's character has been played a million times, a cop who had been hardened over the years and would see the light to some degree by the end of the movie. The predictability hardly ended with those characters. A phenomenal cast was wasted on a weak script. The morals of the story were PC to the max. There were a few clever twists but not nearly enough. The dialouge was embarrassing at times. It wasn't all bad.I just can't believe this movies high score so far. It was somewhat entertaining, just a little insulting to ones intelligence. I admire what this movie was trying to achieve but it fell well short.",negative
"There's no shortage of bad dialogue in David and Bathsheba  ""I was quite a hand with a slingshot,"" ""The King of all Israel out there in the darkness exposing himself to the enemy"" (full marks to Dennis Hooey for delivering that one with a straight face), ""Go and sit with the concubines."" And somehow I doubt a bored David ever told the prophet Nathan ""Whatever you say."" He even tries the old ""My kingdom doesn't understand me"" routine on desperate housewife Bathsheba at one point. So it's probably a tribute to Henry King's direction that the film isn't at all bad despite the pitfalls much of the first third provide. Maybe it's the censor-baiting nature of the plot  a married man kills a femme fatale's husband and gets away with it!  but King brings out the growing moral and theological complexities in Phillip Dunne's script rather than upping the sin and sandals hokum. This is the conflicted David on the downhill slope, abandoned by a vengeful God he no longer understands, and the film doesn't back away from the awkward unanswerable questions about why a loving deity would choose to wreak vengeance on the innocent rather than the guilty. It even offers a genuinely surprising criticism of the sexual inequality of the law, where the failings of husbands result in the punishment of their wives.<br /><br />Unlike King David, which sidelined the king in favour of the admittedly more interesting Saul, David is firmly at the centre of the drama and despite an interesting display of shoulder twitching and a frankly gormless overlong close-up when visiting the site of Saul and Jonathan's death, Gregory Peck's performance grows in stature as David shrinks. Susan Hayward is pure Hollywood pro, Raymond Massey is an appropriately theatrical prophet (why be naturalistic when you've got a voice that makes the very heavens quake?) and Kieron Moore's Uriah such an intransigent unreconstructed chauvinist that you can't exactly blame David for putting him in harm's way, but despite threatening to soft peddle the film doesn't allow David a moral get out of jail free card over his death. With surprisingly strong but subdued design and Technicolor photography this is definitely a cut above most 40s-50s Biblical epics.<br /><br />Fox's new DVD is a good transfer, including an incredibly hokey 'candid' behind-the-scenes short and a trailer with brief shots deleted from the film's sole battle scene.",positive
"Dressed to Kill understandably made a bit of a ruckus when first released in 1980: you had ""Police Girl"" in a role that was mega-erotic, as Angie Dicknson played a sexually frustrated housewife looking for good times in all the wrong museums (and there into apartment elevators), plus Nancy Allen as a call-girl, Michael Caine as Norman Bates's sophisticated New York cousin, and enough lurid imagery to last two movies of the period. Today it's slightly less incriminating by standards and such, though the unrated version has some of the most ""hot"" content of any of De Palma's films, at least in his quasi-auteur period of the 70s and early 80s, where he seemed to repeat themes over and over, ideas taken right off the film-reels of Hitchcock classics and given a tawdry uplift. It's a simple tale that one partly already saw in Sisters, and then again to an extent in Body Double, and also in Blow Out. Cutie Allen plays call-girl Liz Blake, who has to clear her name of suspicion of killing Kate (Dickinson, in full blown 'MILF' mode), after being found with a razor, the murder weapon from Dr. Elliott's office (Michael Caine, stone-cold performance most of the way).<br /><br />From the start, which De Palma seems to do as a way of setting up a dangerous sexual fantasy scene as a way of topping the opening scene of Carrie (which, perhaps, he does just in editing terms), we get a series of technical knock-out turns through the point of view of style itself: the tracking shots in the museum, meant to stir up more of a fascination with the process itself, of following and wanting to be followed, than any kind of tension; the chase through the subway (a precursor to Carlito's Way) is done with a precise level of suspense, meanwhile, with a slightly exploitation bit thrown in with the black gang; the character of Peter, Kate's son (Keith Gordon), who plays what is essentially a younger version of the real life De Palma as a kid (science geek, obsessed with Hitchcock and voyeurism). And it's all entertaining and entrancing as hell as something that comes close to a real synthesis of what makes De Palma's thrillers so unique while being so self-consciously untainted by a fearless attitude of film-making.<br /><br />On the other hand, that same self-consciousness ended up coming back to bite the director in the butt a few times in recent years, and somehow in Dressed to Kill it starts to become very erratic and disappointing as the story has to wrap itself up. As the Psycho themes come together even more apparently (man who wants a sex-change, doesn't even think he's killing as it is *she* who is doing it), there is an expository scene in the police station that makes the aforementioned Hitch film look like an astonishing psychological revelation. And the final scenes at Peter's house, also calling painfully into recollection a much more accomplished sequence in Carrie, are meant for a manipulation that even for De Palma is asking for it; the final shot especially, albeit a master's class in how to copy yourself. Yet there is a very deranged and, within itself, perfect scene at the mental hospital amid this confused denouement, where the doctor does some work on a nurse, to which all the other inmates act like animals in a zoo, and an over-head shot going up and up over the scene is one of the best shots of sexual/general perversion ever captured on film.<br /><br />A shame then that the film ends on such a strange and unsettling manner, where up until then it is a remarkable piece of pulp cinema, where class is all around in the technical aspects (soft lighting, intricate camera movements seemingly so simple) amid subject matter that should be found in the mix of paperbacks for 25 cents. It's no masterpiece, but I'd certainly take it over most of the director's recent thrillers any day.",positive
"CAUTION: SPOILERS<br /><br />Although this film moved a bit slow at times, the brilliant scenery, richness of the characters and powerful themes make `Morte a Venezia' a rewarding experience. I have not read Thomas Mann's book, but I am certain that Visconti's visual splendour, musical score, and powerful evocation of conflict and desire must do it justice. <br /><br />The study of Gustav von Aschenbach alludes to the human tendency to rationalize and quantify our emotions, behaviour and passion. This tendency is demonstrated in the scene in Germany between Alfred and Gustav when Alfred describes Music as being both mathematical--i.e. quantifiable--and emotional. This conflict arises again in the scene where young Tadzio is alone playing `Fuer Elise' in lobby of the Hotel and Gustav recalls his visit to a bordello where he is drawn to a prostitute who plays the same song. In his flashback, after paying the prostitute, Gustav is clearly physically seized by the consequences of his actions. This reaction acts as a reminder of the moral reaction to the temptations that Tadzio represents.<br /><br />Ultimately, Gustav is forced to make his biggest decision: stay in Venice and resign himself to his lust and temptations? Or flee Venice to save his own life? His early attempt to flee Venice at the train station resulted in a futility and foreshadows the outcome of prolonging his stay.<br /><br />Complimenting the captivating character interaction, Visconti's powerful scenery (especially of Venice at Dawn and the final scene of Tadzio walking into the water and pointing to the horizon) renders this film a true masterpiece.",positive
"So here's a bit of background on how I came to see this movie. As you probably know, this is the original French film, that was then remade (quelle surprise) by Hollywood as Wicker Park. Well I avoided that movie like the plague when it was first released, simply because, a) I knew it had absolutely nothing to do with Wicker Park, and living in Chicago, I didn't see why they called it that - it was filmed in fricking Canada for a start! - b) I have a very hard time bothering with pointless remakes, done purely because Hollywood thinks we're too bone idle to read a few subtitles (I am dreading the remake of Infernal Affairs by the way) and c) I can't stand Josh Hartnett, 'nuff said there. <br /><br />However, I came across WP on TV the other day, probably about half an hour in, and I have to say initially, it made no sense at all, until about half an hour from the end, when it started coming together. By the end, I was really surprised to find myself really into it, and then the ending just seemed so good - a perfect combination of story, passion and ending with possibly one of the greatest musical choices I've ever seen (heard??).<br /><br />Since then I've heard a lot about the L'Appartement vs. Wicker Park argument and looking at WP, I still say it has bugger all to do with Chicago, but there seemed something about it that I liked, so when it was on again, I watched it again - unfortunately, still missing the first chunk (I've still yet to see it!), and I still thought it was pretty good. Heck, even Josh Hartnett seemed good! But I was curious about L'Appartement and wanted to see what all the fuss was about. So I waited and waited to catch l'Appartement somewhere somehow. Netflix let me down, so I ended up getting a copy from some website in Ireland. And I've just watched it. <br /><br />It's really kind of weird, but a good weird. A classic French film. Great acting, Romane Bohringer is an absolute gem - sorry, but she acts Monica Bellucci off the screen in every scene. Vincent Cassel was a weird choice for the lead but by the end he works. And I've seen Jean-Philippe Ecoffey in a lot of movies and I just love him - the scene where Alice dumps him in the restaurant and he just looks like someone's told him his puppy's been run over was excruciating! But, I can honestly say, having seen WP and pretty much expecting that to have been a scene for scene copy (as about 75% of the rest of the movie had been - maybe in a different order, but come on, the scene with the coffee in the glasses?? Word for word!!), you can imagine my surprise when I watched the ending of L'Appartement!! I can literally say I was blown away - hmm, a bit like poor old Lucien was through the cafe window really! So, be prepared, if you've seen Wicker Park and you fancy taking a look at the original like I did, do not make the mistake of expecting an identical movie, because you'll either be disappointed, or exhilarated at a piece of French movie history - a prime example of how you can watch a movie, think you're going to watch a pithy happy ending, and get whiplash from the total spin in the opposite direction right at the end. Definitely catch this movie. Oh and while you're at, maybe not too near the same time, but down the road, take a look at Wicker Park, it'll surprise you too.",positive
"No one in this movie has very much to do. This is probably the longest 65 minutes I've ever spent watching a movie. The makeup effects on the pianist with macromeglia are pretty good, but that's the only thing that keeps this from being rate a 1. The doctor's assistant goes through extreme mood swings from passivity to hysteria in seconds and then seems to forget where she was in the next scene. The director assembled a lot of the right ingredients for a mad-doctor movie, but somehow forgot the skeleton of a story to hang them on. Unless you know someone in the cast or crew, I wouldn't recommend even sampling this one.",negative
"This movie is standard goofy sci-fi fare from the 50s. In its favor, the plot does manage to pull off an alien invasion without actually producing the aliens themselves. But come on now, if aliens needed energy and could absorb it from sources like hydrogen bombs, why would they come to earth? Why wouldn't they just suck it out of a STAR!?!? The only credible reason for the presence of Kronos is a direct attack on Earth society, not the mere collection of energy. Nothing like that is even intimated; Kronos may have been built by a superior race but its activities on Earth are the most primitive. The end that the scientist-heroes plan for Kronos is based on nothing but pseudo-scientific gibberish. It amounts to the ""reverse the polarity"" gambit which has been used so much in bad scifi it has become a joke in itself. Low and behold, this causes our unwanted visitor to release its collected energy. No one in power seems to care about the impact the release of that much energy (which by the film's end includes, among other things, the entire yield of a hydrogen bomb) will have on the surroundings. And unfortunately, by the time the movie ends, the surroundings are the suburbs of Los Angeles. Whoops!",negative
"Do we really need any more narcissistic garbage on the Baby Boomer generation? Technically, I am a Boomer, though at the time when all the ""idealistic youths"" of the '60s were reading Marx, burning their draft cards, and generally prolonging a war which destroyed tens of thousands of lives; I was still in grade school. But I remember them well, and 9 out of 10 were just moronic fools, who would believe anything as long as it was destructive.<br /><br />This is just another excercise in self-importance from the kids who never really grew up.",negative
"<br /><br />So, not being a poet myself, I have no real way to convey the beauty and simplicity of this documentary. The effortless motion of Goldsworthy, as he molds natures beauty into his own work is captivating. Watch him stick reeds together in a web hanging from a tree in a close up for a few minutes while he speaks of his work, and then receive the payoff when the camera cuts to the wide shot. Be amazed by the ease with which he operates and then realize the futility when a slight breeze knocks down the entire web.<br /><br />The genius of Goldsworthy seemingly knows no bounds as his inspiration is nature itself. It is in the essential change of nature where his work, though complete in its own sphere, is made whole.",positive
"This film is close to be my favorite piece of celluloid. There is really not much I'd need or want to say here. Except maybe ""See this film"" and ""Enjoy the excellent work by Daniel and Pascal"", who carries you through this neat, funny and heartbreaking story about 'spending your eighth day' - your own day! <br /><br />Seeing this film made me think seriously about how I spend my eighth day = my life! It appears, that some of us are wasting precious time doing things we think we need to do. Either if it's pleasing a career or just consuming TV-shows and ballgames. What we tend to miss is the satisfaction of being something for another person - make a difference. About taking room and time to be spontaneous and live - NOW! (on the eighth day)... At least that was what I got from 'The Eighth Day'.",positive
"I tried to like this slasher, like I try to enjoy all slasher films. I mean mindless slaying mixed with a little nudity and some suspense, how can you go wrong. But Unhinged I think is an example of that formula going wrong. The main issue is the horrible acting of the main three girls that landed up in the house. It was as if they were under sedation, and it stopped me from ever getting interested in their plight. The film aims for suspense and creepiness but the by the numbers direction saps it of those, and leaves the movie pretty dull. It's a shame, because if the movie was better executed, it would have have been ace. The story and characters are pretty creepy and there are some dark and bizarrely humorous moments of interaction between the mother, the girls, and the daughter in the old house. There's some good nudity, and occasional splashy bloodletting, just not enough to give the film the kick it needed. The finale is pretty twisted and fearsome, and does give the film a big lift but sadly, its too little too late. So, in my opinion, one to avoid, unless you really love obscure slasher films. There's a fair amount of potential, but the film delivers too little to be worthwhile.",negative
"The best that I can say about this film is that it was mildly amusing at times, and that it was an adequate time killer. Unfortunately, this film is also so annoying that I wanted to slap these characters around. This is the kind of film that is so sweet, it hurts your teeth. The intentions were good, I suppose, but things get awfully tiresome when the dialogue is SO nauseating. When the two leads aren't together on-screen, this really isn't bad at all, but be afraid during those frequent moments when the loving couple starts talking to one another.",negative
"Oh, come on people give this film a break. The one thing I liked about it was......... Sorry, still thinking. Oh yeah!!!! When John Wayne came and shot up the the bad guys. Oh, sorry, wrong movie, I was thinking of a better quality film. Let me see now, I'm still trying to defend it. Oh yeah, the chick that was from Clueless was in it. Don't put down Stacy Dash. I mean, we all make mistakes. But boy, Stacy, you made a dooooosie.<br /><br />Hey, one thing that has never been done in a western, even an all female cast, they actually hung a woman from the gallows. That might be a western first. Even though her neck should have been broken and she survived the ordeal, still, you've got to give the director some effort for trying a western first. Also, I've never seen a woman lynched from a horse in any western, although that didn't happen in this movie, I just thought I would give the director another idea for Gang Of Roses#2, which should be made right after Ed Wood's Bride Of The Monster #2. Maybe that was what the makers of this film were going for. Orginality, especially with an all African woman cast and an oriental cowgirl.<br /><br />Heeey, if the makers of Gang Of Roses want to make a sequel to this mess, you could have such slang like, ""Hey, don't you be takin about my homegirls"" and ""talk to the hand, baby, talk to the hand."" You could also have a surfer dude type deputy marshal that says things like, ""That gunfight was TOTALLY RAD man, totally."" You know things like that.",negative
"It is hard to describe this film and one wants to tried hard not to dismiss it too quickly because you have a feeling that this might just be the perfect film for some 12 years old girl...<br /><br />This film has a nice concept-the modern version of Sleeping Beauty with a twist. It has some rather dreamy shots and some nice sketches of the young boy relationship with his single working mother and his schoolmate... a nice start you might say, but then it got a bit greedy, very greedy, it tries to be a science fiction, a drama, a thriller, a possible romantic love story, fairy tale, a comedy and everything under the sun. The result just left the audience feeling rather inadequate. For example, the scene when the girl(played by Risa Goto) finally woken by his(Yuki Kohara) kiss, instead of being romantic, it try's to be scary in order to make us laugh afterwards... it is a cheap trick, because it ruin all the anticipation and emotion which it was trying to build for the better half of the film.<br /><br />I have not read the original story the film is base on (it is the well-known work by the comic-book artist Osamu Tezuka is famous with his intriguing and intricate stories) I wonder if all the problems exsist in the original story or did it occur in the adaption? It is rather illogical even for someone who is used to the ""fussy logic"" of those japanese comic-book. For instance, how did Yuki Kohara's character manage to get to the hospital in an instant(when its suppose to be a long bus-ride away)to run away Risa Goto's character in front of the tv cameras right after he saw her live interview on the television?<br /><br />There are also some scenes that is directly copied(very uncreative!) from other films and they all seem rather pointlessly annoying ie. the famous ""the Lion mouth has caugh my hand"" scene from ""the ""Roman Holiday""<br /><br />The film tries to be everything but ends up being nothing... it fails to be a fairy tale and it did not have enough jokes to be a comedy... and strangely there are some scenes that even seem like an unintentional ""ghost"" movie. Nevertheless, one should give it credit that it has managed to caputured some of the sentiment of the japanese teenager.<br /><br />It is by watching this film I have a feeling that there might be some films that should have come with a warning label that said ""this film might only be suitable for person under the 18 of age"", it would have definitly been on the poster of this film.<br /><br />",negative
"I liked this movie. I'm not a big horror movie buff so i couldn't comment on similarities between this and other movies of this genre, but i found this movie quite captivating. the story line, albeit a little obvious, had some genuinely scary/tense moments and the acting (particually of the lead female role) wasn't bad in anyway<br /><br />Overall i'm a little surprised at the low rating this movie has gotten. I watch a lot of movies (working in a video store tends to help) and this really isn't as bad as people seem to think. I do have some criticism though. The final call from the cop was terrible, almost overacted, the dead girl in the bathroom looked liked she was having a little sleep (probably from the amount of tequila she mentioned she drank) and the children's reaction to what was happening instilled in me the hope that they were ultimately killed <br /><br />hope this helps some people",positive
"This is a hard movie to come by in the US, but if you can find it -- and you're interested in the life and music of Percy Aldridge Grainger, you're in for a treat. It's quite historically accurate. Richard Roxborough's Grainger looks astoundingly like Grainger at this period in time. Emily Woof's Karen Holten is quite a bit prettier than the real Karen, but that was an inaccuracy I was happy to discover (!). I think what really struck me though, was how well Roxborough captured Grainger's outrageous personality. Barbara Hershey's Rose was also a treasure. If she looks considerably younger than Rose did at that period, it is more than made up for in how well she captured Rose's obsession with Percy. It's an easy film to recommend. (I should note that when she saw ""Passion"" my wife had no particular affinity for (or knowledge of) Grainger and his music, but she was totally captivated by the film.",positive
"This is a well made informative film in the vein of PBS Frontline. The problem is, Frontline already did this piece and managed to bring L. Paul Bremer in to tell his side of the story. More troubling is the fact that the director of the film, Charles Ferguson--a former think tank wonk, was a war supporter until the occupation went south. What did he think would happen? <br /><br />The invasion of Poland went really well too until it was messed up by those pesky Nazis.And that is what this film feels like--an apology for occupation rather than a deconstruction of the act of war itself. <br /><br />Ferguson seems to suggest that the war could have been run better--as if any war can be better.",negative
"This film set the standard for African-American film excellence when it was made. I heard on various stories on the film through time, that there was a push for an Academy Award nomination when it was released. This film plays on various emotions, and you definitely feel for all of the characters. Sure, some of the acting is a little wooden, but fortunately, those parts aren't pivotal. The music is sensational, and if you don't think the ending is a tear-jerker, you have no heart in your chest. If you watch ""Cooley High"", you will see that many, many films have copied various elements from it in order to strengthen their own films. The biggest example of this is ""Boyz N The Hood"".",positive
"If I ever write movies or make them, i would want one of them to be like this one. I enjoy the goof-ball sense of humor and jokes contained within. This movie does stupid things without looking like it. The names of the places and characters are priceless, Generic New York High School, Squid Calimari (George's sister), etc...genius. I've seen this movie so many times because it was a cable tv staple while I was growing up, of course I didn't get all of the jokes back than but it was still funny.This movie is a time-less classic.",positive
"Wow! Where to start?<br /><br />This adaptation of Sarah Waters' third novel is one of my all-time favorite movies!!!!!<br /><br />I'm not to big on fiction novels (seriously I NEVER read fiction), but the book is just as FABULOUS as the film! Or should I say the film is just as FABULOUS as the book?! I JUST LOVE THIS STORY!!!!!<br /><br />Anyway, I put off watching this three hour long film (2 part series on DVD, 3 part series on TV/book) for about a year and half. It simply did not look that interesting...BOY WAS I SO WRONG! <br /><br />I became immediately immersed into the rich and suspenseful plot...utterly enthralled! Just like the book, you cannot stop watching/reading. It grasps your attention for the entire 3 hours...and when it does end...you wish it hadn't.<br /><br />The story just flows so beautifully and you'll be wondering where the time went.<br /><br />The lesbian subplot was just icing on the cake! The parts I love most are the subtle facial expressions and glances/eye contact between the two characters. You really feel their desire for one another and yet they cannot act upon it.....until they must. <br /><br />May I point out that the ""lesbian theme"" is an important part of the film, obviously, at the heart of the film is a genuine unexpected love story, but it is most certainly not what the whole movie is about. For me that's what makes this story so unique and intriguing. I've never read or heard of anything like it. Sarah Waters is pure genius!<br /><br />The twists and turns it takes leaves you hanging on the edge of your seat. Seriously! My hands were clasped on to my couch with every surprising plot twist and I even yelled out several times (""OH MY GOD! NO WAY! THAT DID NOT JUST HAPPEN! DID IT?"")...I NEVER do that!<br /><br />The only negative thing I have to say about this film is that I wish they'd added more from the book. But obviously having the adaptation be restricted by time they couldn't add everything that I would've liked. How awful it is though...I think I'm just being brutally selfish now...forgive me. <br /><br />The last 20 minutes does seem a little rushed. However, they put all the important bits in where even if you only watch the film and choose not to read the book you will be most satisfied with the outcome. <br /><br />The actors are just SUPERB! BRILLIANT even! Sally Hawkins (Sue) and Elaine Cassidy (Maud) have such great on screen chemistry they steam up your television set. Simply electric! The emotions...the desperation...the struggle each of them feel is expressed seemingly effortless by these wonderfully talented actresses. Rupert Evans plays such a good bad guy as Gentleman. I found myself seething every time he came on screen, but loving it because he's just so damn cute and somehow still charming even though you want to wring his neck. Imelda Staunton gives yet another fantastic performance as Mrs. Sucksby. She's such a warmhearted actress you cannot help but love her...even when the character she's playing isn't as delightful. Everyone else in the cast were perfect! They really represented the characters well and were just as I imagined them to be after reading the book.<br /><br />This is a must see for any film buff! Actually, ANYONE and EVERYONE should see this movie AND read the book! Chances are you won't be disappointed!<br /><br />10/10 stars from me! There are only four other films I have given that same rating too. Its very rare for me to actually enjoy a film so much that I give it 10/10. This is one of those films. Fingersmith is truly a masterpiece!",positive
"This movie was an all around uninspiring film. It was a non-moving story that definitely does not get you thinking anything other then where is all the strong moving material the other critics say about the film The 3 main actors are good, and there is a few laughs but once again it becomes another movie that you keep watching in hopes of it getting better and it just doesn't. I watched this movie last night and wished that we hadn't wasted our precious time (while baby is sleeping) watching this film. <br /><br />I plan not to recommend this to my family and friends, as well as obviously anyone looking to rent it. I was pretty much non-impressed with everything about this film.",negative
"John Travolta, the biggest honkeytonk in the world, and a mechanical bull...what more can you ask for! Yeah, you're probably not going to get many surprises or deep meaning in this one. Yet, I have always found it fairly enjoyable to watch this redneck romance. Bud (Travolta) and Sissy (Debra Winger) meet at Gilley's and fall in love. They have all the difficulties you might expect a hardcore redneck couple to have. The honkeytonk scenes are fun with dancing, mechanical bull riding, and -of course- the required brawls. It has a good, 1980 country soundtrack, featuring ""Looking for Love in All the Wrong Places"", ""The Devil Went Down to Georgia"", and ""Hello Texas"" by my favorite Jimmy Buffett. Break out your cowboy boots and have a boot-scootin' boogie! <br /><br />*** (Out of 4)",positive
"Much praise has been lavished upon Farscape, but I don't think it's that good. It certainly has a distinctive look, but it lacks just about everything else: story, purpose, direction, excitement; you name it. I'm a big sci-fi fan, and I make it a point to watch all the sci-fi shows I can. I've almost finished the four seasons of Farscape, and at this point I'm not very satisfied. The show does have a few good things - most notably Claudia Black (who's sadly missing from the first few episodes of season four) -, but they are very few and very far between. As a whole the show is marred by a lot of very silly stuff (such as Fantasy elements rather than SF ditto), and many many episodes, esp. in season four, are unspeakably messy and very poorly structured. And one just feels that it isn't going anywhere. It's mostly just non-directional adventures with thin, long-running plot lines which develop painstakingly slowly. Well, sometimes it's a little bit tighter, but it only lasts for a very few episodes at a time.<br /><br />Effects-wise, there are a few impressive things here and there (esp. out in space, occasionally), but the show seems stuck in the same style of effects, which frankly gets old fast. Outlandish and unconvincing puppet aliens mar the show a great deal, and I've come to prefer (by far) the episodes where regular human-looking characters are the focus.<br /><br />I think the Peacekeepers are by far the most stylish and intriguing and interesting figures on the show; they succeed in being a convincingly alien culture, despite their all-human appearance. There are a few really cool episodes with them, esp. in the first season (IIRC), where Crichton masquerades as a Peacekeeper captain, and invades and eventually destroys one of their secret bases. Such episodes can reach a rating of 8 out of 10, but I cannot award the show as a whole more than a ""4"" rating.<br /><br />Aside from the Peacekeepers (which themselves are somewhat too single-mindedly totalitarian and militaristic to be really nuanced), the show simply doesn't offer anything important or significant that you need to know or want to see. OTOH, it does contain a few good ideas and is not a total loss.<br /><br />This is just my opinion, of course, but as a seasoned sci-fi fan, I think it counts for something, and may be of help to others. There aren't a lot of good sci-fi shows out there; but Star Trek (any series) and especially the new Battlestar Galactica are definitely better than Farscape. But if you're a huge fan of mediocre sci-fi shows, you may well like Farscape, too.<br /><br />My rating: 4 out of 10.",negative
"All the elements for a bad night at the movies are in place: dialog riddled with biological techno-babble, chintzy sets, balsa-wood acting, a horrific late-'80s Casio score, and an overall look that suggests anything on the Sci-Fi Channel's programming schedule, circa 1993. Though ""Metamorphosis"" starts off with a lot of promise, the film unravels into bland idiocy and MST3K-style cheese as Clark Kent wannabe 'Doctor' Peter Houseman (Gene LeBrock) is pressured into releasing information on his secretive projects. But when he tests his vague experiment on himself, he transforms into a vaguely-defined creature (that bears more than a passing resemblance to 'Dr. Freudstein' from ""House by the Cemetery""). The FX work is fairly good for such an obviously low-budget production (though I suspect most of it is kept in shadow for a reason), but overall, ""Metamorphosis"" leaves a bad retro aftertaste in your guts, in spite of its hopes to sway us otherwise. I can't help but agree with one character's closing remark: ""(It was) A nightmare...from the past!""",negative
"ASTROESQUE (2 outta 5 stars)<br /><br />I have no idea what the title is supposed... even less of an idea of what is supposed to be going on in this movie half the time... yet, it still kept me sort of interested. This is low, low budget film-making along the lines of ""El Mariachi"", filmed in 16mm... and, for what it's worth, the shots are very well-composed and visually stylish. Directed, written by and starring comic book writer/artist Michael Allred... I guess it's no surprise that the film looks good. Unfortunately, some of the acting is beyond bad... and the rest is competent at best. Allred himself comes off the best... but only because he doesn't actually speak much. He just strides around looking cool most of the time... or running from crazed rednecks who are trying to kill him. The sound is also pretty bad... almost as if it was unfinished in places... maybe they couldn't afford to pay for the music they'd planned to use? Strange, vaguely science-fictiony plot... similar in tone to ""The Man Who Fell To Earth""... but most of the film boils down to a standard run-from-the-bad-guys and kill-them-before-they-kill-you plot. Ultimately too oblique to be successful but not without interest for adventurous movie watchers.",negative
"A fierce, shockingly intelligent piece of work from the gifted British writer Hanif Kureishi who wrote ""My Beautiful Laundrette"", (this is the best thing he's done since then). It's about intelligent people whose lives don't add up to much. They've squandered what they have been given and are largely empty vessels. The only character on screen who is alive is the mother of the title yet she feels dead inside until a rough handyman shows her some affection and awakens her to the joys of sex. He has his own motives but Kureishi treats him with a good deal of compassion. This is a film in which people and places feel familiar, where characters exist beyond the confines of the screen. In some respects it's a bit like ""Sunday, Bloody Sunday"" but it's an altogether tougher piece of work. The director, Roger Michell, allows scenes to build instinctively. And it is beautifully acted.<br /><br />As the eponymous mother Anne Reid betrays her wasted life in every gesture. There is not a false note in her extraordinarily lived-in performance, and that very fine actor Daniel Craig displays shadings to his character than even Kureishi hasn't tapped into. If the film strikes a false note it is, perhaps, in the character of the talentless daughter, caught up in a messy affair with the man her mother seduces (or should that be the other way round) and even messier life, but she is so well played by Cathryn Bradshaw she hooks you in nevertheless. The film is also extremely beautiful to look at (DoP Alwin Kuchler) and must rank, unhesitatingly, as the best British film of the year.",positive
"Look, if I were interested in a Nancy Drew book, what I would do is pick up a book and read it. I'm not. Ever since I can remember I read people trashing movies because it wasn't like the book. I'm sorry - in the digital age we can no longer watch movies on flip books, however I'm sure you can still find a few short silent films in book form. When Lord of the Rings came out, people complained. When the third one won an Oscar - ""The book was better."" When I watched To Kill a Mockingbird, ""the book was better."" Now a bunch of people are upset, yet again, because Nancy Drew wasn't like the book. I'm not saying Nancy Drew is going to win any Oscars - if anything it'll be one of those Nickelodeon Blimps or Kids Choice Awards. I'm saying give film a break. It's film, not paper. As a movie, I found Nancy Drew quite enjoyable - featuring cameos from Bruce Willis and Adam Goldberg (The Hebrew Hammer) and supporting roles featuring Tate Donovan (Jimmy Cooper on the O.C.) and Rachel Leigh Cook (She's All That). This is the first time I've seen Emma Roberts in a movie and, frankly, I enjoy her work more than most of Julia and of Eric's; her character stays consistent throughout the film and reacts well with conflict. A lighthearted movie in the spirit of Harriet the Spy is nice now and again.<br /><br />I give it ten stars because I thoroughly enjoyed the movie, would love to see it again, and will probably buy it upon DVD release.",positive
"This is the kind of movie that wants to be good but sucks. First thing, what the hell are those punk trying to do with the school? I think the kids doesn't seem to realize the gravity of the situation. Deker guy say to the girl that they under his responsibility when she ask why he wants to go back for them but right after this he gives a gun to the wheel chair dude and wants him to go alone repair the phone line. Where is the responsibility there? I understand poor actors must pay their food but why not just give them the money that takes to make a stupid movie like that or give that money to a charity. Oh yea and none of them knows how to aim. The stupid punk guy shoots in the cafeteria nowhere like a crazy. They all want to look professional but they all suck. One more thing I don't believe that there's no emergency exit in the school the kids are trying several doors but they all locked. What happens if there's a fire and the dumass security guard is dead? It is illegal to not have an emergency exit in school. Anyway there's a lot more to say but it would be too long. I spent some time of my life to watch a crap.",negative
"Barry Kane is an aircraft factory worker.Suddenly sabotage takes place at the factory and starts a fire.His best friend is killed.They accuse him of the deed but Kane knows it was a man named Fry who was there.He becomes a fugitive and goes to find this man named Fry.He's helped by a kind blind man.He lets his niece, the billboard model Patricia Martin take the man to a local blacksmith to have his handcuffs removed.They don't end up there for the woman doesn't believe Barry and wants to take him to the police.But soon he changes her mind about Barry and they find out about another sabotage attempt that's going to take place soon.There's a group of anti-American fascists.And Frank Fry is a member of that group.Saboteur (1942) is another example of the fact Alfred Hitchcock could not make a bad movie.Robert Cummings plays Barry Kane and he's really good at that.Priscilla Lane with her good looks plays Pat Martin.Also really good.Otto Kruger makes a great main villain as the leader of the fascist group, Charles Tobin.Norman Lloyd, still alive at 94, plays Fry and makes a very believable crook.Vaughan Glaser is the most sympathetic character as the blind man Philip Martin.The dance hall sequence is fantastic.And also the moments on the circus train.In the end we're at the Statue of Liberty.",positive
"Ang Lee clearly likes to ease into a film, to catch action, characters and setting on the hoof, as they emerge. Covering the haphazard endgame of the American civil war via the haphazard actions of a young militia, unformed in mind or manhood, this is an ideal approach. The film turns out to be about the formation of personalities, adulthood and relationships. Lee also shows the beautiful panoramas of the mid-south as a silent character, enduring the strife like a hardy parent.<br /><br />James Schamus' script is probably the standard bearer for this film; close behind it are a number of well-appointed performances that carry it admirably. Jeffrey Wright's name alone could carry this film for me. He's brilliant here but in a slow burning role: instead we are treated to very good (if not revelatory) performances from a large, often recognisable ensemble.<br /><br />A noble, optimistic film. One to watch if you don't fancy the harder, more bittersweet Cold Mountain or The Claim, for example. 7/10",positive
"If this movie as meant to discourage people from doing drugs, it fails. I was ready to start using them I got waiting for something to happen and nothing ever really did. This movie is neither horror or drama. It's just the paranoia of meth users. This movie may win an award for the using the ""F"" word so many times and so uselessly. It was not well stated, but I felt like they were making Meth to replace Meth they owed to someone. Hector just got worse and more paranoid as the movie went on and the girl just got more hopeless. The ending really made no sense. The movie made no sense unless it was just showing how annoying is is to be stuck in a house in the middle of nowhere with a meth-head. I relied on the other feedback when I decided to watch this movie and the rating on this movie should be a much lower average.",negative
"I'm 14, so you probably would think I have never heard of George Burns or Walter Matthau or anyone like that. Boy are you wrong. I had heard that George Burns was in this movie and that he won an Academy Award for it. I have been a fan of George Burns since I was ten. I saw the movie Oh, God recently and loved it. This one was also very awesome. George Burns did a great job. So did Walter Matthau(this is the first time I've ever seen him perform). And even though they had really small roles, Phyllis Diller and Steve Allen did a good job. That special they were filming would have been awesome if it was really done. Let me say this, if you are a fan of George Burns or Walter Matthau, you should see this movie right away!",positive
"Life's going not to badly for Harry Mitchell, he's an ex-air force major (plus nifty little pension I imagine), who's raking in the cash for a patent he's developed (fusing titanium and steel via explosive process, creating super metal fit for NASA), and his wife of twenty-odd years has kept herself in pretty good nick. He's got a nice little pad in LA. I like to see visions of the 80s consumer dream, and you get a good slice here, what with the restored silver Jag (a series 1 E-type roadster) for him, and the gorgeous antique dolls house for her (as well as I'm sure other trinkets and boys toys). There's always got to be more though hasn't there? So Harry let's himself get caught up in some romantic shenanigans (you're only as old as the woman you're feeling). As in many films noir, one mistake, in an otherwise blotch-less life, leads to a downwards arc for Harry.<br /><br />Three blackmailers leech onto him. These are where the value are for me, great character actors playing very believable roles. Bobby Shy (played by Clarence Williams III) is a black ex-con who is capable of performing incredible psychopathic acts in order to avoid jail and punish double-crossers. He's reminiscent of Pluto, the vicious black ex-con psychopath from Carl Franklin's well-regarded neo-noir ""One False Move"" (1992). There's a similar character motivation I believe. Both men have had enough of the man, and well pretty much everyone, in extremis. Robert Trebor plays Leo Franks, a fat lily-livered pansy who runs a nudie parlour where gents can photograph nude models at $25 for half an hour, and $50 for a whole hour (did anyone else guffaw at the lack of discount?). He's in over his head, and it's great to watch Trebor acting when Leo starts to feel the heat, believable breakdown. John Glover wins as Alan Raimy, who is the brains of the plot, an actually brilliant man who becomes a pornographer and turns to a life of crime out of sheer sociopathic ennui. He's a sexual sadist and does a few particularly unpleasant things during the movie, including what I believe is a pretty well-implied rape (pay attention to his RAP sheet readout, it's easily missed, and read between the lines for the motel scene with ""Slim"").<br /><br />In common with One False Move, though not exclusively, I think the real impact of the movie is in the unusually communicative scenes of violence.<br /><br />So far so good but I think there's a real problem with the film. Harry Mitchell is told at one point that he has his ""tit in the wringer"". My problem is that Harry Mitchell is played by Roy Scheider. Roy Scheider protagonists never lose, they're self-sure and smooth, but not in an annoying way. I feel I'm being asked to believe that his character is in peril, the movie relies on this for dramatic tension; however I didn't believe it. For me it's like being asked to believe that Sandra Bullock's character is going to end up sleeping alone by the end of a romantic drama, or Stephen Seagal's character is going to get taken down by the baddies (did actually happen in one movie but was done deliberately for shock value). Roy Scheider doesn't convince as an adulterer either, you don't feel any annoyance with him at all, his character is Teflon-coated.<br /><br />It also felt like a movie that took some cuts. At 110 minutes it still feels underdeveloped: Harry's wife, Ann Margaret, is pretty much a cardboard cutout, an extension of Harry, her back story as a politician running for office receives scant attention. The effect that the affair has on Harry's marriage isn't properly communicated. This could be a Frankenheimer problem, he's not known for character development. I never felt that Harry was dealing with little more than an overtly annoying and erroneous tax claim from the IRS. <br /><br />There is good sleazy violent noir content in this film, but I feel that to be in the excellent bracket that the casting of Harry could have been done better (no disrespect to the great Roy Scheider). The film felt short, even with the long running time, and I think could have taken some more fleshing out.<br /><br />But you really can't forget the sleaze, like the deliciously pervy scene of Harry taking photos of Doreen in the nudie parlour.",positive
"At one point, Violet (Lucy Liu) tells Neil (Cillian Murphy) that why she constantly seeks out for an adventure. She said ""because I'm bore-phobic"". It mean that she can't really get on with her life by doing some mandatory activities. Well, I think her reason and the way this film go is very ironic. Because ""Watching the Detectives"" is a cheer boredom. <br /><br />Have any of these characters actually doing something exciting for once? Neil is a geek who runs his own very small video rental shop. He and his other geek friends usually hang out around the shop and watching movies together while debating about them afterward. But Neil's life is completely turned around when Violet walks into his store. She's an eccentric woman who hides a little secret from him. Anyway, after some dates, they decide to see each other. The problem is Violet is a person who keep doing prank jokes on Neil and can't really doing something normal, whereas Neil is completely opposite to hers. The question is. Is they are going to be in love at the end? You bet.<br /><br />""Watching the Detectives"" is a cliché romantic-comedy to its core. And they made it even worst by pretending to be something else. From the first couple of set-up, we know that Neil is pretty laid-back guy who didn't really commit to anything. And then, Violet enters the scene, looking all weird and annoying. So at this point, we all know that we're going to sit though all meaningless situations to find out how they're going to end up in the end. Is it worth waiting for? I would say no.<br /><br />As I said, they tried to give something more for the audience. ""Watching the Detectives"" is trying to talk about commitment. To observe how far people go to reach for something they desire. We knew in the end that insane things that Violet has done is all the test how far Neil is ready to go to win her heart (or whatever). Well, I think it is completely bullshit. This movie will end pretty quick if Neil just said to himself ""Forget about it, that girl is one of a nutjob !"" After collaborating with many great directors recently (Danny Boyle's ""Sunshine"" and ""28 Days Later"", Ken Loach's ""The Wind That Shakes the Barley"" and Neil Jordan's ""Breakfast on Pluto"" to name a few), it's pretty weird choice for Cillian Murphy to make a movie with one of Broken Lizard comedy troop, Paul Soter. By all means, He's not bad (as usual), but such a talent actor like him shouldn't be wasting his time in the movie like this. On the other hand, Lucy Liu is dreadfully awful as Violet. Her acting is a mess. I mean it's all over the place and so over-the-top. Tony Montana would have been proud.<br /><br />The last but not least mistake that movie made is a completely irrelevant title. You simply can't really connect a dot between the plot and its title; and then you will end up thinking that it makes no sense at all. In short, ""Watching the Detectives"" is pleasant if forgettable motion picture that you might have a chance to catch it on cable TV so quick that you couldn't imagine.<br /><br />BloodyMonday Rating: 1.5/4",negative
"Manna From Heaven is a light comedy that uses exaggeration of human foibles to entertain the audience. Throughout the film there is the expectation that goodness will surface in each situation. The result is that the movie goer finds himself/herself sitting with this silly grin on his/her face, peace in his/her heart, and high expectations for human kind. Watching this movie was a most pleasant experience. (I would venture to say uplifting experience, but some would say that sounds corny!!)",positive
"I finally got hold of a DVD copy of this production and was agog with curiosity, since I had read so many people praising it to the skies, particularly Angela Lansbury's portrayal of Mrs. Lovett. I saw the Tim Burton movie a few months ago and thought it over the top and overly bloody; thankfully this version is not so horrifying gory but it suffers dramatically in too many other ways for it to be in the least satisfying to me.<br /><br />To begin with, the casting. George Hearn is adequate and at least shows some expression (as opposed to Johnny Depp's unending wooden face in the movie). Angela Lansbury is, quite simply, annoying. At least she has enough power in her voice to get the point across as opposed to Helena Bonham Carter's piping and expressionless little girl's voice, but subtlety seems to be only a word in the dictionary to Ms. Lansbury. One cannot be drawn into the story when one of the main characters spends her entire time mugging and winking in a ""look, Ma, I'm acting!"" fashion and being far too aware of the audience. This is not something that is typical of stage productions, heaven knows--I have been a regular attendee of many productions at the Stratford Festial for many years and stage actors do NOT behave in that fashion as a rule (at least those who want to continue to find regular employment do not!)...<br /><br />Betsy Joslyn. Oh dear, oh dear, oh dear. Did anybody besides me notice that she can't sing this role even vaguely appropriately? And her playing George Hearn's daughter is just creepy, considering that she was married to him at the time. Isn't she supposed to be a sweet little sixteen-year-old? Yes, I realize that this is what acting is all about, but not once did she convince me that she was any younger than about thirty-five, and the phrase ""mutton dressed as lamb"" seems to have been coined just for her. Her butchering of ""Green Finch And Linnet Bird"" had me gnashing my teeth and ready to turn off the DVD player at once. That song was done so well in Tim Burton's movie, and this was a sad shock. The song requires the vocal range of Julie Andrews in the 1960's and a purity of voice that is only comparable to that of a boy soprano. Any vibrato at all kills it dead, and Ms. Joslyn spent the entire time warbling so hard that I thought she was about to fall off of her ladder because she was trembling so much from the effort at sustaining coloratura notes with a voice that is a mezzo at best. Let us pass over the spectacle of her vibrating at least a quarter tone flat on at least three of the higher notes... This is quite simply not a coloratura role and perhaps a discerning director should have told her that--but the fact that she was married to the star might possibly have tied the director's hands.<br /><br />Cris Groenendaal was adequate, but again obviously far too old for the role and there is zero chemistry between him and Ms. Joslyn, which makes the whole subplot fall completely flat. I am reminded a little of past stage productions of Wagner's Ring cycle where, due to the vocal power required for the singers to bellow over the sound of a full Wagnerian orchestra they would have to cast based upon ability to penetrate vocally as opposed to any appearance or acting ability or even a good voice, which is why you have the caricature of the massive mountainous Viking-horned Brunehilde with a triple chin and a beard, when the libretto calls for an ethereal beauty who is eternally young and bewitching. The casting of the ""juvenile"" leads is exactly like that--if you close your eyes you can almost believe in Mr. Groenendaal's Anthony, but as soon as you look at the screen the illusion is shattered. (And at NO time can you ever believe in Ms. Joslyn's Johanna...) For me, the rest of the production was completely lost because of three out of the four major characters were so obviously miscast. I cannot give a proper review of anything else because they were so distracting that they spoiled the rest of the production. I really can't understand why people rave about this badly-shot and self-conscious filming of a stage play. Surely there's more to camera work in the theatre than just plunking a camera down in the front row? If I want that, I'll go to a decent play, preferably at the Stratford Festival, where at least they work together for the production and aren't constantly mugging for the camera. I give it three stars only because the quality of the production apart from the antics of Lansbury and Joslyn seems adequate if not spectacular.<br /><br />Probably the best thing one can do is buy the soundtrack of the film and a cast recording of this play, and then combine the two to make a bearable whole. That's what I'm going to do, and try to forget that I ever bothered to rent this wholly unremarkable production.",negative
"I do not generally appreciate light-weight attempts at creating humourous stories, which means that ""Anita no perd el Tren"" cannot score very high for me. The story is good: a middle-aged but still good-looking woman finds a new love. But the attempts at making this film as a romantic comedy only managed at times to be somewhat comical. <br /><br />Rosa María Sardà has ably demonstrated that she can be a serious actress in such productions as ""Amic/Amat"" (qv), ""Todo Sobre mi Madre"" (qv), ""Las Amargas Lágrimas de Petra von Kant"" (qv) and ""El Embrujo de Shanghai"" (qv). However the powers that be have over the years dished her out a lot of trivial stuff, for the cinema and for TV. Something similar could be said of José Coronado: perfectly able to produce serious performances. María Barranco belongs safely in this grouping.<br /><br />Such that, in the end, I was left with the feeling that I would be real pleased to see a new making of this film, in a serious tone, which would allow the actors to really show their performing skills. And the curious thing is that it should be done with exactly the same leading actors. Wasted talent on a rather silly film that could have been very promising indeed.",negative
"In spite of having some exciting (and daring) sequences, NBTN just never gets going. There are exploding boats, hat pin murders, mass suicides, pathologists with body parts, and all sorts of classic mystery/horror scenes, but they're interspersed with extended periods of pure exposition. Everybody in the movie looks bored. This is a shame because many of the sequences would be considered daring at the time this was filmed.<br /><br />Add to this the ""too-proper"" Brit characters and you feel like you've drifted into a Sherlock Holmes movie.<br /><br />Finally, the cinematography is very ordinary. There are lots of opportunities for beautiful shots of of the countryside, or complex shots of someone being pulled into a huge bonfire, but the whole thing is unimaginative and dull.<br /><br />Definitely only for Lee and Cushing fans.",negative
"I'd heard of the case, but hadn't really paid attention during the whole hoopla of Fuhrman writing the book, Skakel being arrested, etc. However, this movie did an excellent job of detailing Martha, the Skakel brothers, the murder, Mark Fuhrman's involvement and the results of his investigation. I especially liked the flashback scenes with Martha talking about her last summer. The actress who played her literally glowed with life and made it even more poignant that the real Martha was probably like that. It made Martha seem like a real person rather than a victim. I'd definitely recommend watching this.",positive
"Snow White, which just came out in Locarno, where I had the chance to see it, of course refers to the world famous fairy tale. And it also refers to coke. In the end, real snow of the Swiss Alps plays its part as well.<br /><br />Thus all three aspects of the title are addressed in this film. There is a lot of dope on scene, and there is also a pale, dark haired girl - with a prince who has to go through all kind of trouble to come to her rescue.<br /><br />But: It's not a fairy tale. It's supposed to be a realistic drama located in Zurich, Switzerland (according to the Tagline).<br /><br />Technically the movie is close to perfect. Unfortunately a weak plot, foreseeable dialogs, a mostly unreal scenery and the mixed acting don't add up to create authenticity. Thus as a spectator I remained untouched.<br /><br />And then there were the clichés, which drove me crazy one by one: Snow White is a rich and spoiled upper class daughter - of course her parents are divorced and she never got enough love from them, because they were so busy all the time. Her best girlfriend, on the other hand, has loving and caring parents. They (a steelworker and a housewife) live in a tiny flat, poor and happy - and ignorant of the desperate situation their daughter is in. The good guy (= prince) is a musician (!) from the French speaking part of Switzerland (which is considered to be the economically less successful but emotionally fitter fraction of the country). He has problems with his parents. They are migrants from Spain, who don't seem to accept his wild way of living - until the father becomes seriously ill and confesses his great admiration for his son from a hospital bed.<br /><br />And so it goes on: Naturally, the drug dealer is brutal, the bankers are heartless, the club owner is a playboy and the photographer, although a woman (!), has only her career in mind when she exposes Snow White in artsy pornographic pictures at a show.<br /><br />This review doesn't need a spoiler in order to let you add these pieces to an obvious plot. As I like other films by Samir, e.g. ""Forget Baghdad"", I was quite disappointed. Let's hope for the next one.",negative
"This could have been a very good film, a very interesting look at ancient tradition and oral history, but it should have been a short subject. As it is , it moves at a snail's pace; sure that's part of the life being portrayed, but this was unbearable. I fell asleep watching them make soup and that was a highlight.",negative
"Little Dieter Needs To Fly is another in the remarkable body of Werner Herzog's filmic work that is without peer. Having recently rewatched it on DVD, nearly a decade after its initial US release in 1997, it has lost none of its power, and one can see its influence on documentaries as diverse as Herzog's own recent Grizzly Man and Errol Morris's Academy Award winning The Fog Of War. Like the former, it details, in its far too brief 74 minutes, the life of an interesting American. Like the latter it gives a peek at a side of war that few see. Yes, we see the violence and the heroism, but as The Fog Of War brought us into the mind of one of last century's foremost warmongers, this film allows us a peek at the life of a grunt who is captured by the enemy, tortured, and ultimately triumphs. Except, in no way, shape, nor form, is the film as simplistic nor upbeat as my brief description of it. Nor is Little Dieter Needs To Fly's titular subject, Dieter Dengler, and immigrant German who survived the depredations of the Nazis (we find out, as example, that in his hometown, Wildburg, in the Black Forest, his grandfather was the only man not to vote for Hitler, and suffered brutally for that stand) post-World War Two Germany, and his own imprisonment at the hands of the Vietcong, when his Air Force jet was shot down over Laos on February 1st, 1966. While the title of the film, and the idea of Dengler's passion for becoming a pilot, stirred by the impression Allied fighter planes made on him when they razed his town, as a child, make one believe that Dengler is the central subject of the film, this is not true. The subject is Dengler's survival, or, more precisely, his human will, all human will. The details of Dengler's romantic life are too Hollywood and staid an aspect to interest Herzog. Nor is the fact that he won a Purple Heart, Medal of Honor, the D.F.C., and the Navy Cross. That thing which pushed Dengler to survive so much, and remain such a relatively upbeat man (although there are glimpses of darker sides), is what is at the center of this film, and all of Herzog's canon. Dieter Dengler's 'distant barbaric dream' of his past is fully ripened Herzog Country, and the use of a Madagascan chant, Oay Lahy E, during many jungle scenes, among other excellent touches in the score, show Herzog is, perhaps along with only Martin Scorsese, the best manipulator of image and music in film. Long may he merge!",positive
"Mobile Suit Gundam Wing is the Fourth series in the continuing Gundam chronicles. Unlike the previous entries which focused on massive wars, this one is a little different; instead of having an army-vs.-army situation, this one is led by five teenage boys (due to their ability to blend in more readily than normal adults) and their machines called ""Gundams"" because of the metal alloy used in their construction. Which leads to problems, since gundams are supposed to be destroyed, replaced by ""Mobile Suits"", which are piloted less-destructive weapon platforms and ""Dolls"" which are ran on A.I. and are used as grunt infantry.<br /><br />The whole point of the series is a metaphysical question that gives Gundam Wing an edge over a greater portion of the Anime that makes it's way here. Especially since most anime is adapted from popular magazines, such as Naruto, DragonBall, One Piece, DragonBall Z and InuYasha which are all from Shonen Jump, which is now available in America.<br /><br />Mobile Suit Gundam Wing sets itself apart from most anime in the fact that instead of over-the-top battles between mortals who more resemble gods, Gundam is very humanistic and seems to revel in the fact that it is dramatic instead of melodramatic and events seem to unfold across the series gracefully. Normally in anime there are more than few series that think that the best way to go about having a ""small"" battle is to have it take a half-hour - something that would never happen in real life. Gundam tops this by making sure that everyone knows that characters will die, machines will be destroyed and rebuilt, battles will be lost and won, and it never seems as though it makes the actions themselves satirical.<br /><br />But the magic of Gundam Wing is in the details, and what this series has that more anime would be grateful for having. Emotion. Instead of mythic prophecies, magic, or overblown martial arts, Gundam Wing is hard-line science fiction from a country that hates hard-line science fiction. (NOTE: The author would like to state that Neon Genesis Evangelion is not hard-line-plausible-in-real-life science fiction due to the religious subject matter that is the core of its series) they love Star Wars, but hate A.I. (the movie). Henceforth why Gundam Wing was and Gundam SeeD is now in production for both Japanese and U.S. releases at the same time with two voice teams. American audiences only have to wait two or three weeks after the end of the Japanese season to catch the dubbed or subtitled versions or even the edited SeeD episodes that air on Cartoon Network.<br /><br />The emotion is that these two sides that are fighting a war are technically backwards. The heroes are those who defend the rights of the more wealthy and aristocratic citizens of Earth from the band of terrorists bent on victory at any and all costs that make up the protagonists of Mobile Suit Gundam Wing. This is not war, this is ""total war"". Every person, every building, every street is a target for attack, both on Earth and off.<br /><br />My only complaint, and the reason it didn't get the score of ten, is that at about three-fourths of the way through, it just kind of goes dead for a few episodes, and no one really seems to change. Kind of like a present-time flashback, which is fine due to what it reveals about the characters, but at the same time it drags down what should be the brewing between Project: Meteor and OZ. But the final two episodes and the overplayed-on-Cartoon-Network (back in 2001-2003) Mobile Suit Gundam Wing: Endless Waltz movie more than make up for the slack.",positive
"What a frustrating movie. A small Southern town is overflowing with possibilities for exploring the complexities of interpersonal relationships and dark underbellies hidden beneath placid surfaces, as anyone who has read anything by Carson McCullers already knows. This does none of that. Instead, the writers settled for cutesy twinkles, cheap warm fuzzies and banal melodrama. The thing looks like a made-for-TV movie, and was directed with no particular distinction, but it's hard to imagine what anyone could have done to make this material interesting.<br /><br />The most frustrating aspect, though, is the fact that there are a lot of extremely competent and appealing actors in this cast, all trying gamely to make the best of things and do what they can with this--well, there's no other word for it--drivel. A tragic waste of talent, in particular that of the great Stockard Channing.",negative
"Here's why this movie fell very short of its potential(I don't read much, so I don't care WHAT the novel was like). 1. I think Brendan Frasier copied his Encino man from Lambert's Tarzan. It was stiff, and while his Tarzan call was a little more realistic, he had no humanity. 2. They screwed with the story. Maybe that's how the book goes, but for as long as I can remember the first utterances of Tarzan were ""Me tarzan, you Jane"". Jane is the first human tarzan encounters. I did like the natives a bit more than the shoepolished midget pigmys in Weismuller's version, but those bows and arrows were a bit cheesy. 3. Tarzan is primarily a love story. I'm sorry, but the love interest enters over an hour into the picture. That qualifies her for a supporting role at best. Supporting roles and leads don't fall for each other, not enough screen time, sorry. Not only was Andie McDowell's vioce over pathetic(most likely because her strong southern accent couldn't be masked) the chemistry scale between Tarzan and Jane was a whopping 0. I never believed they loved each other, which made the Belgian dudes closing voice over, quite frankly, silly. When Tarzan sees Jane for the first time in the jungle, he feels an urge, if you will, a feeling he's never felt before. Jane brings out the humanity in him, and he brings out the untamed side of her. Its this chemistry that compells the story of Tarzan. Not that Lord Greystoke's dying wish is to keep his land whole and that johnny boy is going to do it for him. Even a good face lift couldn't help this movie. It needs massive internal reconstruction. Oh, and could we possibly shoot more in the jungle, or at least use camera angles that don't show off the sound stage like qualities of the place. Final judgement, 4 out of 10. Sorry Tin-man, and by the way, if you want to see real acting, drop Lambert and check out Leonardo Dicaprio.",negative
"Admittedly, when the chance to see this horribly infamous legend of a movie, my expectations were pretty low. They weren't low enough. Scholckmaster Roger Corman somehow came into ownership of the rights to produce the Marvel comic book characters sometime in the late 80's or early 90's, and handed it off to Oley Sassone, whose directorial work has largely been in campy TV series such as 'Hercules' and 'Viper'. With a supposed total budget of 1.5 million dollars, it was produced, shot and briefly released on video and then sent to the wasteland of forgotten film. There it should have remained. However, like a banana peel in a vaudeville act, this ""Fantastic Four"" sits out in the ether waiting to cause a pratfall for those rare people unlucky and foolish enough to step on it. <br /><br />If you have ever heard of these comic book characters, you know what to expect. The people who made this were very true to the source material, and that is the only thing for which they deserve any credit in this fiasco. This presents the origins of the heroic group that develop superhuman powers when the shielding on their experimental spacecraft fails to protect them from cosmic radiation. Reed Richards (Alex Hyde-White) develops the ability to stretch his body and becomes 'Mr. Fantastic'. His girlfriend, Sue Storm (Rebecca Staab) can become invisible, and her brother, Johnny (Jay Underwood) can spontaneously cause fire to erupt from his body. Finally, Ben Grimm ('credited' to both Michael Bailey-Smith and Carl Ciafarlio) receives superhuman strength when his skin mutates to a rock-like hyde and is then referred to as The Thing. There is a prologue that sets up a former classmate of Reed's, Victor von Doom (Joseph Culp) to become their enemy, Dr. Doom, who orchestrates the sabotage of the Fantastic Four's space flight as an act of revenge for injuries he blames on Reed. There is the set-up, then the discovery of the powers, the revelation of the villain and ultimately a climactic fight. There are more details to the poorly-written script, but they are negligible.<br /><br />This is a movie that was made simply because the creators (I use that in the technical sense of the word. There isn't a whole lot of creative imagination at work here.) had the legal rights to do so. The plot will be undoubtedly mirrored in the anticipated big-budget release set to be directed by Tim Story in 2005, but tackling a massive special effects project like this without a comparable budget or qualified actors qualifies as an act of cinematic insanity. What special effects exist are mostly hand drawn or simple camera tricks that have existed since the days of the original 'The Great Train Robbery'. When half of the climactic fight reverts to full-on hand animation, you're almost relieved to be watching a cartoon instead of the poor actors who were damned to be in this project. There is very little consistency of style in this mess as well. Most scenes are either shot flat in available light or wild primary colors, and the only dressed sets are the obvious sci-fi pieces. There is camera-work, but it is mostly just keeping the characters centered on the screen and minimal information flowing to the audience. Editing includes leaving in extra lines and using obvious wipes (at one point there is even a transition using the center of a number 4). Editing spins are even used to supplement the poor special effects when The Thing transforms. The one scene where morphing technology was put to use was shocking only because it was such a positive jump up in quality.<br /><br />Limited camera work is not unforgivable. In 'Clerks', only the most basic camera movements are used and there is almost no style. It worked for that film because it was about people whose lives had no style, and it was consistent. Kevin Smith never let his reach exceed his grasp. 'The Blair Witch Project' caused some audiences to suffer motion sickness from the jerky hand-held stuff that put that pseudo-documentary together. When all was said and done, it was an effective work about the terror of getting lost and being consumed by a frightening situation. There is no sense of story or theme here on either a spoken or visual level. With this 'Fantastic Four', you never get more than an accidental laugh at the fact that the film makers and performers seem to be actually trying to rival other comic book movies with this poorly budgeted entry. <br /><br />Any film involves a great deal of time and work. It just so sad that so much of both was poured into a project like this. If you're one of the people who were involved with this, it was most likely done as a stepping stone on the road of a (hopefully improved) film career. Everyone knows about taking jobs to make the most of what appears to be an opportunity. For those who are curious about watching this movie, my advice is to only do so with a group of friends (so you can all point and say ""you watched it, too"") who have been forewarned about the experience (so nobody gets hurt from the shock), and maybe you can come up with a drinking game to ease the pain between the accidental laughs.<br /><br />1 out of 10",negative
"i have been watching this movie repeatedly, since it came out. even though it is 8 years old now, it still cracks me up. the jokes are still hilarious and the way the characters are portrayed will make anybody of any age laugh like they've never laughed before. Enjoy it",positive
"Should you wish to see the worst film ever made, look no further. Some wretched movies are watchable because they are unintentionally funny. Alas, American Movie has no wit at all, no unintentional humor, just obscenities thought by its director to be laughable.<br /><br />For those who liked this film, I suggest you watch Kevin Smith's ""Clerks,"" similar in tone. In Clerks you will find creativity, wit, and enjoyment -- all on a shoestring budget. It should make you forget this hideous effort.",negative
"This isn't art, it's inner-urban, politically-correct propaganda! Jindabyne's political intolerance is beyond unforgivable... it doesn't see people as individuals, but rather, as members of categories.<br /><br />This is the most patronisingly offensive Australian movie I can recall ever (and it's up against some pretty stiff competition!). A message movie, every tired theme beloved of the trendy left is there: Aborigines are victims; white men are violent or alcoholics; white women aren't that bad -particularly if they are lesbians - but they're most likely of a depressive nature.<br /><br />Four men who go away fishing, find the body of a murdered woman (Aboriginal, naturally) and leave her in the river for several days while they catch trout. It's a strange decision taken with almost no discussion, as if the men are animals. The one man who briefly demurs is the goodie... we know this because he's living with a bisexual woman - he likes to hold his baby a lot - and eventually moves to a more fashionable costal location (away from all these beastly bush-dwellers).<br /><br />This is a film made by those trendy urbanites who live in fear of the Australian landscape and those evil rednecks who reside within. It's ignorance of country life is almost as shocking as its contempt. The film is shot through with long-distance views of the bush backed by foreboding, mysterious music. It's made very clear by the end that Aboriginal people are the only ones at home in this landscape. It concludes with an excruciatingly implausible scene of black-white reconciliation.<br /><br />In Jindabyne, country life is reduced to little more than a backdrop for a story that by implication proclaims the superiority of the values of enlightened leftist urban dwellers over those of other Australians.<br /><br />This film was not made by people with real jobs but funded by the Government's Film Finance Corporation. It's a product of the artsy set, that soulless void populated by the beautiful people for whom lavish government funding sustains these patronisingly offensive projects (which are as detached from real life as possible), as opposed to actually making popular films people want to see. It doesn't matter if the film is a stinker, they still get paid.<br /><br />Spare yourself from wasting time, avoid it like the plague. More jaded social commentary than actual entertainment, this film deserves to pan!",negative
"This a rip roaring western and i have watched it many times and it entertains on every level.However if your after the true facts about such legends as Hickcock,Cody and Calamity Jane then look elsewhere, as John Ford suggested this is the west when the truth becomes legend print the legend.The story moves with a cracking pace, and there is some great dialogue between Gary Cooper and Jean Arthur two very watchable stars who help to make this movie.The sharp eyed amongst you might just spot Gabby Hayes as an Indian scout, also there is a very young Anthony Quinn making his debut as Cayenne warrior, he actually married one of Demilles daughters in real life.Indeed its Quinns character who informs Cooper of the massacre of Custer told in flash back, the finale is well done and when the credits roll it fuses the American west with American history.So please take time out to watch this classic western.",positive
"Here is one movie that is genuinely funny at every single moment that it covers. How can it not be given that this movie stars the creators of South Park and is directed by David Zucker? When I first saw this movie, I did'nt immediately realise that Coop and Doug were really Matt and Trey but their talent in acting and writing came out as quite impressive. I was pleasantly surprised to learn that they were really Matt and Trey, later on. The humor is sometimes crude, sometimes foul, sometimes brilliant, sometimes subtle, sometimes loud and sometimes stupid but overall, this is one hell of a movie that is without doubt, under rated. Well actually, its insane. Totally insane.",positive
"A stunning piece of art.You can watch every image of the film and see the beauty in it.First I would like to say that ´when I saw the German´s soldiers helmet´s I understood that it was from here that ""Star Wars"" hade been inspired.The scene were they kill the baby is frightening and when I saw it I did not like it.But when the film was end I thought about that scene and I changed my mind and thought that in the World War 2 that was exactly what the German´s did.<br /><br />The Ice-battle scene is some of the best war scenes I have seen(If not the BEST).They way this film combines music and so superbly stunning visual images is really excellent.Then the Prokofiev score is one of the most famous sound track´s in history and I thought it was some of the best to.<br /><br />what more can you say then a work of art.Eisenstein have created a stunning masterpiece,a propaganda film and a Beautiful work of art. I am very happy because I have just got the criterion collection Eisenstein set.",positive
"Despite its many faults, Hallmark's 1995 version of Gulliver's Travels is still the finest adaptation of Jonathan Swift's satirical classic - largely because it not only includes ALL of Gulliver's many travels but also includes the satire that's often overlooked. Unfortunately the twin problems of the book's highly episodic structure and a television budget (even a fairly lavish one) remain. The book is a somewhat rambling collection of traveller's tales moving simply from one surreal landscape to another, but Simon Moore's adaptation tries to impose some order on the chaos by providing a parallel plot that sees Gulliver returned to England clearly deeply traumatised and trying to prove his way out of the insane asylum where the rival for his wife's affections has had him committed. The England scenes at once mirror and comment on the travels, elements of which occasionally spill over into the real world. The trouble is that for the first hour or so it acts more as a distraction, constantly pulling you away from the story just as it starts to get interesting. The Lilliput scenes suffer worse here, with the feeling that the home scenes are too often designed to save them from filming the more expensive setpieces - this has to be the only version where we don't see Gulliver pulling the Blefescu fleet behind him.<br /><br />Yet once Gulliver makes his escape, the tone becomes more consistent as he finds his situation reversed and himself the pet of the giants of the Utopians of Brobdingnag, a guest of the wise men of the floating island of Laputa who are so engrossed in science that they have no common sense left, the guest/prisoner of a historian who leans history directly from the source, offered immortality with all it's terrible consequences before finally finding a world he wants to belong if only he can convince the sublime talking horses the Houynhnhms that he's not an uncivilized Yahoo, each new destination convincing him of what an absurd and petty species humanity is. For the most part it's a darker set of Travels than expected, with only Gulliver's curiosity and commonsense and disappointment keeping it from plunging into irretrievable bleakness - and even this is offset by the scenes in the asylum where it becomes more obvious that even if he is telling the truth it may well have driven him genuinely insane. It's in these latter scenes that Ted Danson's Gulliver really shines, never more so than in an extraordinary speech where he turns his trial into a disappointed judgment on the whole human race.<br /><br />Being made for television, the Yahoos are rather less literally scatological here than on the page, but for the most part this is a more adult treatment than you might expect with no real dumbing down. The star cast is certainly impressive, and for the most part well-used (if somewhat briefly in a few cases) - Mary Steenburgen, James Fox, Peter O'Toole, Edward Woodward, Omar Sharif, Shashi Kapoor, Edward Fox, Ned Beatty, Alfre Woodard, Kristin Scott Thomas and Isabelle Huppert among them. It's hard to imagine the upcoming Jack Black version even coming close to being a fraction as impressive as this.",positive
"Being a big fan of the romantic comedy genre, and therefore having seen a large number of these films, it is rare that one strikes me as totally unique. For that matter, it is equally rare that I am gasping for breath through the laughter during several scenes. The love story is a little thin on the ground, but I'd say that's probably for the best, as this romantic comedy has the emphasis firmly on ""comedy"", and in any case it stretches the bounds of credibility just a little more than I like most rom com's to do. The four scientists provided some of the funniest moments not just in this film, but in any film I've seen in a long while. I hesitated for the briefest of moments before finally choosing a ""10"" over a ""9"" as a rating, as I believe that far too many people use it indiscriminately, and therefore the maximum rating loses some of its impact. I'm also a big Meg Ryan fan, which helps, but this is one of the few films I've seen in which I'd say she is comprehensively overshadowed. She and Tim Robbins are cast as the leads, but for me play second fiddle to the antics of the bumbling intellectuals. A genuine laugh-out-loud type film.",positive
"I saw Borderline several years ago on AMC. I've been looking for it ever since. It was haunting: visual, textural, sensual. This movie took me somewhere like a dream and I didn't care where. I will never forget the curtain blowing in the breeze. I still remember the way it made me tilt my head. I remember my facial expression when I saw it. I didn't know what had happened when the movie was over, but I find life is that way. It didn't bother me. The unfairness of the ultimate rejection of an innocent character strikes me as sadly real. I loved the faces, the way the camera dwelt upon them. The camera gazed at the set with the unfocused eyes of a daydreamer. Borderline was real to me in a way movies aren't. It was exactly the lack of explanation, color, sharpness that made it enter my consciousness like a thief in the night. I love this movie. Someday I will own it.",positive
"Stay Alive has a very similar story to some Asian horror films which include technology on the story.Some of this Asian horror films are One Missed Call,Ringu and Pulse.So,the idea of Stay Alive is very clichéd and obvious but the filmmakers behind it did not know how to put something new or interesting to the clichés in Stay Alive.This film is totally crap.But a very big crap.All the elements of Stay Alive belong to the worst class of ''horror'' films:shallow characters,nothing of suspense,stupid ''horror'' which makes laugh and light violence.It's easy to note that the ''director'' is incapable to create something original or disturbing.I do not wanna loose more time writing about this pathetic film.I just give you an advice:do not see this film.I really hated it.",negative
"I know that so many reviews on IMDb are extreme, with reviewers either praising a film to the hilt or inarticulately tearing it to pieces. I find neither of these kind of reviews helpful, and so I do not give this film the awful review I am about to, lightly. The film is art-house science-fiction of the worst kind dressed up as a Hollywood blockbuster. The trailers draw you in by showing you what appears to be a cohesive plot, but is actually just a tiny part of a wilfully baffling series of events which are never properly resolved. I like films which challenge the viewer and I do not need to be spoon-fed a plot, and so my complaint against this film is not that it is too highbrow. No - the film is just terrible. As the credits roll you will feel genuine anger at having wasted your time on Cameron Diaz's wooden acting and a faltering plot-line. Avoid.",negative
"A tight-knit musical family, cranky-benevolent father and four vivacious adolescent daughters, is up-rooted by, first, the appearance of Felix, a dashing young composer, and, secondly and most profoundly, Mickey, his insolently attractive orchestrator friend.<br /><br />It takes a while for Michael Curtiz to get this piece of Americana floating. The first part looks almost like a paraphrasing of a cereal commercial, not without a certain quaint, highly bourgeois charm, and then John Garfield enters the scene as the doomed Mickey, making his first appearance in motion pictures, with mussed-up black curls, sleepy, hung-over eyes, rude and disheveled, the absolute opposite to Jeffrey Lynn's smoothly persuasive, madly charming Felix. Garfield is in complete, and DIRELY needed, counterpoint to the rest of the household (""Nothing I would do would surprise me"", he muses), and suddenly the movie becomes interesting, although I agree with critics that find the plot-turns insufficiently motivated.<br /><br />The four sisters are rather blandly played and seriously underwritten, but Claude Rains as the pater familias has his moments.<br /><br />Watch it for Garfield, though, he is the only really lasting thing about it.",positive
"Despite the title and unlike some other stories about love and war, this film isn't too sticky and pink, because love is as a rose: With thorns, that is. The four leading actors set their characters realistic and with a good sense and balance between the tragic and the down-to-earth. <br /><br />The music and lyrics of the cabaret/chanson-esquire songs (sung b Keira Knightley herself) drag the viewer deeper and deeper in the film, from one place to another, between the brutal war and amongst the peaceful love. Some people may find it too much a biopic, but it ís mostly a romantic story, even though it consequently follows the life of Dylan Thomas and the triangular relationship which is steeped by joy and jealousy. <br /><br />London gets visualized from another angle for once, the bohemian life of Dylan during the bombings of the Germans is set in a floating atmosphere of small bedrooms, pubs and bars. The independent women, the soldier and the charismatic poet are constantly swept in both feelings of love and anger. <br /><br />Maybe the end is too twisted and hangs somewhat loosely to the rest of the film, but all in all this is a great romantic story.",positive
"Contain spoilers! These guys are total scam, they did the Lost scrolls of Judas, saying Judas was a huge friend of Jesus... And now this? This is clearly a tryout to destroy a religion, and should be illegal. They have no proof, it could be clearly a setup. How can we know and trust these people? What if they carved the tomb and ""said so""? And at the end they SEAL the tomb forever so no one can go there investigate? How stupid they think we are, really? Are we supposed to trust that they are trustworthy people? Who really found a tomb of Jesus? And how can you stab all the Christians like this? I think this documentary should NEVER be made by a non religious man. It can ONLY be made by a Christian and I mean the DIRECTION AND SCRIPT. It should be illegal for Jews to film a Christian related documentary, specially if the documentary makes accusations about Jesus not being a ""Son of God who resurrected"" (nothing against this, they could be Buddhists or atheists, anything but Catholic).<br /><br />To me this is a total hoax, a pure documentary-scam. They sealed the tomb so people ""wouldn't"" think about checking things out. This documentary is a total failure, how stupid they think the Christian people are? And what about the Lost pages of Judas... that was a total scam as well, they seriously said at the end, something like: ""We know a few people that could do a fake scrolls just like these, and no one would know it was a fake""... Oh my god, they just said it.. ""Dude we might have done these""... This kind of documentary should be illegal, it is a stabbing on all Christians and catholics they should be behind bars!!! I am not a fanatic, I am an ex-Jew, now atheistic, but I have valors and will always respect others people religion, The part when Israel orders the tomb to be sealed forever was PRECIOUS!! PRECIOUS!!",negative
"There wasn't a 0 in the voting option so i was compelled to use the next available figure.<br /><br />It is a sad day for bollywood when such type of movies which have star-cast actors is nothing more are than a bunch of juvenile acting, and an awful script.<br /><br />This movie is nowhere near to be called a clone of Hitch. Salman khan with his usual take-off-you-shirt theme and Govinda with his in-humorous laughs. If somebody had told 2 decades ago that I would be writing a comment on Salman (after his success with Maine Pyar Kiya), I would have written him/her off.",negative
"Though it's a Christmas movie, ""Christmas in Connecticut"" could have been done any time of year, as it's the story of a soldier who spends what is to be an idyllic time with a Martha Stewart type. That's what he thinks. In reality, the lady in question, portrayed by Barbara Stanwyck, has a popular magazine column about life on a farm with her husband and baby. She has no farm, no husband, and no baby, nor are the many recipes she publishes hers. They belong to the restaurant owner nearby. When her no-nonsense editor, Sydney Greenstreet, insists that she entertain soldier Dennis Morgan, she enlists the aid of her boyfriend to use his farm, and she transports herself and the restaurateur there. There's even a baby...well, actually, there's more than one. Chaos ensues, and the charade becomes increasingly difficult to play out, especially when Stanwyck falls in love with Morgan.<br /><br />This is such a wonderful movie, and even if you're gravely depressed, ""Christmas in Connecticut"" can lift you right out of it. Barbara Stanwyck is wonderful as the career woman turned homemaker. Despite not being as flashy as Crawford or Davis, she was nevertheless able to do what any role called for - she could be cheap, elegant, warm, nasty, cold, and/or sexy and she makes it look easy. On top of that, she is always attractive and alluring. Dennis Morgan is a handsome and charming solider; as an added bonus, he gets to use his Irish tenor. Fiancé Reginald Gardner is all business, and you can tell he's not quite right for Stanwyck. S.Z. Sakall as the fake uncle/real chef is hilarious, especially as he prays Stanwyck can flip a pancake before an audience.<br /><br />I can imagine the impact this delightful film had at the tail end of World War II. It must have been a real beacon for the better times to come.",positive
"I watched Asterix and Obelix in Operation Cleopatra, which was my first exposure to the live action version of the classic comic. Like the comic the whole movie is full of jokes based upon puns, anachronistic jokes and slapstick gags which rarely fall flat.<br /><br />Asterix and Obelix are Gauls who use a strength potion to fight the Roman legions in their native Gaul. Here they end up in Egypt helping a friend build Cesar's palace (yes its puny) in three months to prove the Egyptians are just as good as the Romans.<br /><br />The reason I picked this up was because Monica Belluci is Cleopatra. She's good but the role is little more than a cameo. However, even though she's rarely in the film I didn't care since its so clever and the jokes so funny I was in hysterics. I loved it. I loved it so much that I can't understand why the movies have never been released in the United States.<br /><br />The import DVD has the film in English dub- which is quite good especially when you consider that when you watch it in the longer French version the puns (and hence the jokes) are not always apparent since they are aural, so if you read the names wrong the jokes are lost. Most of the jokes between the full French version and the shorter English dub seem to be exactly the same, though some have been changed sometimes for the better and some times for the worse. Personally I'm gonna stick with the dub when I watch this again since its easier to pick up the jokes and enjoy the humor.<br /><br />You really will want to see this if you love puns and low brow, but clever humor This is a great comedy",positive
"First there are some plot holes in this movie. We see in the very beginning a kid dies from playing the game. But who was tied up in the mail truck delivering the package which contains the game? How did the driver place the package into the mailbox when he was lashed to the steering wheel? It is not like he was Mr. Fantastic. Wow that in just the first 15 minutes... The actors are second rate, take the ""Bad Guy"" played by Patrick Kilpatrick (who?) exactly he has appeared in one episode of everything on TV and some secondary roles in poor movies (like this one). So most of the acting is like TV dramas, I can live with that, but the graphics or special effects are horrible. The disembodied ""Game"" voice sounds like a poor clone of Hal from ""Space Oddessy 2000"". What they called Zombies looked more like shadows jumping around like monkeys from ""Planet of the Apes"". The Aliens had transparent bodies like the shadow zombies. In most cases, the movie was just predictable as it had no hook or hidden agenda going. The story was a good idea but like most good ideas discussed over lunch was never developed beyond that good idea stage.",negative
"Super-slick entertainment with a stellar cast, an outstanding script, and a firm grip on the approaching 1950's. At the time, RKO was turning out classic noirs by the dozens. But whatever the value of those shadowy downers, they reflected a war-time mood soon to give way the sunnier climes of the Eisenhower era. Few films of the late-40's are further from that noir cycle or more attuned to the coming consumer decade than this sassy little comedy.<br /><br />Jim Blandings (Cary Grant) works as an ad-man on Madison Ave. where in his little daughter's words-- he sells things to people that they don't need, at prices they can't afford. He's making good money, but like thousands of others, he's tired of living in a cramped urban ""cave"". So, with wife Myrnah Loy, they strike out after their dream house in the wilds of the Connecticutt countryside. Needless to say, in the arms of nature, they get more than they bargained for and in hilarious fashion.<br /><br />There's hardly a lifeless line in the entire script. I don't know if writers Panama and Frank got an Oscar, but they should have. Of course, the humor revolves around all the problems that pop-up when city people build a big house on rural land. The annoyances pile up almost as fast as the mortgage, with all the eccentric types running the construction show and giving Grant a hard time. Of course, no one carries off annoyance or frustration more humorously than Grant, so it's just one well-placed laugh after another, particularly when the locked closet appears to have an infernal mind of its own. Yet, oddly, the film appears to have no comedic high-point. Instead the laughs are spaced out so expertly that they don't peak at any particular point. That's a real movie triumph for any era.<br /><br />Reaching back 60 years later, we can see how deftly the script ideas look ahead rather than behind. With their live-in maid, the Blandings may not be a typical American family, but that post-war migration from cramped cities to spacious suburbia was typical. And what more suggestive job for the coming consumerism than Blandings as an ""ad-man"" tasked with finding catchier ways to sell more ""ham"". More than anything, however, there's the movie's sunny optimism. Oh sure, the feeling falters at times, yet the belief that a better future is on the horizon if the Blandings just stick to their dream carries them through. Indeed, life was going to improve for a lot of people during the coming surge, so I expect the film resonated deeply with audiences of the day. It's that easily over-looked subtext, along with the sheer entertainment value, that makes this movie a key comedy statement of the post-war period.<br /><br />So, if you haven't seen it, catch it next time around.",positive
"Stack should have received the Academy Award for this performance, period. Its a crime that he did not. Amazing how he humanizes a rich worthless character. <br /><br />Dorothy Malone did earn a well-deserved Academy Award for her performance. In fact, all of the acting in this film is excellent.<br /><br />The plot begins with a taxi ride, then an airplane ride, then keeps moving on an emotional ride that will hold your interest throughout. You will be entertained!<br /><br />However, this is only a blatant soap opera. One-dimensional, 100-percent soaper. You might call it the ultimate soaper, because the acting so thoroughly triumphs over the material. Excellently acted, well directed, but strictly within its soap genre. I wouldn't even call it a melodrama (such as ""Mildred Pierce"" or ""Imitation of Life""). While not denying the great entertainment value of this film, you can only imagine what this talented cast and director might have achieved with more substantial subject matter.",positive
"This movie is a complete and utter waste of time, one of the worst films I've ever seen. And coming from me, that is definitely saying something. In fact, I wish I could have given it negative stars instead of just rating it as a pathetic one-star awful.<br /><br />When I rented this movie, I had an open mind. I find the legend of the chupacabra interesting and I have a fondness for cheesy horror flicks. But I draw the line at this one.<br /><br />The acting sucked. The lead male gives one of the worst performances ever, looking and sounding unnatural as he delivers his poorly written lines. The lead female gives a slightly more palatable performance, but that really doesn't take much.<br /><br />The chupacabra... well, considering how low budget this movie must have been, the creature was tolerable. It does, however, look exactly like someone in a mask and body suit. The mask is fairly detailed and might look cool in person, but not so on screen.<br /><br />Speaking of on screen, you'd think they could have at least used a better camera. It looks like it was shot with a camcorder for crying out loud. Not a very good one, either.<br /><br />I don't know what whoever wrote this abomination was thinking. The dialog sucks and just... I can't describe what I feel about it. At least not without getting in trouble with the site.<br /><br />My advice? Avoid this at all costs. It's just not worth it. If it comes on TV and you have nothing else to do or watch, then *find* something else to do or watch. Read a book, listen to music, *anything.* Just don't subject yourself to this. If you do, you cannot say you weren't warned. And for Lord and Lady's sake, don't rent this sucker. It is not worth it, even if you get the chance to rent it for fifty cents. Trust me, I know.",negative
"This film is the freshman effort of Stephanie Beaton and her new production company. While it suffers from a few problems, as every low budget production does, it is a good start for Ms. Beaton and her company.<br /><br />The story is not terribly new having been done in films like The Burning and every Friday the 13th since part 2. But, the performances are heartfelt. So many big budget movies just have the actors going through the motions, its always nice to see actors really trying to hone their craft.<br /><br />The story deals with the murder(and possible return) of a disfigured classmate. The others are sworn to secrecy, but the trauma of the event sends each person in different directions in their lifes. Ten years later, the friends are murdered one by one by a gruesome stalker known as ""The Bagman"". Who will survive? You have to watch.<br /><br />If you are Roger Ebert or any number of arrogant critics, you probably shouldn't bother. But if your taste run more towards Joe Bob Briggs and you want to see a group of people honing their craft, then check out ""The Bagman"".",negative
"I watched this basically for the sole reason that it was supposed to have Third Reich references in it. It turned out a pretty brainless and predictable slasher film that appeared to be made to appeal to feminists or something.<br /><br />Let me tell you something, if you wait an entire movie to see the attractive female lead's breasts, the last thing you want is a ""tastefully"" done sex scene with annoying camera angles that don't show anything. Her busty friend didn't get hers out either, but we saw plenty of men's butts and pubic hair and guys with their shirts off. And at the end you have our heroine magically dodging the scalpel thrusts and swings of the villain (who turns out to be the hunk, funnily enough) and she easily out fights him (uh huh) while her male love interest is tied down and waiting to be rescued. The funniest part was when she picks up a chair and ""swings"" it at the guy and it breaks over him. Now it'd be about as much as she could manage to lift the chair let alone smash it against a person with enough force to break it! It looks ridiculous, she basically brushes it against him and it falls apart. If you are going to do this sort of ""role reversal"" rubbish (which has already been done to death) then you have to at least make it semi plausible.<br /><br />There was one good bit though. The bad guy did get the better of her slutty friend, teaching her a lesson for being such a tramp and sleeping around. That's not exactly something feminists would like.<br /><br />Pretty stupid really. Not that American slasher flicks are generally much better, but you have to wonder why they bothered. It brought nothing new to the genre at all.<br /><br />5/10",negative
"Oh man, what was Sam Mraovich thinking? What was anyone who was involved in this ""film"" thinking? Mraovich is the head of nearly everything of ""Ben and Arthur"": Director, writer, producer (also EXECUTIVE producer!), caster, lead star- you name it, he did it. And he (Mraovich) sucks more than anyone has ever sucked in every department of film making.<br /><br />So what is wrong with this film? Everything. The film is about two gay lovers, Ben (Jamie Brett Gabel) and Arthur (Mraovich- *groan*). Ben and Arthur want to get married in a world where everyone basically hates gay people. To make things worse, Ben's crazy ""ex-wife"" (they don't exactly divorce), Tammy (Julie Belknap) is steaming mad that Ben's left her for another man and demands Ben that they get back together (saying that she can be gay, too!) and Arthur's Christian devoted, excessively hypocritical, equally batty as Tammy brother, Victor, is hell bent on making Arthur turn straight and then try to kill him after he gets kicked out of his church.<br /><br />The film is absolutely chock a block with so many goofs (ie. Ben and Arthur fly to Vermont to get married- they go there on Alaska Airlines and Vermont has palm trees; they fly back on a FedEx cargo plane- hope they were comfy in a wooden crate, plus many, many more) and plot holes to boot (Victor calls killing Arthur ""The Final Plan"" which later changes to ""The Final Deed""; Arthur and the private (intern) detective drive the same car, blah, blah, blah). The ""actors"" are all very bad and are way, way over the top; the script is laughably horrible(one such example is ""I don't make sense? You don't make sense! I make sense, that's who makes sense!"") and there so much more wrong with the ""movie"" that I can't write them all down.<br /><br />However, the most laughable yet unbelievable thing about ""Ben and Arthur"" is that Sam Mraovich thinks that he has created something that is truly fantastic (see his fake reviews for ""Ben & Arthur"" and obvious comments by him on YouTube.). Mraovich is narcissistic and his arrogance blinds him from seeing how awful anything with his name on it really is.<br /><br />So, to conclude, forget every bad film that you claim is the worst movie ever- ""Ben and Arthur"" will knock them right off that title, even Paris Hilton movies look like ""The Dark Knight"" compared to the monstrosity known as ""Ben and Arthur"".",negative
I had been waiting to see this movie for so long and finally got to yesterday. In summary I'm glad I finally did. The humor is off the wall hilarious. The plot is so unbelievably believable that it has to have at least some truth for it . If anything stood out in this movie it is most definitely the coffee shop scene. I have been there every guy has . You get dumped. You find out that your ex has fooled around with some guy who you are sure is an asshole. Now every time you see anything for the next few days you just get horrible thoughts of this placed in all the wrong areas . She is screwing everyone and everyone knows it. I could probably watch that man lick and finger his wallet all day long and look back at myself and laugh for having been there too .,positive
"I just want to add my two cents worth, and forgive me if I am repeating something that has already been posted, but I feel it is worth reminding people of the everlovin' genius of Damon Runyon. Without the wonderfully street, hilarious writings of Damon Runyon this film would never have been made - nor most of the other great classics that deal with gamblers & the like from before 1960. Damon Runyon worked as a newspaper man, and he was from Colorado, but he sure did _get_ the street scene of the East Coast. If you are not a dedicated fan of old Hollywood comedies, I would recommend a few other flicks from Damon Runyon's writings; ""the Lemondrop Kid,"" and ""Little Miss Marker,"" both feature Bob Hope, who, aside from his politics, has always been a funny man. (As a West Coast liberal, I find his politics fairly funny, too!) Damon Runyon lives!!!!",positive
"This movie really has no beginning or end. And it's really VERY unbelievable. Mary-K and Ashley are supposed to be interns working in a mailing room for an Italian fashion company. But, for some reason, they're put up in a 5-star hotel (conveniently located across the street from the Coliseum), and all of the other interns they work with are just as abnormally model-looking as they are. One thing that I found obvious in this movie is the way that one of the twins DOESN'T end up with the guy. I guess they tried to twist their usual plot a bit. Nice try.",negative
"I went to see this movie twice within a week and can only sum it up in one word (which I normally don't use lightly): Wonderful! In my view, the best movie ever made. Who deserves Oscars and other awards if not this Swedish crew who have created cinematic perfection in the last scenes of the film, when everything that is said (and left unsaid) throughout the story is drawn together? Just as the character of Daniel Dareus evokes so many sentiments and long repressed feelings within the people around him, the movie does the same to its viewers: You walk out with your head abuzz and your heart feeling full. Great stuff! Next time you ask yourself ""what is the meaning of life"", perhaps think about how you feel after a sumptuous experience like As it is in Heaven: Happy, content, fulfilled. To say it with Virginia Woolf's Mrs Dalloway: ""Such moments are enough"".",positive
"Can you say ""Boring"" with a capital B! It's slower than watching grass grow! It's more boring than watching paint dry! You'll sleep right through it.....we all did.....don't do it...you'll regret it!",negative
"Sure, the plot isn't Oldboy. It seems the only ""great"" movies these days are amazingly shocking or high-budget/hyped in some way.<br /><br />Spin Kick is a drama/comedy about a group of people who decide to pour their hearts into tae kwon do. Regardless of what you expect from this film, you're guaranteed to feel moved by the work, pain, and expectations that the characters force themselves to experience. Though comedic at times, many moments and characters are rendered beautifully: there's the old guard character who takes things too seriously, the hoodlum turned good-guy who just wants a second chance at life, the meek team-substitute who would die happy if he just won once in his life, and many other well-rounded characters with their own problems-- but most importantly, their own their hopes and dreams. While the plot and the goals of the movie are simple, these aspects of the movie merely highlight the development of the characters as they overcome their personal and inter-personal struggles. <br /><br />In short, this film will leave you feeling fresh, determined, and satisfied.",positive
"before seeing this film, the 1998 version was my only experience of this dickens story. i didn't enjoy that film very much, but this 1974 adaptation moves on in a particulary tiresome fashion.<br /><br />the actors don't shine, the main couple michael york and sarah miles are especially wooden cases. the only character of real interest for me was anthony quayle's intelligent jaggers.<br /><br />the so called plot is ridiculous, but the story itself is a great one. it's a real lesson on how your distorted values and obsessive principles can destroy you. live with an open mind and don't care what other people say, you are what you are, if others can't take it, **** 'em. pip was told this early on, but he didn't listen.<br /><br />the girl adopted by the weird old lady reminded me a little of the old kaspar hauser story, not in that same horrible level, but in the way she molded the child to create the executor of her personal vendetta against the entire opposite sex she thought had deceived her. pip's childhood didn't appear much better. the ending didn't seem to fit the rest of the story's style. the sets looked cheap, and coming to imdb i'm not surprised to see that this was indeed a tv-movie (which i had no idea of when i borrowed it from the library).<br /><br />live and learn. so many good movies, so little time. that's why the reviews are here. so YOU wouldn't have to waste your time on this sort of movies.<br /><br />3/10",negative
"Vincente Minnelli directed some of the most celebrated entertainments in cinema history... He was among the first Hollywood directors to show that a profound love of color, motion and music might produce intelligent entertainment... <br /><br />'American in Paris' is the story of an ex-GI who remains in France after the war to study and paint... He falls in love with a charming gamine Lise Bourvier... Their romantic love affair sparkles as brightly as the City of Lights itself... The whole movie brings a touch of French elegance where technique, artistic style and music all come together in perfect synchronism...<br /><br />The first musical sequence introduces the exciting personality of Leslie Caron in her screen debut... She is like a diamond, a touch of class... George Guetary describes his fiancée ambiguous grace in a montage of different dance styles, sweet and shy, vivacious and modern, graceful and awesome... The number leads to an unpretentious bistro, where Kelly and his very good friends in Paris share a gentle parody of Viennese waltzes... Later Kelly celebrates a popular tap dancing with a crowd of enthusiastic children singing with him 'I Got Rhythm,' and at the massive jazz nightclub Kelly spots the girl of his dreams... He is instantly hit by her sparkling sapphire blue eyes, and only one clear thing is in his mind, to pull Lize onto the dance floor and sing to her: ""It's very clear, Our love is here to stay.""<br /><br />To the joyful 'Tra-La-La,' Kelly provides humor, wit and talent all around Oscar Levant's room ,and even on the top of his brown piano... <br /><br />When he meets his pretty Cinderella along the Seine river, Kelly is swept away by his happy meeting with Caron... He expresses all his emotions with 'Our Love Is Here to Stay.' The piece had a definite nighttime feel as the two lovers were bathed in soft, blue smoky light... They start an enchanting dance-duet juxtaposing differing elements... Caron dances with her head on his shoulder, then tries to run away in a fluid way... They move backward, away from each other, then pause to rush toward each other, for a little kiss, and a warm hug...<br /><br />The film's weakest numbers were those that bear little relation to the story... In one, Georges Guetary performs an entertaining stage show with showgirls in giant ornaments floating down to the stage... In another, Oscar Levant imagines himself conducting a concert, and playing not only a piano recital, but the other instruments as well... He even applauds to himself as members of the audience...<br /><br />The extravagant climactic super ballet of the film is quite an adventure, a breakthrough in taste, direction and design... It is a blaze of love, fury and vividness... It is Kelly's major fantasy of his lost love and of his feeling about Paris as viewed through the huge backdrops of some of France's most Impressionist painters...<br /><br />The number starts at the Beaux Arts Ball after Kelly finds himself separated from Lise, and begins a sketch with a black crayon... It gathers the important parts of the film's story through a constantly changing locations, all in the style of the painters who have influenced Jerry... The tour, richly attractive and superbly atmospheric, includes the Place De la Concorde Fountain, the Madeleine flower market, the Place De l'Opéra, to his Rendez-Vous at Montmartre, with the cancan dancers in a representation of Lautrec's Moulin Rouge...<br /><br />Kelly seems to defy the boundaries of his physical self... Caron seems to dominate her space and sweeps you away to another time and place...<br /><br />Nina Foch appeared very attractive and elegant in her one-shouldered white gown... In one of the film's most famous lines, Kelly asks her: 'That's quite a dress you almost have on. What holds it up?"" Nina, cleverly replies, ""modesty!""<br /><br />'An American in Paris' garnered six Oscars, including an honorary award to Gene Kelly... The film gave us a wealth of memories to take home...",positive
"...Ok I have read about this film somewhere in the internet, and many criticized on how bad and sucks this film was. And I couldn't have been more agree about it. Then after that I saw this film on DVD, I was thinking twice about this and then came commercial of this film on TV. Luckily I spared my money for this pieces of crap. I was sacrificed my sleeps for this film and soon it turned out that this film couldn't make me satisfy. So I can't be judging on how the film was made, but anyway... it still sucks. As for those who liked this film, I would apologize for flaming this film and telling on how sucks this film is. I don't know what do YOU think about this film?",negative
"I give this five out of 10. All five marks are for Hendrix who delivers a very decent set of his latter day material. Unfortunately the quality of the camera work and editing is verging on the appalling! We have countless full-face shots of Hendrix where he could almost be doing anything, taking a pee perhaps? We don't see his hands on the guitar thats the point! Also we're given plenty shots of Hendrix from behind? There appears to be three cameras on Hendrix, but amateur fools operate all of them. The guy in front of Hendrix seems to be keen to wander his focus lazily about the stage as if Hendrix on the guitar is a mere distraction. While the guy behind is keener on zeroing in on a few chicks in the stalls than actually documenting the incredible guitar work thats bleeding out the amps (the sound recording is good thanks to Wally Heider) Interspersed on the tracks are clips of student losers protesting against Vietnam etc on tracks like Machine Gun, complete waste of film! If Hendrix had lived even another two years Berkeley is one of those things that would never have seen the light of day as far as a complete official release goes. The one gem it does contain is the incredible Johnny B Good but all in a pretty poor visual document of the great man and inferior to both Woodstock and Isle of Wight",negative
"In 1454, in France, the sorcerer Alaric de Marnac (Paul Naschy) is decapitated and his mistress Mabille De Lancré (Helga Liné) is tortured to death accused of witchcraft, vampirism and lycanthropy. Before they die, they curse the next generations of their executioners. In the present days (in the 70's), Hugo de Marnac (Paul Naschy) and Sylvia (Betsabé Ruiz) and their friends Maurice Roland (Vic Winner) and his beloved Paula (Cristina Suriani) go to a séance session, where they evoke the spirit of Alaric de Marnac. They decide to travel to the Villas de Sade, a real estate of Hugo's family in the countryside, to seek a monastery with a hidden treasure. They find Alaric's head and the fiend possesses them, bringing Mabille back to life and executing the locals in gore sacrifices. After the death of her father, Elvira (Emma Cohen) recalls that he has the Thor's Hammer amulet hidden in a well; together with Maurice, they try to defeat the demoniac Alaric de Marnac and Mabille.<br /><br />Last weekend I bought a box of horror genre with five DVDs of Paul Naschy per US$ 9.98; despite of having no references, I decided to take the chance. The first DVD with the uncut and restored version ""Horror Rises from the Tomb"" is a trash B (or C) movie that immediately made me recall Ed Wood. The ridiculous story is disclosed through awful screenplay, direction, performances, cinematography, decoration, special effects and edition and with lots of naked women. The result is simply hilarious and I can guarantee that Ed Wood's style is back. My vote is three.<br /><br />Title (Brazil): Not Available",negative
"Recap: According to legend, the Valkyrie Brunhilda defied Odin and was chained to a rock surrounded by an eternal fire. Only a warrior pure in heart can pass through the flames, free Brunhilda and release her from Odin's claim, and have her for himself. Now, war is brewing in the Norse lands, and the King needs an alliance with the Berserkers. The Berserkers are warriors claimed by Odin's valkyries, lusting for war, blood and flesh, and therefore outcasts, but superior in battle. The leader of the Berserkers is a scorned son of the King, Boar, and his price for the alliance is his brother, the future king, Barek. But after the King is victorious in battle, he refuses to give up his only remaining son, breaking his oath to Boar and betray him and kill him. Boar is saved only by Barek's call upon Odin. But this is only the start of the battle between the brothers, and their final battle is about to start now, a millennia later...<br /><br />Comments: I had hopes that this would be a movie based upon some Viking ground, far too little quality movie about Viking has been done. It started out very good too, with detailed longships and armors, nice and fitting sceneries and an OK battle.<br /><br />The foundation in the Aesir myths is thin and seems very corrupted to me. Odin is much more vengeful, spiteful and absent than I remind him from school, and the valkyries has been turned into some vampire-demons. I'm no expert, but that seems outright wrong.<br /><br />But the fatal mistake made by this movie is to move the time-setting from the original time-period to today. If the two brothers had fought it out in the correct time, with some decent battles, this movie would have been much better. Now the setting, suddenly is changed to present day Stockholm. Still, Odin is present and is sending Boar and his berserkers for Brunhilda and Barek which gives silly scenes when armor-clad and painted berserkers swordfights with Barek among the industries. Beautiful mountains and woods have been exchanged for cement. And when allowed to focus upon single fights, instead of massive battles as in the beginning, I quickly saw that the fights and skills of the actors are slow and clumsy.<br /><br />The end result is thin story, sometimes hard to follow and other times just silly, and the only that could save it, the action, is drawn from slow, dull and clumsy swordfights. It draws very little from Aesir myth or Viking tradition. Thus both story and action fails, and the movie is just plain bad.<br /><br />Finally, as a Swede, this movie is a little confusing. Supposedly filmed entirely in South Africa, it still contains some familiar Swedish signs, plates and what seems to be an authentic police car. However, the effort is poor and only goes so far, as to really set it in Sweden. No names are Swedish (perhaps with Anya as the exception), no familiar sceneries are Swedish, they (supposedly) speak a little (ancient?) Norwegian, not Swedish. And uniforms, both police and medical, are clearly not Swedish. If they were not going to even try to do it correctly - and really give the illusion that it is set in Sweden, why bother at all? <br /><br />4/10",negative
"Girlfight is a story about a troubled teen named Diana Guzman (Michelle Rodriguez). Diana is burdened by her mothers suicide and a sexist father living in a sexist community. A short temper and plenty of things to spark a fire, shes about to get kicked out of school for fighting. Her brother, Tiny (Ray Santiago), is training with Hector (Jaime Tirelli) in boxing. Diana is told by her dad, Sandro (Paul Calderon), to deliver that weeks payment for Tiny's training. While Diana is walking through the gym, she realizes thats what she wants to do. She wants to box. Diana asks her dad for money to train but he refuses because shes a girl and should do more 'girly' things. All Diana wants is to be treated like any other guy. Not looked down upon because she is a woman. She steals money from her father to begin training.<br /><br />Great movie. Genius, pure 'effing' genius. Recommend to anybody who needs to see a good clean movie with no 'monkey business'.",positive
Burt Reynolds stars as an undercover cop who is after a crime boss.. Rachel Ward as the high price call girl he falls for..Burt does well in this role and I think he would've done well in more roles like this..<br /><br />Rachel Ward is beautiful and sexy in her part..good pacing and story but something is missing in the equation.. on a scale of one to ten..7,positive
"Nahhh! Leila (Grace Mills) is a teenager turned on to Satan (and LSD) by her archaeologist fiancé Richard. There's a neighborhood hippie demon cult hanging out at the local decrepit ancient castle, where Leila and Richard drink blood, drop drugs, join in sex orgies, dance to lame psychedelic rock and participate in black mass ceremonies where the guys wear pants, masks and capes and the women don't wear anything at all. Unfortunately, these kind of extracurricular activities have left Leila open to demonic possession from the dreaded ""spirit of evil."" Leila also comes from a screwed up family, which doesn't help either. Her older brother John is a recluse who seems to be in love with her. Her mother Patricia (Maria Perschy) is depressed because she thinks she was responsible for the father's death. To top it off, her sister (Maria Kosti) is a slutty semi pro golfer named (gasp!) Debbie Gibson. There's plenty of hired help around also to waste more time. Two maids (a young one who takes her clothes off a lot and an old one who spies on everyone), plus Udo (Luis Induni), a bald voyeuristic handyman who spies on Leila changing clothes, takes nude pictures of her and sneaks into the pool house to take a sniff of her freshly used bathing suit. Oh yeah and Borg, the pet German Shepherd.<br /><br />Paul Naschy is Father Adrian Dunning, the doubting priest (zzzzz) who starts snooping around after John and Richard both have their heads twisted around backwards. Leila tells him ""They say I am perverse and I'm going to prove it is true!"" During her birthday party, she tells her guests ""You make me sick! I hate you all!"" and when mom suggests having a doctor come over she she screeches ""I don't want to see that fat ass!"" Debbie suggests they commit Leila to a ""sanitory,"" but Leila runs off and joins the cult again. She is rescued (again) and brought back home (for the third time).<br /><br />By this point in the movie, there's only about ten minutes left to go and all we've basically seen is some very boring scenes of characters talking and whining about how terrible and f-ed up their lives are and how Leila is acting weird. It's almost as agonizing to sit through as an Andy Milligan movie, minus the gore and laughs. But finally during the last few minutes we get the movie the title implies - an EXORCIST-like possession flick. Unfortunately, the best part of it are the contact lenses Leila gets to wear. Some cheap time-lapse slashes appear on her arms, legs and face, she gets scabby lips and her eyes take on the appearance of blue and white marbles. She begins reeking of rotted flesh, spits up some clear gunk, starts speaking in her dead dad's voice, sneaks into her mom's bedroom, slaps her around a bit and calls her a ""filthy bitch of a whore."" In comes Father Adrian, who now finally believes she is indeed possessed, fends off her attempts at seduction, hallucinates frogs and eels are in the kitchen and douses Leila with holy water. Doors open and close, a mirror breaks, there's sudden thunder and her bed rises up off the floor. After she tackles Dunning and the two roll down the stairs, the spirit is out of her and into - guess who? Why, Borg the family pooch! The demon dog then turns on Adrian and chews him up a little before he impales it on a fire poker. Then we get one of the most irritating final shots ever committed to film. It's Leila on the floor going from her hideous appearance back to her normal sexy self. But then there's ANOTHER time-lapse effect that sort of seems to suggest that the demon has possibly reentered her body. It's so badly done, you really have no clue what to make of it, which is the final slap in the face to anyone who has just realized they've wasted an hour and a half on this worthless POS.<br /><br />Screw the contacts, 1 out of 10 it is.",negative
"I'm not kidding about that summary and vote! The video distributors have packaged this as just another typical '80s werewolf movie, but it is in fact the greatest parody of the horror genre that you can imagine, having done for the horror movie what ""Blazing Saddles"" did for the western. I have seen plenty of comedies - good, bad, stupid, weird, etc. (usually walking away unimpressed), and I think that comedy must be the most difficult genre for filmmakers and actors to work in - it takes just the right kind of touch to make things successful, and part of that is having good ideas. ""Full Moon High"" is bulging with good ideas - so many, in fact, that it can easily put the Zucker/Abrams team of ""Airplane"" and ""Naked Gun"" to shame. One of the best of these is the very presence of Ed McMahon in a starring role as a John Birch-style right-wing crackpot. The jokes, non-sequiturs, wisecracks and word-play are literally non-stop and everything, including the kitchen sink, has been thrown in. The ironic tone is very similar to that of ""Back to the Future."" <br /><br />Some people (i.e. almost every reviewer here) must have been turned off by the spirit of anarchy here, but I almost died of laughter, and this is one of those movies in which you never know what kind of insane situation will transpire next. Since B-movie extraordinaire Larry Cohen had not made a straight comedy before this, one gets the sense that he was making up for lost time by including any joke he or his collaborators could think of. If Mel Brooks had made this, the critics would have labelled it a comic masterpiece, but because it was made by Cohen, it has been dismissed as schlock. Critical reviews have called this movie too ""silly."" SILLY? What is a comedy supposed to be - serious?! Anyway, I laughed out loud more for this movie than any other I can think of. Cohen makes fun of everyone - himself included, with plenty of references to his usual brand of low-rent film-making; he and the actors must have had a complete blast making this.<br /><br />The humor is very Mel Brooks-ish, and anyone who loves Jewish humor or watches a lot of B-movies (especially horror) will love this. Trust me: the movie isn't too hard to find, and as long as you accept it for what it is - a roller-coaster of belly laughs with no pretense of social value whatsoever - then you'll truly enjoy it!!<br /><br />One sidenote: this movie should somehow go down in history as the one thing Bob Saget ever starred in (albeit briefly) that was actually funny.",positive
"This was a great movie that had a lot of under lying issues. It dealt with issues of rascism and class. But, it also had a message of knowing yourself and taking responsibility for yourself. This movie was very deep it gave the message of that you and only you can control your destiny. It also showed that knowing yourself and being comfortable with who you are is the only way you will ever fit into society. What others think of you is not important. I believe this movie did a wonderful job of showing it. The actors I think were able to convey each character wonderfully. I just thought it was amazing how deep this movie really was. At a just glancing look you wouldn't see how deep the movie is, but on further look you see the underlining meaning of the movie.",positive
"I bought this video on a throw-out table at the video store expecting a good cast in what was touted as an award-winning Brit sex comedy. I guess I should have read the finer print. I rarely write a panning review, but here goes.<br /><br />These actors in gay roles really play games with your memories of a lot of far more worthy films. This comedy was a very cruel joke at the expense of the actors, the theatre-going public and of all the nice films that have contributed to their reputations.<br /><br />I repeat: is the joke about trashing the actors' other highly respectable on-screen personae with this scurrilously trashy flick? Can the reference to the Austen classics 'Pride and Prejudice' and 'Sense and Sensibility' be anything else? How much of a political statement was it to produce this melodrama using these stars? Are we meant to simply take it as a lay-down misere that all actors are gay and thus letting their on-screen roleplay affect our lifestyles is accepting their private homosexual dealings in our faces, too? I'm sorry, but I don't think so. I say NO to this one.",negative
"I've always been a fan of Jackass, as well as Viva La Bam and Wildboyz. And when you're a fan of something, your expectations are high to whatever your ""heroes"" might star in. And if there's one thing I've learned about expecting a lot from the people you simply love to watch and listen to, it's never to expect to much, 'cause in 99 out of a 100 times, you'll get disappointed.<br /><br />Although, when I heard there was a Jackass 2 coming up, I thought ""Not even I can turn down my expectations for this movie"", and as a result of that I sat down today, ready to laugh, but also ready to say in the end ""Well, it was OK, but I'm a little disappointed"". How wrong was I! Every single member of the Jackass crew brings this movie way over the first one, showing you the one crazy ass stunt after the other, making the whole world see that there's nothing they wont do to try to harm themselves - and that's what we love! I cried my eyes out laughing from the first minute and till the very last second of the movie, at some times even shouted in laughter, not able to control myself! Stunt after stunt, prank after prank, and hilarious comments on the flow - it can simply not get any better than this! Amazing from start till end, guaranteed to make you laugh your ass off. I've got two things left to say; WATCH IT, and PLEASE God, let there be a Jackass 3 - these guys clearly has a lot to offer!",positive
"A story of love between two people at the end of WWII. Beautifully filmed, very romantic and yet rather fatalistic fable of budding love and war that would not end. If you want happy endings don't watch Wajda movies, sweety.",positive
"I have just written a comment to ""ACES HIGH"" (1976) and that remind me of this film which I watched as kid when it was released; since then I have watched it only once and that was more than enough. As Kevin well says ""it is a complete waste of time"". Apart from the dog-fights which are nicely done the rest is a sequence of badly patched scenes with actors struggling with a lousy script and equally lousy direction. I do not remember the silly German accents mentioned by Kevin in his comment, but that is another pathetic mistake; if Corman tried to make more convincing the characterization of the German pilots why didn't he use German actors or have those parts dubbed? On the other hand is good example of the appalling Hollywood-style of film-making with their ""villains"" so clearly identifiable, not only by their cruel actions but also by their grotesque accents.<br /><br />Talking about ""cruel actions"" the ridiculous scene were Lieutenant Hermann Goering murders English nurses during an attack on an airbase is an absolutely disgusting piece of propaganda done with ""historical hindsight"". If you want to a see a factual, moving, very well acted and directed film about the air war during WWI watch ""ACES HIGH"" (1976) or that wonderful classic ""THE DAWN PATROL"" (1938) you shall not be disappointed.",negative
"So.. what can I tell you about this movie. If you cheated a lot in high school, you do recognize some cheattips...<br /><br />This is the best thing i can tell you about this film!<br /><br />If you like American-teen movies, maybe you also like it!<br /><br />But i don't see this kind of movies as something funny.. sorry to say but if you are older then 10 years, i shouldn't advise you to watch this.<br /><br />Because there is one shot with a couple of beautiful women (girls.. in this movie) i'll give it a rate of: 2!<br /><br />so.. deal for yourself! good luck",negative
"I have seen previous movies from Cédric Klapisch, and therefore expected a quality movie with psychological depth. Having been an Erasmus student myself and having visited several friends studying abroad, I know very well what it means to spend some time abroad and mix with different cultures at the same time. Yes, it is great fun! Because of that I thought I should not miss this movie. Unfortunately I was disappointed to find that L'Auberge Espagnol fails to satisfy in many ways: the characters are stereotyped, the events are trite and the story is shallow. Although there are quite a few familiar situations, they are irritatingly cliché and do not go beyond the trivial events. This made the movie uninteresting to watch, and gave me a strong ""been-there-done-that-don't-you-have-anything-to-add?"" feeling. Apart from that, the movie lacks a firm story. It sometimes looks more like a documentary or 'real-life' show than a seriously made movie.<br /><br />However, I can imagine that if you haven't studied or travelled abroad, this might be fun to watch.",negative
"This episode was boring and was not even in the realm of horror, so far this season Masters of Horror has produced one really good episode...The Damned Thing...it is still early, I have faith that the episodes will get better. I admit that the vampire episode was okay but lacked a solid storyline. The episode about the couple catching the serial killer started out boring, but the last fifteen minutes was really good. Though, I am just plain out disappointed with the lack of originality and horror that the first season's episodes possessed. Please, save this season John Carpenter! I have faith that Pro-Life will redeem the entire lackluster season so far.<br /><br />""You're an angry little elf!""",negative
"For Urban Cowboy John Travolta plays one of the stronger alpha males ever portrayed on the big screen. He's a decent enough young kid who leaves his parent's homestead and strikes out for the big city of Dallas where his uncle Barry Corbin has promised to find him work in the petrochemical industry. In 1980 that was beginning to boom and Texas was definitely a growing place in the USA.<br /><br />Travolta does a good job in making we the audience care about his character who when you come right down to it is a sexist pig. He meets and marries Debra Winger who's from the same background, but she's got some ideas that women should not be shadows of their men. And when she beats him at Gilley's mechanical bull, a man's game, that's it for him.<br /><br />Scott Glenn who's an ex-convict is working at Gilley's and this film was his breakout role. He's a real snake in Urban Cowboy, he gets Travolta's goat with a mere look and he moves in on Winger. Travolta in turn takes up with rich girl, Madolyn Smith Osborne who's slumming at Gilley's. <br /><br />Despite the characters, Urban Cowboy was really one gigantic commercial for the self-styled biggest honky tonk in the world. Gilley's is no longer there in the suburban Texas community of Pasadena, but the memories do live on. And the best thing about Urban Cowboy is the wonderful score of country/western songs that were featured in the film. I'm not sure if some of the songs were not written specifically for Urban Cowboy, but it's the only reason I can think of why the Motion Picture Academy ignored the musical aspects of this film. I especially liked Johnny Lee's Looking For Love, if it was specifically written for this film, it's a disgrace that it wasn't nominated for Best Song.<br /><br />I liked Debra Winger's character best in this film. She doesn't lose a trace of femininity, but she stands up to Travolta and does it in style. And this review is dedicated to that yet as unknown woman who will one day be the first woman bull-rider in the Professional Bull Riders.",positive
"I'm not tired to say this is one of the best political thrillers ever made. The story takes place in a fictional state, but obviously it deals with the murder of Kennedy. A truthful and honest district attorney (played by Yves Montand) does not believe that the murder was planned and executed by the single man Daslow (=Oswald) and though all other officials want to close the case he continuous to investigate with his team.<br /><br />The screenplay is written tight and fast and holds the tension till the end. Just the part dealing with the Milgram experiment about authorities is (though not uninteresting) a bit out of place. The ending sequence - explaining who Icarus really is - partly shot in slow motion and intensified by a Morricone soundtrack is the most powerful sequence I have ever seen in a movie.",positive
"I got to see the movie "" On Thin Ice"" on the television in India.. I must say the movie was really well done, and really sent a chill down my spine.. the basic story makes me ponder what makes certain addicts decide to move on where as others still remain addicted...<br /><br />however, I felt that Diane Keaton was at her best... the scene where she has cravings, and begins rummaging her home for cocaine... was the best... the two boys are good, and Lynda Boyd also showed what a good actress she is....The script is well done as is the cinematography and direction.. and casting<br /><br />A must must watch movie..... for everyone",positive
"Enormous suspension of disbelief is required where Will's ""genius"" is concerned. Not just in math--he is also very well read in economic history, able to out-shrink several shrinks, etc etc. No, no, no. I don't buy it. While they're at it, they might as well have him wearing a big ""S"" on his chest, flying faster than a jet plane and stopping bullets.<br /><br />Among other problems...real genius (shelving for the moment the problem of what it really is, and whether it deserves such mindless homage) doesn't simply appear /ex nihilo/. It isn't ever so multi-faceted. And it is very rarely appreciated by contemporaries.<br /><br />Better to have made Will a basketball prodigy. Except that Damon's too short.",negative
i love this show. i hate when it goes to season finale because it feels like forever until the season starts again!! i have followed this show since its pilot then all the way threw from where rusty starts college and see's Casey his sister to now where he's dating Dana.. love this show cant wait until Monday night!! Also i am so glad that cappie and Casey finally got back together that was driving me crazy!!! As for Evan and rebecca i hope they get back together which it just feels like they will by the finale. i just looked it up about the main part of the cast and i am so SHOCKED that Casey Cartwright(Spencer Grammar)is Kelsey Grammar's daughter!!! that just surprises me so much and the other thing that's a huge SHOCKER is that she was born the same year as me and that she was born on my baby brother birth date with my year and i had been watching her the whole entire time and had no clue!!,positive
"Not only does the film's author, Steven Greenstreet, obviously idolize Michael Moore, but he also follows in his footsteps by using several of Moore's Propaganda film-making tactics. Moore has expertise in distracting the viewer from this focus though, while Greenstreet is obviously less skilled here.<br /><br />Having been privy to all of the issues surrounding Moore's speech at UVSC, I was disappointed to see that the major complaints of the community -- that Moore was being paid $40,000 of the State of Utah 's educational funds to basically promote John Kerry's campaign and to advertise his own liberal movie -- were pushed to the background by Greenstreet while lesser issues were sensationalized.<br /><br />The marketing methods for this video have been equally biased and objectionable... promoting the film by claiming that ""Mormon's tried to kill Moore"". Not only is this preposterous, but it defames a major religion that Greenstreet obviously has some personal issues with. I followed Moore's visit very closely, and all of the major news agencies noted that Moore's visit came and went without any credible security problems or incidents in Utah.<br /><br />Greenstreet has banked on this film to jump-start his film-making career to the point that he has even dropped out of film school to help accelerate this. This seems to have been a severe miscalculation though, since Moore's visits to roughly 60 other colleges and Universities across the country in 2004 diluted interest for this rather common event. Greenstreet's assumption that American audiences would be interested in this film due to the promoted religious and conservative angles doesn't seem to be well founded.<br /><br />Even the name of the film, This Divided State, is somewhat of a misnomer since Utah voted overwhelmingly for Bush's re-election and thus appears to be more politically unified than any other State. The division in the movie title seems more indicative of the gulf that exists in Greenstreet's ideological differences with his religion and State. If anything, I find a humorous correlation between the religious angle of this supposed documentary and Woody Allen's hilarious contention in Sleeper (1973) that, ""I was beaten up by Quakers"".",negative
"I love Brian Yuzna's other work, even cruder stuff like 'Necronomicon', but 'Progeny' was too much even for me. My chief complaint is that it's needlessly exploitative of Jillian McWhirter's nudity, I'm no prude but these nude scenes just drag on and on and on... only to culminate (virtually every time) in a tawdry *wink, nudge* insinuation of sexual violence. The scene where she attempts a coat hanger abortion after several minutes of naked screaming is a prime example. Arnold Vosloo's 'performance' is utterly turgid, but even Jeffrey Coombs couldn't save this festering heap of a film. The aliens are boring, the uniformly dull lighting saps your interest, and the plot is absolutely predictable. The only highlights for me were an all-too-brief glimpse of the aliens' true form (very nice model) and the scene where Vosloo finds his wife in the closet was OK too. But you've been warned.",negative
"I first saw this movie at a premiere-party in Mr. Zwarts hometown Fredrikstad. There, between directors, musicians and other Norwegian celebrities I laughed and laughed... I just couldn't stop. If you like a comedy with black humor, sharp lines and excellent acting - this is one flick you HAVE to see! It's like mixing ""True Romance"" with ""The Wedding Singer"" and add a dash of ""Mad about you"" Hilarios!<br /><br />10 Points!",positive
"I just saw this film last night, and I have to say that I loved every minute. If taken in the spirit of a parody of Bond-esquire films, it's truly superior. The true comedy of the film is in its blatant disregard for political correctness. The misogyny, cultural insensitivity, and almost laughable macho-ism of the films of this genre are used for major comic effect. It also calls the illogic and formulaic elements to task, with Agent OSS 117 constantly learning difficult things insanely quick (such as Arabic and how to play a traditional instrument) while missing some pathetically obvious clues. Some of the lines from the film left me laughing for hours after the movie was finished...and I have to say I have learned some...interesting...French vocabulary that would probably have my Professors quite exasperated with me were I to use. All in all, I thought this film excellent. Intensely funny and the first film I've ever seen that truly parodies all aspects of the spy film.",positive
"I have seen this movie more than 50 times in my life, and each time I watch it the movie is just as entertaining as it was the first time! George Berger (played by Treat Williams) leads a small group of 1960's-1970's era anti-war ""hippies"" living at large in New York City. This small group happens upon a young man, Claude Bukowski (played by John Savage) who has been drafted into the US Army for service in Vietnam. Despite their best efforts to dissuade him, Claude does eventually report for basic training in the Army. Still distressed over his having left them, the hippie group steal a car and travel across the USA to visit Claude ""...for a couple of hours,"" in the words of George Berger (to an M.P. stationed at the entry gate of the Army base Claude is temporarily stationed at in Nevada). The outcome is truly touching, so I won't spoil it for those who have not yet seen this fantastic movie. The musical score is equally fantastic! Don Dacus (of the rock group Chicago), who plays the part of ""Woof"" - one of the hippies, is a not a key character, but the movie wouldn't have been the same without him. Beverly D'Angelo (who plays Sheila Franklin, an uptown girl who is befriended by the hippie group) is sensational in her role! A MUST SEE film!!",positive
"One of the finest musicals made, one that is timeless and is worth seeing time and again. Delicious! The acting, especially by Ron Moody as Fagin, is superb. Costumes are exquisite....even the shabby ones.<br /><br />The two young lads who play Oliver and The Artful Dodger are wonderfully talented. Oliver Reed does a great job portraying Bill Sykes to where you can't help but hope he comes to a terrible end....which he does. <br /><br />The dancing is cleverly choreographed and is mesmerizing. Oliver can hold its own with the likes of My Fair Lady, The Sound of Music, Oklahoma, etc. A film for the entire family.",positive
"I did not know for some time in my youth all that could in general be known about this film however the ways of making a film was not what in fact drew my attention, what made this motion picture one the most liked films even to this very day that I have ever seen was of the Heroism,bravery and the Honor to have served in Her Majestys Service.This film is not always what it seems and that is perhaps as it should be,however I cant say enough for the courage exhibited by Sgt.Cutter in defense of The Uniform that he too would of sacrificed his life to save from peril of the sort that they and the troop were threatened with the emergence of this thugee group.<br /><br />To be certain Sgt. Cutter is the kind of individual you might suggest something about and then you watch this unequivocal belief not only in each other but in her Majesty the Queen of England.I think for all of his lust for money and the such that that character was great.A reckless brave courageous soldier who did not know fear.I think Grant was excellent in this role,truly a very capable rendering made compelling by the uniform that he wore.I never felt Ballantine was a shoe-in ,in fact there was so much confidence in there assumptions that you might be well not to look to close because it is still only a picture.What do I mean?This picture is still only a motion picture and like the times in which these events take place as well as when the picture was actually made provide a look at how things were done then and what or why there are so many different opinions as to this motion picture will distract your attention.Both Ballantine and MaChesney are equal in there dedication with both men from time to time providing a unflinching daring as to there jobs as men in the service of Her Majesty.These three seem to bring things off rather well and I believe it is a useful,even enjoyable interlude when Ballantine has a date with destiny or so it would seem only to have fate as you would have it intervene.Is it Believable?I don't know.I think it is very fitting when the company having escaped the clutches of death in Tantrapur and they are dragging there tails as they are approaching the main gates to the Regiments Post when Ballantine allows the other two to know that he is leaving the service,and getting married and going into the tea business.MaChesney says he could sign up for another 9 years.It will make a man out of him.I like that sentiment.<br /><br />I don't think there is any doubt as to just what it means to have brave dependable courageous soldiers representing your very best interests.Where does this end,in fact it may never end.Those interests are so well placed as to what is important in this world that I enjoy this picture today as much as perhaps I enjoyed the picture when I was ten years old.I had never known about the truthfulness of this film up to recently when I went into history and found the information about Kali.There is quite a good deal to learn however once all is said and done about the historical significance of the Goddess of Kali,this motion picture takes on a quality that I refer to as intelligence.This is a very honest attempt to convey a belief in what is being attempted.I think this is an excellent film.George Stevens directed.<br /><br />There is a few items to be aware of I don't think all the information will jive with history however when the Journalist is addressed as Mr.Kipling things can get very emotional because all the rest are characters but this is Rudyard Kipling?George Stevens went over the top to convey a time and a time before when these events actually occurred.The information is honest,compelling and it will not only draw you in but you will need to understand about why we so love Gunga Din.There is in the distance the Black Watch is out in front and they are approaching a most certain peril and possible defeat unless the troop can be warned.Sgt.Cutter is seriously wounded and Ballantine as well as MaChesney are restrained.Din having a deep wound at the base of his back as the result of a bayonet thrust deeply into his body from behind is up to the demand of having to warn the Colonel of impending peril.With a effort worthy of our most sincerest desires in this life time Din slowly climbs and manages to scale the steeple which rests as the top of the tuggee temple.The sound of Gunga Dins horn allows the approaching army to be forewarned.A very large scale battle ensues and the enemy is nullified.It is so Dramatic and tense filled position that as Gunga Din lay Dead on a pile of rocks which his bullet riddled body now shows,Sgt.Cutter says good work soldier.I don't know of any more dramatic moment nor one where we learn what sacrifice means then when the troop is forewarned of the impending peril.<br /><br />The end is far from being anti-climatic,it is the telling of who Gunga Din is and what he means now to the honored men in uniform for whom he willing sacrificed.Ballantine knows his heart and asks the Colonel to take care of his enlistment papers and this makes MaChesney quite pleased with the Colonel being honest places the enlistment papers in his pocket to be dealt with at perhaps at a more appropriate time.The Colonel says at the place where now all are gathered that we have all done enough soldiering for one long day and further comments on how pleased there efforts were in defense.MaChesney says he would rather here that from the colonel than get a bloomin medal.This is a very sober point and then he comes to Din.Now here is a man who has no actually status so I am going to appoint him a corporal and his name shall be written on the rolls of our honored dead.The poem is read as though it was just penned by Kipling himself who stands by the gravesite with the colonel and the rest of the men.Gunga Din Bravo!",positive
"Why did I waste 1.5 hours of my life watching this? Why was this film even made? Why am I even commenting on this film?<br /><br />One reviewer said this film took patience to watch and it was n't for everybody. I cannot figure out who this movie is for. maybe after dropping a hit of acid, SOMEBODY, SOMEWHERE could watch this and make some sense out of it. It is incoherent, it isn't experimental, it's plain and simple garbage. The film follows no plot line whatsoever, just when you think you have something, well.....you don't. <br /><br />I think the ending brought some finality to the film (no pun intended), the viewer gets a glimpse of what might have been going on. I don't think I put a spoiler in here, not that it would matter. This film is another must miss in the world of filmdom.",negative
"Purportedly this is the final film of the Left Behind series which is fundamentalist preacher and novelist Tim LaHaye's idea of what we can expect in our future in the final days of Planet Earth. If this is the case we can expect an activist presidency in every sense of the word if Barack Obama becomes president next year.<br /><br />The Fantastic Four of Revelation are all back with one cast change, Arnold Pinnock who most would know as the guidance counselor in Life With Derek, is now the minister taking the place of Clarence Gilyard. Brad Johnson as the anti-Christ's pilot by day and Christian by night is there as his daughter Janaya Stephens and ace investigative reporter Kirk Cameron. These are the only four people on Earth who have divined the true nature of UN Secretary General Nicolai Karpathy and once again are throwing sand in his machinery.<br /><br />This time they've got as an ally the President of the United States who is played by Louis Gossett, Jr. He's having one hell of a rough time, especially the guerrillas launch on RPG attack on a presidential motorcade killing Vice President Charles Martin Smith. That's right, the Toad is Vice President. Somebody really messed up bad here because everyone including those who would do them harm know a President and Vice President NEVER travel together. <br /><br />It takes all of them the entire film to convince Gossett exactly who Karpathy really is. Once again the best one in the film is Gordon Currie as Karpathy.<br /><br />We may yet see another Left Behind film yet, the door was left open though people assure me that they've run out of source material from Tim LeHaye. I suppose as long as they make money and these players can't get jobs in the mainstream film industry. And there are some unresolved plot issues involving Brad Johnson and Chelsea Noble who is Mrs. Kirk Cameron in real life. <br /><br />One of the Fantastic Four does die in this film, so will it be the Fantastic Three or will they get another fourth. Stay tuned.",negative
This is quite possibly the worst sequel ever made. The script is unfunny and the acting stinks. The exact opposite of the original.,negative
"ok we have a film that some are calling one of the best movies ever..but i'm sitting here thinking hell the f!, the storys sux{ which there is no story], the diolouge is quite plain, artisticly nothing great!, and the acting is nothing real out standing, so if you want to pretend to be arty say you like it, but if you have a real view say you don't like it or if you did explain why!",negative
"Enjoyed this 1936 film with plenty of veteran classic actors and especially, William Powell, (Dr. Lawrence Bradford), ""Mister Roberts"", who played the role as a doctor and detective. Dr. Bradford was once married to Jean Arthur, (Paula Bradford), ""Shane"", and got a divorce and still they managed to live with each other and also fight all the time. Paula wanted her husband to investigate a homicide and did everything she could to convince him it was very important. Jean Arthur plays a rather nutty type and there is plenty of 1936 Comedy and the method of murder is something you will never believe, especially with a jockey on a California Race Track. Robert Armstrong, (Nick Martel) ""King Kong"" gave a great supporting role as a bookie along with James Gleason, a detective who need the help of Dr. Bradford in order to solve this very strange murder mystery. If you see this film, just remember it was produced and directed in 1936 and the people in the audience in those days thought this was great entertainment and it really was in Those DAYS!",positive
"Jamie Foxx absolutely IS Ray Charles. His performance is simply genius. He owns the film, just as Spacek owned ""Coal Miner's Daughter"" and Quaid owned ""Great Balls of Fire."" In fact, it's hard to remember that the part of Ray Charles is being acted, and not played by the man himself. Ray Charles is legendary. He is well-established as a musician and the music is deep, complex, and innovative ~ even more innovative than I realized before watching this movie. The film should make new fans of a young audience who might come into it knowing little about his music. Ray Charles' life provided excellent biographical material for the film, which goes well beyond being just another movie about a musician. I confess that I knew very little about the man's life until I saw this film. I came out of it being impressed with Ray Charles' courage, strength, and innovation as man and musician.",positive
"I purchased this film for $5 in a bargain bin at my local video store for one reason only, Chase Masterson, but I should have crumbled up the five, thrown it in a toilet and flushed. The film is about a bunch of twenty somethings that peaked in high school and reunite on the anniversary of their idiot friends death, who got drunk and wandered into the woods and died. There problem is a reptilian monster is hunting them down one by one. The acting is abysmal, these worthless people were apparently cast offs on shows like 90210 and Dawsons Creek. The directing was on par with a twelve year old and the script was probably done by a thirteen year old. The entire set looks like someone's backyard in Malibu. The people on here that have praised this film are obviously friends of the director and/or actors. Avoid this pile of garbage at ALL costs.",negative
"I won't say this movie was bad, but it wasn't good either. I expected something good but I guess Hum Aapke Hain Kaun was much better than this. This was completely old fashioned. At every stage of this movie, I hoped for some twist and what do I get? The girl gets burned and wins her aunt's love. <br /><br />Despite of being engaged, they have to take permission for every little move they make. They are so darn shy even after so many meetings. I expected the aunt to be much more brutal than that. All she did was crib madly. <br /><br />Hey, we have kids too, but we don't watch them and have tears in our eyes always. This movie is a dream. Happy family, one cruel woman, good in-laws and a man who loves her to death. In HAHK Anupam Kher was the poor bride's father and now it's vice versa. And I somehow knew that Mohnish Behl would be in this movie. Anyway I believe I wasted my time. I give it a 2/10.",negative
"This may well be the worst remake Hollywood has ever produced, and that's saying something. I'll take it further than that and say this movie is so stunningly, deliriously bad that IT MUST BE SEEN. I don't know if I'm even capable of tackling all the things wrong with it--like the fact that the casting director appears to have pulled names out of a hat, or the mind-blower of Richard Gere's character being allowed to walk away scot-free at the end (I'm sure the people saying, ""It's just fiction, who cares"" would have no problem if it was a former Al-Qaeda operative who just wants to return to his home country)--so I'll just devote my review to the utter hilarity, which is mainly the scene where Bruce Willis is testing out his gun. <br /><br />In the original version, you'll recall, the Jackal practices his kill on a pumpkin. The pumpkin explodes on impact, an effect known as ""understatement."" In THIS version, Willis sets up a pumpkin target, but he doesn't use a sniper rifle--he uses a gigantic remote-controlled cannon which costs tens of thousands of dollars and can only be stored in the back of a huge conspicuous minivan (this man likes a challenge). He reveals the cannon by pulling away a tarp, at which point Jack Black, who is there to observe, jumps around and says, ""That ROCKS! This thing ROCKS!"" about 18 times (I guess Willis didn't have to disassemble it first, he just lifted it, tarp and all, out of the back of the van, despite it probably weighing several tons). The scene then turns into an Austin Powers movie as Willis misses the pumpkin and takes out a tree, then has Black run through the mud with his pants falling down, finally blowing off Black's entire arm. The pumpkin falls to the ground, unharmed. <br /><br />If I can recommend this movie for ONE non-ironic reason, it's for the Diane Venora character as a tough Russian major who becomes romantically linked to Gere despite having a facial disfigurement--a bold move for a Hollywood feature. By mid- movie I was really liking this character, so it was a shame when she had to be killed. I would have liked to see a movie about her. Other than that, this pile of crap is only useful as an objective intelligence test. 3/10.",negative
i must say this movie is truly amazing and heartwarming. Reese Witherspoon is so charming and Jason London's not so bad either! it is so sweet watching Dani fall in love and it breaks my heart and yet warms my heart at the same time watching Court fall in love with Maureen. however it is even sweeter watching how much he cares for Dani. I must admit though i did kind of want him to fall for Dani in the end. it is just so cute watching her fall for him i did not want her to get her heart broken so badly. but the biggest tragedy i have ever seen occurred in this movie. watching him die made me cry for a whole day. i just could not believe it. however never a more loving relationship has been shown in a movie then Maureen and Dani. they really can make it through anything. i am giving this movie a 9 because i didn't want Court to die but it was still one of the most amazing movies i have ever seen.,positive
"When I heard the film was to be released and the theme of what it was about, I felt very curious. But when I saw it was the biggest deception of my life. Technically speaking, the sound is poor, you can tell about man dialogs that were remade on studio that are poorly achieved in the final mix. Secondo of all, the photography is mediocre, some part of the films show some soldiers with night vision goggles, and the way the cinematographer achieves that ""dark night"" is by illuminated everything like if they were in an actual military base with lights, there's no reference used of the moonlight, my god! Thir but not least, most of the ac tings are really poor, it's totally not believable the roll of the wife of one of the soldier, her performance it's pretty poor.<br /><br />Great disappointing, shame of the jury who chose to send this movie to represent Colombia on the Oscars.",negative
"I was probably one of the few Australians not watching the tennis when this series aired. I have to say when William McInnes first appeared I though, that is one crappy actor! But as the series continued he toned down his performance and I totally loved him. He was such a rotten guy but he did make me laugh. I watched the show to see Hugo Speers (Heart and Bones, The Full Monty) and Tom Long (SeaChange, Two Hands). It was interesting to see Speers play a nice, quiet man and even more interesting to watch Tom Longs' rippling muscles! Sigh... Seriously, Long's performance was a total shock and really brilliant. He stole the show. Martin Sacks was good also in a small role, and the leading actress put in an entertaining performance. I'd recommend this programme if you enjoy stories with a twist and watching Tom Long walk around with no shirt on...",positive
"This movie down-shifts from 4th into 1st without bothering with 3rd or 2nd, grinding gears all the way to the sappy, b-movie finish-line. The con at the beginning is easily the best and cleverest part of the movie. That is worth seeing. The scene with Harlow in the bathtub occurs so fast, you may miss it. Definitely not worth all the ballyhoo provided by Robert Osborne in his TCM intro to this bad-to-mediocre confusion. There is no real conflict, and all of the characters in this supposed fringe society turn out to be saints - especially the unbelievable character, Al. I wonder if he's got a job for me in Cincinnati?",negative
"I just finished reading Forsyth's novel 'Icon'. I thought it was one of the most in depth, detailed, and page-turning books I ever read, definitely in my top 10. I acquired a DVD version of the book starring Mr. Swayze. OK, let me first point out that to fit a decent adaptation of the novel into 2.5 hours film time would of been impossible, so I understand the teams reason to sway from the book version and differ. However, when I say ""differ"" what I really should say is ""take the characters from the book, add a few, leave a few out, take away the book's plot, add a modern new plot, add Frederick Forsyth's name in there somewhere"". Im not saying this was a bad picture, far from it, some of the effects were top notch and the acting wasn't half bad. The story sucked and didn't rely on logic or reality. Forsyth's novel was so good and real and altered the facts of reality instead of exaggerating them.. This could of been so much more if it had taken its time and been made into say a 10 part series. If you haven't read the book then expect a decent TV movie with a good acting cast, if you have read the book then try and forget it when watching this.",negative
"Perhaps if only to laugh at the way my favorite of Jane Austen's works has been portrayed. Perhaps I am too severe on this adaptation, but I'm afraid I am biased to the A&E version. I have a hard time imagining Mr. Darcy portrayed by anyone other than Colin Firth.<br /><br />The characters seemed shallow, and often dialogue forced. Lizzy seemed to lack the real feeling that is so evident in the book. Her fancy for Wickham was overplayed, and then her sudden like for Darcy was not believable.<br /><br />Darcy was portrayed tolerably well, I will grant him. He managed to maintain the aloofness that is required, but I felt he did not project the feeling and inner struggle that makes his character so delightful, especially in the proposal scene.<br /><br />Mr. and Mrs. Bennet were also played well, but seemed lacking in many ways. The mean temper of Mrs. Bennet was not completely captured in her performance.<br /><br />Mr. Collins' was a good portrayal. Very much in line with the book.<br /><br />I will refrain from commenting on Lady Catherine except to say that she is possibly the worst portrayal in the entire film.<br /><br />Other problems I saw were the few liberties they took with the order of events such as Darcy being present at the first meeting with Lady C., and also that Miss Lucas and Sir William did not join Lizzy on her visit to the Collins'.<br /><br />The choreography was dreadful during the dancing scenes. The scene where Lizzy and Darcy dance loses much of its intensity because one cannot get past the feeling that they look akward on the ballroom floor. At least this BBC version left out the dialogue between Lizzy, Darcy and Sir William when he commends the two on their dancing, as they performed very ill indeed.<br /><br />There were occasional moments that it kept me interested, but overall I find this version to be a disappointment. I would not advise this film unless you're like me, and you are excessively diverted by such follies.<br /><br />",negative
"Revolution is a terrible movie, I don't care if you're a history teacher, news writer, Al Pacino fan, there's no way this movie can possibly earn a legitimate '10'.<br /><br />The key point to the plot is Tom Dobb (Al) trying to get money from a note he got for radical patriots taking his boat. Everything revolves around that note. Tom's son joins the army to make up for the note, making Tom join the army as well, they go on an adventure trying to get out of the army, years later the war is over and they can finally turn in the note for their boat. The End.<br /><br />It had a few battle scenes, and they were pretty mediocre at best. Transistions between scenes used ""five months later"" and magically put the characters in some famous historical battle. The love story is a joke, and the movie as a whole is just hard to follow. So save your ""Notes"" and watch the Patriot instead.",negative
"Really, I think this movie is more an example of an easy target than a truly bad film. In fact, the movie is done very well in many respects and is very entertaining.<br /><br />Yes, the script is a little convoluted, but that's the genre. The film has a noirish atmosphere centered around a femme fatale. Just like all the old noir classics, this, too, has a screenplay that twists you around so that you don't always know how to make sense of it at first, and it can be a stretch if you think too deeply and try to put all of the pieces together. That's the genre. In general, the script has enough surprises and turns to keep the viewer guessing and, in turn, surprised, without abandoning the viewer.<br /><br />Sharon Stone is also an easy target. The truth is she looks great and she speaks her double-entendre laden dialog in such a way as to zhuzh it up into something mysterious, sexy and fun.<br /><br />The direction is more than passable, because let's face it--you have to keep an audience interested in the ""did she or didn't she?"" question for two hours. In addition to a twisty script and a fun performance by Stone, this is done effectively through the direction by the creation of a noirish atmosphere that is both dark and very stark and modern at the same time, with straight industrial lines to go along with Stone's sexy curves. The frame is always beautiful--press pause anywhere and there is something interesting to the eye.<br /><br />The film also effectively builds on things that were gimmicks in the first film and turns them into something a little more real, particularly the sex. ""Katherine Tramell is bisexual...how shocking!"" becomes treated more matter-of-factly here, and typically, the sexuality of the film is used to better effect. It is still titillating, but not done so readily for shock value and buzz as done in the first. I won't say that it isn't still somewhat of a gimmick because, let's face it, this film is supposed to be fun.<br /><br />And a fun film it is. It may be an easy target, but if you watch it for what it is: a noirish, femme-fatale driven, twisty, sexy, did-she-or-didn't-she who-dunnit, you're bound to enjoy it (no pun intended).",positive
"When I first watched this film, I thought that it would be rally good, because it featured my favourite actor of all time. He gives a sterling performance, though it is fairly obvious he didn't have to life more than half a finger to make the róle work. He is the only good thing in it, unlesss you're into explosions and American dream-working class hero trash (which I'm not). <br /><br />I don't get it. How can this film get away with being so naf. That bit with the little boy being rescued, I mean, come on! You can't tell me that he would have been rescued without the fire-guy wearing any goggles (I know for a fact that it would have been pitch black in there and you can't see for more than a couple of feet infront of you) and no breathing equipment (he'd have choked after 2 minutes!). This film was just bad, OK?<br /><br />Why Robert? WHYYYYYYYYYYYYYYYY????!!!!<br /><br />Sorry if this is your favourite film.",negative
"A criminally short lived show that went on to spawn three movie spin-offs (Naked Gun 1, 2 & 3), this is fast-paced, in your face, rapid fire comedy that has more hits than misses. <br /><br />Leslie Nielsen plays Detective Lieutenant Sergeant Frank Drebin, an incompetent Detective who bumbles and fumbles his way through cases, with the capable assistant of his boss, Capt. Ed Hocken.<br /><br />The story lines are spurious, at best, but it's deliberate, as the goodness here lies not in the storytelling, but in the weaving of a constant flurry of jokes along with some genuinely weird and wonderful characters. <br /><br />The jokes themselves come in many forms, be it wordplay, slapstick, puns or background gags, most of them hitting the spot, though some fall a little flat. It's inevitable with this 'gag every few seconds' approach that some will fail, but the ratio is good. <br /><br />The characters are a delight. From the guest star of the week dying in the opening seconds of every episode, the laboratory scientist who appears to be conducting cruel and unusual experiments on children to the shoe-shine who is some form of oracle, the writing is witty and sharp as a cutlass. <br /><br />Though not especially successful at the time, it rapidly developed a cult following, many blaming the shows' relative lack of success on being way ahead of its time and too sophisticated for the target audience, chief amongst them none other than Matt 'The Simpsons' Groening: and he should know. <br /><br />Dated by todays standards, if you can see through that aspect, you're in for a treat.",positive
"I think I've seen all of the Grisham movies now and generally they're all very poor, except for The Rainmaker, but this one is so bad it's unbelievable<br /><br />WARNING SPOILERISH<br /><br />It's one of those movies where the character does the stupid irrational things that no one would ever do. He's a lawyer for Christ's sake. Why when his children go missing does he not call the Police. Oh yes it's because all the Police hate lawyers so they're just ignore him and let him be attacked.<br /><br />When he's arrested for murder they just let him go free, he would be locked up in a cell pending a bail hearing. <br /><br />Why would you drag your kids halfway across the country when you could easily protect them at home.<br /><br />The Police don't bother to try and find an escaped mental patient, they don't bother to interview his daughter.<br /><br />As for the ridiculous ending.<br /><br />In summary, silly, very unrealistic and a complete waste of time.<br /><br />0/10  One of the worst films ever made.",negative
"What a crappy movie! The main character in this movie was supposed to be born and brought up in Canada, yet he had a thicker Indian accent than his parents! Is it just me or does Uday look gay in this movie? Also, do all the chicks in Canada dress like sluts? At least that's how it is in this movie. All the females are dressed like strippers. Don't waste your time with this one! The only good thing about this movie is the setting in beautiful Vancouver. Wonder why Bollywood is going through a slump? It's because of movies like this. I miss the good old' days when Hindi movies were actually entertaining!I couldn't even finish this movie because it was so bad. I think Bollywood needs to stop trying to replicate the style of Hollywood because it's just not working out. They need to stick to their roots because that's what makes Indian movies entertaining.",negative
"Director Paul Verhoeven's American vehicles are of varied quality, but most of the films he made in his native country are indisputable masterworks. This is the story of alcoholic (and bi-sexual) writer who moves in with a beautiful rich and very strange woman. But the lady does not know that he is only interested in meeting the woman's handsome male lover. In the meantime, the writer is plagued with strange visions - at first they look like hallucinations triggered by alcohol abuse, but he soon begins to realize that he is actually experiencing some kind of premonitions. Fascinating Hitchcockian thriller, very original and provocative. I love films that make you think they are about something, but then you realize they are about something completely different. This is one of those movies; a thriller during the first half, and a quasi-religious surrealist saga during the second half. Very erotic, original and blasphemous, not for kids or people that go to church every Sunday. Great cinematography by future director Jan de Bont. Highly Reommended!",positive
"I liked SOLINO very much. It is a very heart-rending story of an italian family moving to Germany. And it's an story about brotherly love, hope and disappointment. And the film is never boring. Go and see SOLINO!",positive
"Yet another version of mother of all gangster flicks-the Classic ""Godfather"" and yet another case of over-hype due to media circus. Sarkar, the 13th Hindi film of Ram Gopal Varma as director is also the weakest in his Underworld trilogy including the other two being the excellent-Satya and Company. The Charisma, the magnetic persona of the two Bachchans playing father-son duo on screen for the first time is definitely a treat to watch out for. Not just strong performances but their perfect chemistry is the biggest scoring point here for which Varma should be applauded. However, the same equation of the duo is missing with the other characters in the film. Reason-the other characters look more like cardboard caricatures esp. the villains represent the typical Bollywood baddies. A character who attracts attention is elder son played by Kaykay but again not able to hold due to half-baked characterization. . The Drama and conflict is brought alive by the excessive use of Close-shots, which brought a claustrophobic effect rightly needed to construct an ambiance. The haunting Score (Amar Mohile) and the sound design (Kunal Mehta, Parikshit Lalwani & Anup Dev), together with dark, murky background overlapped by shinning powerful images (camerawork by Amit Roy) contributes to Visuals so typical of Ramu's style. But there is an overuse of Music though fortunately no songs are there in the film. But can interest of today's ""intelligently growing"" audience be sustained just on shoulders of two performers and strong Visuals ? I don't think so. Surely, audience ""maangey more"" and here film fails to deliver. In any adaptation, in order to add a new dimension, the biggest pre-requisite is the Screenplay, which is sluggish here not being crisp at places, and therefore the pace slackens quite often. What finally audience is subjected to is a highly predictable, very commonplace drama with very little surprise elements. Top Stunt director Allan Amin Ghani is also not in his best form. Some scenes which require a different treatment includes- a Minister is talking foul about Sarkar and the son is overhearing; a very amateurish shoot out in the jail on Sarkar, Sarkar Jr. escapes from the clutches of his enemies, a Son easily motivated to kill his own father, a son is secretly entering his father's room to kill him, a police commissioner slapping Sarkar Jr-all this requires a more realistic, hard-hitting approach which is the back-bone to create the required conflict. The dialogues are weak for eg. look at an amateurish line where a CM says to Sarkar Jr. ""Wo jo Police Commissioner tha na usay maine hata diya"".. The women folk take on Sarkar's working is completely ignored. The uninterrupted negotiations about criminal activities while Sarkar is with his family also look slightly out of place In fact, the film follows a graph quite similar to Ramu's own production-Ab Tak Chhappan. In depicting the battle between good and evil, the other side of life-the law, police, administration, politics is completely ignored. Certainly, more is expected in content. Here the film definitely falls short and could not rise above an average fare. Dear Ramu, agreed that now you are laughing your way to the bank, you definitely need to take some drastic overhauling measures in your film production factory, before it is too late.",negative
"On the eighth day God created Georges. But the same as an eighth day doesn't fit into the week, Georges doesn't fit into the modern world: He has Down syndrome and is therefore marginalized by society, shunted off to an asylum after his mother's death four years ago. She was the only one who loved him.<br /><br />Harry is another man that isn't loved anymore. His wife has left him, for reasons that she is unable to explain. He loses the love of his daughters, too, when he arrives too late at the railway station to collect the two kids, who wanted to spend the weekend with their father.<br /><br />Harry is a highly ranked businessman. He knows all the rules that enable us to succeed in our modern meritocracy. But he has entered a state of crisis, which reaches a climax after the loss of the love of his daughters. He questions the sense of his life, without obtaining any definite results.<br /><br />Harry and Georges meet. At first Harry tries to get rid of Georges, the same as all the others do. But Georges can't be shaken off. And it gradually dawns on Harry, how much he needs Georges, if he wants to get over his identity crisis. It is Georges who opens a new access to the world for him and who makes him view his life with different eyes. Friendship and human warmth take the place of calculating striving for success. It is no surprise that Harry now cannot avoid failing in his job.<br /><br />Georges helps Harry to regain the recognition of the daughters. Even his wife has to admit that the fireworks which he organized were worth seeing. Nonetheless a reintegration into the old life is no longer possible. And the new one turns out to be nothing more than a dream with a time limit, which unstoppably will reach its end. The camera watches Harry and Georges from above, for one long minute, as they are both lying down in the grass, just savoring the moment. But the same as this minute will unavoidably go by, the friendship of the two men, which came into being in such a wondrous fashion, will not be long-lasting. Georges is destroyed by the impossibility of love to the opposite sex and can see no other way out but to commit suicide. Harry turns into a city tramp, who asks the car drivers that are waiting in front of the traffic lights for charity.<br /><br />The movie describes modern meritocracy as a disastrous mechanism which devours positive values such as human warmheartedness or friendship. It is Georges, the mongol, who seems to be capable of showing the way out of the dilemma, but unfortunately his plea comes to a bad end. However, his failure does not necessarily have to mean that it is impossible or not desirable to reach the aspired goal. The way he shows us is surely passable, although it requires a huge amount of willpower and, above all, the courage to apply a radical nonconformism.",positive
"This was directed by Ruggero Deodato, a true icon to many horror film fans after he directed the seminal and notorious Cannibal Holocaust. However, don't expect to find any such notoriety in the film reviewed here as it proves to be incredibly tame in comparison and plays more like a Conan inspired outing for a young audience.<br /><br />Such a description may instantly put off most fans of the whole Conan inspired Sword & Sorcery genre but before you turn your nose up at this, it has to be said, this movie is just so much fun!<br /><br />It's mostly played for laughs and features two HUGE and highly likable heroes in the form of David and Peter Paul aka. the Barbarian Brothers who both seem to be having a ball with their characters.<br /><br />B-Movie favourite Richard Lynch turns up as the main villain in the piece and it's also great to see roles for Big George Eastman and Michael Berryman.<br /><br />Added to this, the ladies are stunning to behold and suitably scantily attired throughout the films duration (a staple and much welcomed ingredient in the genre!)<br /><br />What can I say, - this simply is a really fun and lighthearted take on the genre and I recommend it wholeheartedly!",positive
"Shirley MacLaine in another tailor-made role. As the aunt to a single mom in a 1962 working-class Chicago neighborhood, the veteran character actress gets another work-out as a gutsy woman who won't let any set-backs defeat her spirit of success. The children, a pre-teen boy and girl, are drawn to their spirited Aunt Zoe, although the many magic tricks and practical jokes learned from her, and applied at all the wrong opportunities eventually get them expelled from school.<br /><br />The plot is cleverly enveloped in the Cuban Missile Crisis, with all of the social implications. Men building bomb shelters, people watching news programs on what seemed to be the only TV set, at a diner, and a general mist of uneasiness and fear in the air. When a ""harmless"" miracle is blown out of proportions, the climactic conclusion nonetheless makes the viewer feel good. Yes, Virginia, the sun will come up tomorrow! Clearly a small-budget production, this is still a sweet little film, filled with the magic that Sunday Matinees were made of. With a few choice ""Oldies"" thrown into an effective Sound Track, the whole family is sure to enjoy this one.****",positive
"Mirror. Mirror (1990) is a flat out lame movie. Why did I watch movies like this when I was younger? Who knows? Maybe I was one for punishing myself by watching one terrible movie after another. I don't know, I guess I needed a hobby during my teen years. A teenage outcast (Rainbow Harvest) seeks solace in an old mirror. Soon she learns about the horrific power this antique mirror has and uses it to strike out against those who have wronged her. Movies like these, the power giver has a nasty side effect. This one changes her inside and out if she likes it or not.<br /><br />A mess of a movie that for some reason was restored on d.v.d. a few years back. I don't know why. They should have left it on the shelf and collect dust. People love this movie foe some reason. If you do I would like to know why. Until then I dislike this movie and I have no reason to ever watch it again.<br /><br />Not recommended at all.",negative
"Rich vs. poor. Big city vs. small town. White collar vs. blue collar. These things are not original themes in movies. So when one chooses to involve these themes, the situational story-line had better be very original, or very good. This one was neither. I never believed in the romance of the two young lovers in this movie. Neither convincing nor compelling, it just fell flat. Don't bother, even with a video rental.",negative
"This movie pleasantly surprised me. It has a touching, slightly off-center approach that never loses your attention. This is a movie I never heard about, but if you want a ""sleeper"", this is it. Great writing, production, and acting. I highly recommend it for audiences who want something thoughtful. Nick Nolte, Sheryl Lee and Alan Arkin are marvelous. Why wasn't more made of this movie?",positive
"Vicente Aranda has made a terrible historical movie. It shows the poor resources of the spanish cinema. In the movie, an irreal script shows Juana just as a ninphomaniac, faced to Felipe, worried only for sex...but sex with others not with her. The technical mistakes begin with the wedding ring that shows Isabel of Castilla -Nobody noticed that?-. Then, the voice in off seems as a documentary, actors and actress in the movie sometimes laughs -take a look to the sequence when Juana arrives to the council which want to keep her isolated-; the castles are almost broken when in the age of the movie they have been recently built, crowds are just ""four"" people, lights are bad placed...Compared with Amelie Poulain, the french movie for the oscars...it has no sense to speak about a bad movie like Juana la loca.",negative
"I've seen 'NSNA' just after I've seen all Roger Moore-films and I must say that it felt so good to see Connery again. He proves for all times that he is the one and only Bond.<br /><br />The film itself isn't really a masterpiece but it is really worth watching. The jokes sit much better here, the effects are funny and interesting, Connery is Connery and Brandauer is really a good villain. But von Sydow is just wasted and the score is not often good and there are a few scenes that seem pretty unnecessary.<br /><br />7/10 \ 2.5/4 \ 3+ (1+ - 6-)",positive
"Watching this movie is like eating a banquet of nothing but meringue. It initially looks great but ultimately provides NO satisfaction--none.<br /><br />The plot is a muddled mess about a toy factory and the forces of evil. So, how is it possible that with this basic plot AND Robin Williams that the movie still turns out so badly?! It's because the picture is all appearance with no substance whatsoever--much like the terrible Popeye picture Williams did at the beginning of his film career. The film must have cost a fortune but perhaps there wasn't enough money left over to hire writers who had graduated grade school.<br /><br />The film is one unfunny joke that goes on and on and on and on. I really am unsure why it was made in the first place--it certainly wasn't made to provide any sort of entertainment.",negative
"""Dressed to Kill"" is surely one of the best horror/thriller movies ever made.It's taut,stylish and extremely suspenseful mixture of sex and violence.The acting is pretty good,the orchestral score by Pino Donaggio is unforgettable and there's plenty of surprises to keep thriller fans intrigued.""Dressed to Kill"" is a murder mystery that involves a sexually frustrated housewife(Angie Dickinson),her teenage son(Keith Gordon),her psychoanalyst(Michael Caine),and a high price call girl(Nancy Allen).The murderer in the film is a transsexual named Bobbi who is also one of Caine's patients.The film is full of breathtaking moments:the infamous elevator murder scene is extremely stylish and pretty gory as well.Highly recommended.",positive
"This is a very rare example of a movie about transvestitism (of heterosexuals). The film treats the taboo theme so that even a general audience not knowing of transvestitism at all will strongly sympathize with its main character. Adrian Pasdar is very believable as Gerald/Geraldine and shall not be forgot for this brillant acting. The directing of Christopher Monger is very sensitively, treating such a difficult issue quite excellently, packed into a good story. Not a big movie, neither an ""art"" film, but a little, lovely motion picture!",positive
"I'm not the type of person to watch T.V. shows because the acting normally sucks or it's unrealistic or TOO dramatic! But this show is perfect. Everyone can act, and you can relate to the characters and their situations. Everyone has their own personality and Lorelai Gilmore is the best for her sarcastic comments that can make any bad situation seem a little funny. Rory Gilmore is a good role model for all girls. She takes pride in wanting to attend Harvard and boys/boyfriends always come second in her book. She's a loyal friend and always the peace maker. There's subtle romance which is what I like, personally. Not the mushy gushy romance that not many people get to have in their lives, but a realistic type of romance. Every character eventually gets it, and they don't find their prince charming at first glance and they don't just ""fall in love"" with every guy that comes their way. It's a realistic show but when you watch it, you better brush up on your movies, pop culture, and random facts because Lorelai Gilmore is always making references. I fell in love with this show and if you give it a chance, so will you.",positive
"Who would've imagined -- Hal Hartley creates a filmic corollary to Syriana while retaining his signature idiosyncratic style. The fusion is highly entertaining.<br /><br />Having not seen a Hal Hartley film for about a decade, I approached this one with some caution. His brilliant productions of the nineties had impressed critics and audiences with their unique style and dialog. The director's earlier films featured colorful characters and offered close observations of life -- often in the region of Long Island, New York or in New York City itself -- that were offbeat and insightful.<br /><br />My initial caution stemmed from the description of this movie as a ""spy thriller"". To my pleasant surprise, Hartley manages to mesh his well established style and focus to produce a highly original drama of international intrigue. It works in more ways than one might imagine. Hartley's film retains the dialog and character focus that are his trademarks, along with a singular cinematographic style.<br /><br />Moreover it is highly appropriate given the current situation in the world and the state of war that has been fostered by dark elements on all sides. Hartley has brought all his skills to something new -- a political film worthy of being mentioned in the same breath as Syriana. Truly he is coming into his own. The cast does a fine job of interpreting Hartley's vision and style. Fans of Parker Posey will see her in full bloom here, still with us and more ripe and gorgeous than before.",positive
"I showed this to my 6th grade class about 17 years ago and the students loved it. I loved it, too. The story of the termites and their interaction with their environment is amazing. The cast of creatures is deep and they all play their parts well. The battle between the two cold-blooded titans is truly classic footage.<br /><br />Alan Root has done some incredible camera work and this should have won the Best Documentary Oscar. The copy I have doesn't have Orson Welles narrating it (Derek Jacobi) and it isn't called the ""Mysterious Castles of Clay,"" just ""Castles of Clay."" This makes me think that it must have been done with Welles added for star power and an Oscar push.<br /><br />I was lucky enough to find this VHS just recently and it is now my children's favorite movie. They brought it to the latest family gathering instead of a Disney movie. If you can find this movie you are indeed lucky.",positive
"Hey, it's only TV. Sure, it's STAR TREK, the most beloved bla bla, and this is a great one, but it's all relative. What it boils down to is a guy in elf ears grooving with a swatch of pizza-colored shag rug.<br /><br />There's a kind of THIRD MAN noirishness to the tunnel hunt, and it's creepier than many episodes of what is after all one of the better TV shows. The suspense is actually suspenseful. The peril really feels perilous. As a little kid I think I cried when Spock told me that this hideous creature was as sad, scared and horrified as the people it was eating. This was one of my early lessons in empathy, a lesson reinforced by the EMPATH episode which was, if less thrilling, even more melancholy.<br /><br />What bothered me when I was five was that this thing, which looks like meat and tomato barf, somehow actually consists more or less of rock. Now that kind of choice might seem visionary, a hippie designer's idea of through-the-looking-glass one-universism, but it might also just smack of the drug era.",positive
"Presenting Lily Mars may have provided Judy Garland with one of the easier roles she had while at MGM because Lily Mars is definitely a character she could identify with. A young girl with talent enough for ten, she knows she has what it takes to make it in the theater no matter how much producer Van Heflin from her home town discourages her.<br /><br />I really liked Judy in this one as the girl determined to make it in the theater. Because it is Judy Garland with the talent of Judy Garland you in the audience know she has the right stuff even if it takes Van Heflin nearly the whole movie to be convinced.<br /><br />Both Judy and Heflin hail from the same small town, Heflin's dad was the town doctor who delivered her and Heflin while he may have moved away and become a big producer on Broadway, their respective moms, Fay Bainter and Spring Byington have kept in touch. That's her entrée, but Heflin's constantly barraged with stagestruck kids, but never anyone quite like Lily Mars.<br /><br />No real big song hits came out of Presenting Lily Mars for Garland, though she sings all her numbers. The best in the film is a revival of that gaslight era chestnut, Every Little Movement Has A Meaning All Its Own. Judy sings it with Connie Gilchrist playing the cleaning lady in a Broadway theater where Heflin's show is being produced. Gilchrist was a star back in the days of the FloraDora Girls and she and Judy deliver the song in grand style with Connie. It's the best scene in the film as Gilchrist encourages Judy to keep at it. Composer Karl Hoschna had died a long time ago, but lyricist Otto Harbach was still alive and I'm betting he liked what he heard.<br /><br />European musical star Marta Eggerth is in Presenting Lily Mars as the show's star who's at first bemused, then angry and finally, understanding of Garland and Heflin. She did a couple of films with MGM and then went back to Europe for more work on the continent. I'm betting MGM didn't quite know what to do with her and her thick Hungarian accent, though Louis B. Mayer never met a soprano he didn't like.<br /><br />Van Heflin does well as the patient producer who puts up with a lot from Garland and Eggerth. Heflin was just coming off his Oscar for Johnny Eager the previous year and he and Garland wouldn't appear to be an ideal screen team, but they're not bad together.<br /><br />Presenting Lily Mars is a fine showcase for the talents of Judy Garland. And she didn't have to share the screen in another backstage film with Mickey Rooney.",positive
"I first watched this movie on its release in 1987 and was greatly affected emotionally, through a combination of guilt at what my fellow white human beings could do to innocent people and the reluctance of the outside world to really investigate these atrocities against man.<br /><br />Particularly moving was the Funeral of Steve Biko, made even more vivid and hard-hitting by the South African Anthem played at the time. I have long believed that this movie achieved what nobody else had managed - to open the eyes of the world to what was really happening in South Africa. I consider myself to be a normal right thinking person and I can attest to how this film changed my whole way of thinking about not just South Africa, but how we as white people perceive black people. I have never seen any difference between people of any colour or creed, but after viewing this film I physically changed my life and have spent the last 17 years living in a predominantly black country and helping many people rise above their present standard of living and achieve that which they would not have thought possible. The greatest reward I can honestly say I have received - to be able to say that in my own small way I have contributed and redressed the balance a little. But if more people thought like me and actually DID something to help black people without seeking reward then the entire black population of this planet would be a little better off.<br /><br />I challenge any right thinking person to watch Cry Freedom from beginning to end and not feel that emotion tugging at your heartstrings as you witness the 700 schoolchildren brutally shot dead in Sharpville for refusing to learn Afrikaans, the senseless murder of Steve Biko, such a champion for his own people's rights, and then, ultimately, to understand that all this is not merely a film, albeit a magnificent one, but that it all actually happened and less than 30 years ago.<br /><br />Yes, my friends, watch this movie and then see if you can go out afterwards and party hard. I couldn't. I was too upset at knowing the truth. That is the hallmark of a great film. It was obviously the intention of Sir Richard Attenborough to get this message over about South Africa. Of course he has achieved it. Unless you happen to support apartheid. God help you.",positive
"I must say that I was disapointed with this film. I have never been a huge BNL fans, I find their songs kind of childish and obsessively nostalgic (this is me in grade 9, if i had a million dollars, shoe box of life etc). However, I have seen clips of their live show and I really like the improvisational and goofy nature of the show. I was hoping that this movie would highlight this which is, unfortunately, the most interesting part of the show because their music is well played yet somehow bland and not that compelling (there is a standup bass solo in the middle which was completely pointless and boring, despite how much Jim Creegan was digging himself). The film does not and shows only a few minutes of it (and you know they've had better moments, as in the Afgahnistan concert ""Koffee Anan, he's the man in charge, my name's Steve Paige and I'm really large"") .<br /><br />BNL are kind of like when I went to Europe a few years ago and heard that godawfull ""Blue"" song by Effeil 99 or whatever every 2 minutes, I came back to Canada and then a month later that song was all over the place *again*, I nearly chewed off my own arm. BNL is like that, years ago I remember many a fond memory of sitting around campfires in Canada listening to people play ""If I had a million dollars"". BNL was a cult phenomenon in Canada, and much of their humour has a particular Canadian slant to it (Kraft Dinner is a staple for many students up here, and the name ""Gordon"" is quintessentially Canadian) a few years went by where they slipped into obscurity and I was somewhat gratefull. Then all of a sudden they become huge in States, and everyone down there thinks they are this brand new band (yeah, they're brand new, but they're all in their 30's!) while the rest of Canada is going ""Oh geez, I thought those guys folded years ago, do I have to listen to 'million dollars' again?""<br /><br />The concert footage is not bad, but I would have liked to have seen more of their stage routine, the shooting is not that great, and things like clips from their massive free show in Boston are glazed over much too quickly. The interviews are surprisingly dull for such a funny bunch of guys, I think they're all old and they have families and houses and stuff and have settled down a bit. There are times when they go into Spinal Tap type of material, where they deliver deadpan satire, then they break into laughs and giggles that kind of ruins it. The interviews with Moses Znaimer (a Canadian media mogule) and Terry David Mulligan (Music dude) are extremely pretentious and verge into Tap territory unintentionally.<br /><br />This movie doesn't really document very much either, I mean, it's basically one show and at the start of the film, they are already huge and have a massive touring entourage, it's not like we see them rising from obscurity and ""surprise"" they are popular, it's a methodically planned out event, so in the end it's rather lifeless, kind of half live concert, half documentary, and not much of either.<br /><br />",negative
"This was soul-provoking! I am an Iranian, and living in th 21st century, I didn't know that such big tribes have been living in such conditions at the time of my grandfather!<br /><br />You see that today, or even in 1925, on one side of the world a lady or a baby could have everything served for him or her clean and on-demand, but here 80 years ago, people ventured their life to go to somewhere with more grass. It's really interesting that these Persians bear those difficulties to find pasture for their sheep, but they lose many the sheep on their way.<br /><br />I praise the Americans who accompanied this tribe, they were as tough as Bakhtiari people.",positive
"The story takes place in rural Germany on the eve of the second world war, a unique setting, with a couple of British agents being held by the Germans in a farm house. Since they aren't technically at war yet, it seems as if both sides must have realized what was coming. Both agents (Bruce Lester and Ray Milland) escape into the countryside and split up. Milland happens upon gypsy woman Marlene Dietrich one evening as she's alone at her camp preparing dinner. Their encounter is an amazing and captivating scene, not so much for Milland but for Dietrich, who takes sexy sultriness to a whole new plane. Milland disguises himself as a gypsy in order to hide from the Germans, but he remains committed to his mission, to do with locating the scientist who knows the formula for a new poison gas but who also isn't a committed Nazi. The Hollywood take on gypsy life and customs is predictably portrayed, but the underlying knowledge that they would be one of the targets for extermination by the Nazis adds a certain tension. The film straddles the line between being a serious story about the poison gas and the urgent search to get the formula, and a colorful though not too convincing love story between Milland and Dietrich. However, they're both very good; it's the fault of the film that didn't give them or their relationship enough dramatic realism, relying on and exploiting obvious cultural differences for questionable comedic purposes. Nonetheless, there are some tense and interesting points here and there, the surprise meetings with German soldiers and Gestapo agents, where Dietrich does a great palm reading and Milland nearly as good faking one, and a dinner party of Germans of various stripes at which the announcement comes over the radio that Germany had been attacked by Poland and everyone stands and does a stiff arm salute. Mitchell Leison may have missed some opportunities here and there, but he fully took advantage of others.",positive
"I usually enjoy watching Laurel and Hardy, but this is obviously one of the films they made while they were on their way to becoming a successful comedy team.<br /><br />The plot is all too simple, and is mainly based on one joke; how strange kilts and Scotsmen are. And that's all. Okay, there are some other jokes, but I didn't find them very funny at all; they are outdated and (I guess) were not very entertaining when the movie was first released.<br /><br />Still, the movie has got two of the most charming faces in history, and they make the best out of the awkward story (which I expect was filmed without a proper script) and the scenery is nice to look at. <br /><br />In my opinion, watching this is only worthwhile for Laurel and Hardy fans, other people should stay away from it.",negative
"No shortage of female flesh but still not interesting! Lenzi at least is capable of so far greater probably peaking at Spasmo and starting with Kiss Me Kill Me<br /><br />The Hard Gore R2 DVD release may be cut at 86 minutes, but this movie contains one act of cannibalism and one victim - a scene with a native girl who is brutalised and disembowelled by the cannibal tribe we are warned of and who later set fire to some huts. Arsonist Holocaust? Firestarter Fernox anyone?<br /><br />Certainly not a cannibal flick but was there ever a decent one made? Avoid.",negative
"When I first saw this film, I thought it should have come from the children's section - It's very fun and at times humorous, and is actually quite a good story, but it severely lacks the ""romantic chemistry"" that actors like Meg Ryan and Tim Robbins are capable of delivering. I must note that Walter Matthau is perfect for the part of Albert Einstein, and his performance is extraordinary, but that's the sole exception. This film appears a bit forced, the directing lacks substance, and oh yeah...the music is ridiculously awful, it didn't put me in a very good mood. But if you are not expecting a smart, well-crafted comedy/romance tale, then this certainly can be entertaining, like I said..it should be in the children's section. Einstein and his buddies are a good relief from Tim Robbins' boring, almost tense quest to steal Meg Ryan's heart. A very conflicting film, but as long as it's not taken seriously this can be an alright movie.",negative
"Nothing more than a soccer knock-off of The Mighty Ducks, this film proved to be annoying in most aspects. This was one of those times where you're parents ask you to take your younger siblings just so they don't have to deal with them for a few hours. To say the least, my younger sisters liked it, but it proved to be too much like the far superior Mighty Ducks. Oh well, at least Olivia d'Abo was hot and Steve Guttenberg still had a job at that point in time.",negative
"Lady and the Tramp II: Scamp's Adventure is a cool movie that many kids today can really relate to. It's a well-presented story about a kid who longs for the freedom to do things his way, and how he goes about getting this freedom is only a part of what makes this film interesting. Just forget the itty-bitty disappointments, like the fact that there were only adults in this movie based on a pup's point of view, because that's just 0.5% or less of the movie's wonderful effect on the viewer. Great music, lively acting, talented animation and directing, and a powerful storyline tell a tale of the difference between freedom on the streets of New England and a cozy home with your family. And that no matter how bad things seem, your family and friends are ""always there"" to help you though any tight spot.<br /><br />I can't wait to get the soundtrack!",positive
"Wow, I swear this has never happened to me before. I only watched ""Golden Temple Amazons"" yesterday and already I haven't got the slightest recollection of anything that happened in this film. That's how brilliant this movie is, I guess! By now I only remember being lured into watching it because of the incredibly attractive DVD cover art, showing a torrid drawing of a voluptuous Amazon preparing her bow to fire at an unspecified target. I often get fooled by appealing DVD covers  especially Jess Franco ones  and I still haven't learned to resist even after literally hundreds of awful experiences. Oh well After reading the other user-comments, some parts of my memory returned although I still suspect to confuse this film with another Jess Franco masterpiece I watched the day before, namely ""Diamonds of the Kilimanjaro"" (and, yes, that one had an awesome DVD cover as well).<br /><br />""Golden Temple Amazons"" opens with a posse of hot white African Amazons  I am aware of the contradiction but don't blame me  slaughtering the parents of a fragile young girl because they were trespassing the turf with the intention of stealing the golden treasures from the temple. Several years and hormonal changes later, the girl returns to the jungle to get her revenge. She's accompanied by a bunch of sleazy adventurers who are less interested in the act of vengeance but wouldn't mind taking some gold back home. The rudimentary premise is obviously secondary to all the showcasing of ravishing female nudity and gratuitous sleaze. Analía Ivars, Eva Léon and the other nameless Amazons are all regular Franco choices and willingly walk around with their breasts proudly exposed. You better enjoy gazing at all these perfect female curves, as the rest of ""Golden Temple Amazons"" is a boring and incompetent mess. There's hardly any violence or action and no less than half of the film is pure filler, bits and pieces of National Geographic documentaries edited into the story and that sort of stuff. The awesome DVD cover would definitely be a great addition to your collection, but opening the box is utter pointless.",negative
"The film is really good, it doesn't use violence or sex etc to sell itself like other films but instead just uses a really decent plot(based on the original by Michael Caine) and some great actors to make a fun, action packed film which i thoroughly enjoyed. One thing which made me enjoy this film even more was that it had some actors which i really like such as Edward Norton(who i last saw in 26th hour, which i enjoyed also), Jason Statham(transporter, enjoyed that also) and Seth Green who i think is great, his role as Shawn Fanning's roommate dubbed ""The Napster"" is hilarious and his hacking skills play a great part in the main heist which centres around a large traffic jam in LA. The car chases are really decent and the high tech equipment used by the thieves is interesting and very impressive. I haven't seen the original so i can't really compare the too but i liked this a lot and would highly recommend this film to everyone, it isn't a film where you need to like that specific genre, it will suit everyone, i felt good after this movie, it had a really good ending and was overall really fun to watch. I give it 8/10. Go watch it!",positive
"This is a dry and sterile feature filming on one of most interesting events in WWII and in history of warfare behind the front line. Bad drama composition is worst about this film as plot on killing Hitler suppose to be pretty dramatic event. There is no character development at all and idea that Tom Cruise suppose to play a high rank commander that questions his deepest inner thoughts on patriotism and treason is completely insane. I believe that Mister Bin would play it better. Generally speaking, film pretty much looks as a cheep copy of good German TV movie ""Stauffenberg"" from 2004, but can't get close to that film regarding any movie aspect whatsoever. However, movie obviously gets its financial goal with pop-corn audience that cherishes Hollywood fast-mood blood and shallow art values.",negative
"Brothers with psychokinetic powers (yes, really) duel not just for Debra Winger's affections but really over a secret from their childhood that left them at odds over their powers.<br /><br />There are surreal touches (the fire brigade that act like a singing Greek chorus), but there is also humour, wit and romance. The soundtrack is great also. And similar to the way American Werewolf in London used every great Wolf song they could get ~ but with fire and I don't think I'll ever forget Dennis Quaid (mmmmm Dennis Quaid), setting his own trailer a rockin' too 'She's a lady' ~ priceless ;)<br /><br />Best line missing from the quotes section btw ~ 'Once you've had a clown, you never go back!'<br /><br />I love this movie (I just ordered the DVD from the US) and if the comments written by the kind of people who'd be happier with Legally Blond 3 don't put you off ~ give it a try :)",positive
"HORRENDOUS! Avoid like the plague. I would rate this in the top 10 worst movies ever. Special effects, acting, mood, sound, etc. appear to be done by day care students...wait, I have seen programs better than this. Opens like a soft porn show with a blurred nude female doing a shower scene then goes bad from there. Good nude scenes, but that is it. Sound and light problems were persistent throughout the movie. At times I would swear I could hear the roaring of the camera motors. YIKES! I would like to see another movie on this story, but done by different people. This batch of actors and crew need more acting and movie making lessons. Voted 1 out of 10.",negative
"I won't reiterate what so many others have said about this film; I'll try to add a few new points. The Coolio-as-vampire bit is a nod to fans who are familiar with his turn on the Blondie song ""No Exit"" in which he assumes the role of a rapping vampire (it actually works as a musical concept and is in fact a great song). Casper Van Dien is no worse than Brad Pitt and is actually more handsome. And really what does anyone go to a Brad Pitt movie for other than eye candy? Same here, although this is poorly filmed (check out ""Starship Troopers"" instead). And of course Udo Kier, after having played Dracula in the Morrissey/Warhol film, has little more than a cameo. Enjoy it if you can.",negative
"I am an avid movie watcher and I enjoy a wide variety of films. However, I found NO enjoyment in this movie. It is probably the worst movie I have ever seen. I do not feel that it had much of a storyline, the characters were not likable and the relationship between the characters was dysfunctional at best, and the ending only made me dislike the movie more. It is definitely not in the same category as ""The Cave"" which was, in my opinion, the best cave movie ever made. Even ""The Descent"" was better than this movie.<br /><br />It was a waste of the $3.79 rental fee and of my time to watch this. Do yourself a favor and steer clear of this one.",negative
I got this as a turkey movie and was I not disappointed.<br /><br />Acting - overall even though many have been in other movies it is clear that they had to work hard to act this bad so constantly over this entire movie with out accidentally letting slip some degree of acting.<br /><br />Plot - being generous I could say that the scriptwriter did originally start with a plot but but did his best to ignore it. the plot broke down faster then a Chinese knock off computer <br /><br />Scrip - now that was an abomination of nature. it failed to flow with any rhyme or reason. the majority of the lines by the characters were at best pathetic to imbecilic. the script worked hard to make sure that no character managed to get to be considered memorable. I have watched other movies where the extras were more interesting and memorable.<br /><br />Special effects - ROTFLMAO!!!!! They were short bus special <br /><br />Directing - until you can come up with your own directing ability copy the style of your favorite directer otherwise you will only make failures like this.<br /><br />It is good to know that your friends/family have been giving you 10 stars for this movie,negative
"Who me? No, I'm not kidding. That's what it really says on the video case.<br /><br />Plot; short version: Pretty woman stands around smiling. This, for some reason, makes all men kill each other.<br /><br />""Find Ariel...Where's Ariel...Can't Find Ariel..."" She's right behind you, you idiot...<br /><br />Most of what can be said about this horrendous little Space Opera has already been said, looks like.<br /><br />A bunch of corny actors playing mostly convicts come in after the first selection of actors is knocked off very quickly. Then they get knocked off in the same way. Every scene is broadcast nearly fifteen minutes in advance. Perhaps it was a drawing of straws to see which actors had the most screen time and bigger pay check. The alien virus/hologram/VR witch/glitch seems physically powerless and doesn't do a thing. Why can't she just stay in the computer instead of doing her ""teleporting vampire"" routine? (Actually, it would've been more interesting if she had been a vampire, or doing more than just standing around looking at people, which is all she ever does. This is enough to make all the men kill each other. Go figure...)<br /><br />This isn't really a space flick. There are far more shots of the old western trail, 1950's Easy Rider trail, Film noir's night club scene, even a jog on the beach in fantasy-land, none of which has any real depth or even makes any sense. The night club scene is in black and white, of course. Worked with ""The Wizard of Oz"". Doesn't work so well, here. This is probably a good thing, as those few shots they DO show of space are depressingly silly. You will probably cry during those moments, especially upon seeing that swirling ""space ship"", which looks about three inches long.<br /><br />Nothing is felt for any of the characters, not because they are convicts or have no personality, but because they are in serious need of acting lessons, except for Billy Dee Williams who really does look depressed and at a loss, probably by being in this work...<br /><br />This is one of those movies that, when viewed with friends, is going to cause some extremely ""loud"" silences, especially when the nerd throws out his attempt at comic one-liners (including the line about French-kissing a meteor...? Did I hear that right? Perhaps not...)<br /><br />The original virtual reality girls get ""killed"", which means nothing, as they are not even real to begin with. Well, the other ""characters"" aren't, either, but that's beside the point. Haha.<br /><br />What's kind of funny is that the scene that graces the video case is some sort of skull-horror-alien looking thing (green filter added on top of that, to give it more of a...uh...green look), which is actually the android after he gets killed and ultimately has nothing to do with anything else afoot.<br /><br />Another odd deal I noticed. Whenever there is an explosion (at least on my cheap DVD copy), everything becomes highly pixelated. I don't mean a LITTLE pixelated, I mean HUGE blocks about 1/16th the size of the screen. Wow.",negative
"Like all cult TV shows, there is a group of people who love The Twilight Zone so much that they rate practically every episode like they are the greatest shows EVER. While several of them are indeed wonderful classics, the truth is for every great episode, there were several that were mediocre and at least one that stank. However, like die-hard Trekkies, these Zone lovers insist that all of them are gold. In fact, this is what initially got me to review some individual episodes of a couple cult series instead of the movies I usually watch.<br /><br />While this isn't the worst episode ever made nor is it among the very worst, it is poor by any reasonable standard. A widow watches a long procession of Civil War soldiers going past her home. In the end, a very unexpected twist is revealed and there isn't a whole lot of excitement or suspense here.",negative
"Probably not the same version as most of the other reviewers because there`s no real hard core sex . What do people mean by hard core sex ? The sort of explicit hard core sex seen in films starring Traci Lords and "" Big "" John Holmes ? Well anyway this is really poor film , I doubt if I`ve ever seen so many big name actors wasted in a film . The script is really poor and plotless , the directing and cinematography is awful and the editing is non existant . It truly is an absolutely awful film. You could watch this ten times and still not understand what the hell it`s about . The only memorable scene is the one where people are buried up to their necks and a giant lawnmower comes along and decapitates them . Yes you read that right , a film set in Roman times has a scene with a head chopping giant lawnmower !<br /><br />Trivia point. Many years ago a pirate copy of THE THING ( 1982 version ) was doing the rental rounds on my Island and it been copied onto a rental tape of CALIGULA meaning the pirate version of THE THING starts with the first few seconds of CALIGULA of the man and woman walking through the forest then the title sequence of THE THING starts . This led people who`d seen the pirate tape to believe the forest scene was the opening of John Carpenter`s 1982 film and were very confused as to what it meant. Well that`s what you get for renting pirate videos . But having seen the whole of CALIGULA I don`t know what it meant either",negative
"Be warned by the line on the back of the box that promotes a story involving ""over sexed jocks"". There isn't a thing redeeming about Carrie 2. The plot is absurd, the acting terrible, and the ending all too predictable.<br /><br />I wasn't expecting a masterpiece, but I was expecting to be entertained. I wasn't. The only way I could rationalize watching this movie was because I was at a relative's house while waiting for my car to be fixed. Unless in the same predicament stay well away from this film.",negative
"First, I want to clear a common misconception: It is not unrealistic that the school Zoey goes to gives students laptops. At my school, those in grade 7 and higher must have Apple Macbooks (this is payed for in the entrance fee). Moving on. This show is very annoying. It has boring, predictable plots and bad acting. Often in the show it brings ""girl power"" to a new high, with girls beating guys in everything they try. But that is not the worst. The worst is that girls are nevertheless all portrayed as being focused on their personal appearances, and screaming whenever they are happy. Except for the one smart girl, who is portrayed as a freak who is obsessed with ugly boys and science. However, this show is very addictive. I do not know why, but it is. Although, the most recent season has been SO terrible, bringing the stereotypes, boring plots, and bad acting to extremes I never thought were reachable, so I am no longer addicted, thankfully.",negative
"We taped this when it aired on TV back in 1995 and have waited all these years for its release, for it quickly became one of our family favorites. The kids are now teens and must have seen it a ba-zillion times, yet they still watch it religiously with friends. It's timeless appeal reaches across all ages groups--similar to ""Grease.""<br /><br />Vanessa Williams is spectacular. Jason Alexander delightful and wonderfully light on his feet. I've noticed other commentators on this site are pretty rough on him, but our family gives him top ratings. (We loved his 'Giant Step' number.) Marc Kudisch (as Conrad) supplies us with comedic relief and wonderful musical numbers. And Brigitta Dau (as Ursula) just flat steals the show. Probably our favorite character in the entire movie.<br /><br />The one disappointment was Chynna Philip's performance of Kim. Part of that has to do with the writing. Kim's role is completely one-dimensional. Complicating that, Philip's delivery is flat, unimaginative, unbelievable and just plain awful. The director should have seen that and corrected it. Or never cast her to begin with.<br /><br />Overall, though, the picture is delightful and I highly recommend it for families of all ages.",positive
"I couldn't believe that this movie dates from 2007, it had all the looks of a below-average seventies horror-flick. Didn't they have any knowledge of modern special effects or CGI?!? Didn't they know that in the post-millennium the violence in a supposed horror- and/or scifi-movie should at least be a little bit graphic? Or did I get the purpose wrong, was it supposed to be a deep and meaningful story of man and animal, bound together in the big cycle of life, or a warning to mankind not to mess with Nature, or something like that?? It doesn't really matter, either way it turned out wrong and to me this movie failed on all accounts.<br /><br />First of all: the premise is very improbable. If at a given time you're capable of replacing a total eye, no responsible medical scientist would start his very first human attempt with both eyes at the same time, that's totally unprofessional. And to do all this apparently without informed consent of the patient?! And why on earth choose for eyes that have a totally unusual color for humans, and make the victim look like a freak?! By the way, I noticed that all the real wolves in the movie had puppy-like normal dark eyes, couldn't they have waited for such a specimen? The story is lame, it's about this poor guy Aaron who gets these weird eye-transplants, which suddenly makes him feel like the donor-wolf (or at least, that's what I make of it) and then he's being chased by some military men. Especially this last bit is ridiculous. I mean, I can understand that the army is interested in the results of the experiment (imagine soldiers with night-vision eye-sight!) but as the operation fails on account of the apparent nervous breakdown of the patient, it's beyond me why they're out to kill him. Why not leave him alone and look for another usable recipient? (a volunteering soldier maybe??). And why try to kill everyone else that's involved with poor Aaron, isn't that a bit steep?! Who the hell are these militaries anyway, I hope not the US army or the government, they behave like psychopaths, walking around the hospital waving automatic weapons, raiding private apartments like they're after some public enemy # 1, and displaying during the ultimate show-down in the woods a total lack of discipline, like a bunch of frightened schoolchildren, panicking and shooting randomly around.<br /><br />Aaron, for some unfathomable medical reason, feels like a wolf after the transplantation of the eyes. Why would that be??? He suddenly sees visions of wandering wolves. What is this? Are we supposed to believe that the memories of the donor-wolf are situated in it's eye-balls?!? And that the recipient of these eye-balls also adopts the wolf's craving for red (life-) meat and can jump off of a 30 feet high balcony and land unharmed on his all-fours like a cat (can a wolf even DO that??!).<br /><br />The acting (or the lack thereof) didn't help the credibility of all this either: everyone stumbles through their lines like wooden dolls, especially this Indian girl, she may be pretty but she can only come up with one expression (vexed) and some disinterested mumblings about the force of Nature, and it beats me why Aaron all of a sudden is all over her (but hey, there probably had to be at least one love-scene!). I really sympathized with actor Cory Monteith, who seems like a nice guy with a handsome enough face, but they didn't give him much to go with. He has to run around bare-chested for more than half of the movie, which could have been fun to watch, but then they had better chosen someone with a more impressive physique, Monteith really should leave his shirt on. His (few) killings and attacks are hardly shown, we just hear some growling and cries of fear and then there's another victim lying down and Aaron with some more blood on his face and chest. Not much for a modern sci-fi horror! The only good acting came from Justine Bateman, and I really like to see how she has matured into a beautiful and classy forty-something lady. She did what she could with her silly lines and she even convinced me of being this doctor with good intentions, but they made her character a kind of a wimp, who gets totally bossed around by the leader of these militaries. What a pity that the script didn't make her stand up a bit more! <br /><br />In the end this sums up as being a silly and rather boring movie, hardly scary or thrilling, with unbelievable goings-on, a lot of overlong National Geographic-like visuals of wolves running around woods and slopes (who cares?!?), some pretentious Indian ramblings about Man and Nature and an uneven musical score with poppy songs at the most inappropriate moments. I guess the word ""superfluous"" covers it all.",negative
"This movie was extremely funny, I would like to own this for my vintage collection of 1970s movie must see again list, I know this cast of characters ,they are people that I have met over the years and that prompt me to search out this comedy, unfortunately this was never put to DVD or VHS. Redd Foxx always a clown of comedy, Pearl Baily a great match as his wife witty and sassy, Norman a son with a secret not sure if he will have a future if it is out,Dennis Dugan crazy funny man . Miss Dobson hooker with a heart and little conscience. Love,lust,strange family ties this movie qualifies for a come back encore performance ,situation comedy with a mix of events as this could and should find its way as a remake, I do think finding cast would be extremely difficult maybe impossible,except Jerry Seinfeld playing Dennis Dugan role, this earmarks a couple of Seinfeld episodes that also brought me back to Norman is that you ,keeping them in the closest was surely impossible as impossible to reform pretend hooker girl friend and infidelity of a parent. This movie was a wild ride advise of a cabbie, remind me of episode Kramer takes advice of his caddie over his lawyer. ( episode from Seinfeld ) The parents have there jaw dropping moment, fun over fun It is screaming bring me back .",positive
"I can not believe I wasted my money to rent this movie. I thought it was a porn flick when it started and it never got any better. The acting, the music drowning out the actors. Horrible. Save your money! You have to read the movie all the way through b\c they knew the music would drowned out the speaking lines. I never got the part about the slaughterhouse or the need to continue to show cows and pigs being butchered. What did that have to do with the ""real"" BTK killer? I understand why there were no famous actors\actresses in this movie. The script would have turned me away within the first page of reading. You would be better off watching paint dry.",negative
"The performance by Om Puri, Smita Patil, and Sadashiv Amrapurkar and the whole chemistry comes off nicely, along with the minimalist approach to story telling and direction by Govind Nihlani. The dialogues by Vijay Tendulkar is also great. <br /><br />I have not seen another movie like this. It is one whole, each piece so nicely fit in the plot. You cannot not be impressed by this movie. <br /><br />Amrish Puri comes off as the bossy husband and 'baap' of Om Puri. Om Puri is the young man caught between his sense of duty and his inability to fight the system. Sadhashiv as Rama Shetty gives just about the right touch to the movie with his smiling and soft speaking villain. The first meeting of Anand Velankar with Rama Shetty's at Sadhashiv's place is absoulely stunning. Smita Patil does not play a main role, but her part is also not distracting from the main plot. <br /><br />And to add to this all Kafi Inamdar plays the role of a cop who has come to terms with the system and its workings. Saying right things in the right places and knowing how to keep himself away from trouble. He is also the 'guru' of Om Puri and helps him whenever he gets into trouble.<br /><br />The movie not only brings to focus the difficulties faced by a police officer trying to do his duty but also the other side of brutalities in police custody. Om Puri captures hopelessness and the burning desire to break free in this exceptional performance in Ardh Satya. <br /><br />A treat to all avid fans of Indian cinema.",positive
"I will never forget the utterly absorbing effect this show had on me when I saw it for the first time. From the moment that the Major is startled by the Clown, to his anguished attempts to make sense of the situation ( "" We're alive, we're people, we must have memories!"" inexact quote but close), to his clever attempt to improvise a means of escape, this is riveting drama.<br /><br />Little touches stay with the viewer for a long time after watching it. The moment when the lovely ballerina dances for everyone, to the off key, screeching bagpipes of the Scottish musician; the Tramp's wistful remark, "" A miss is as good as a mile"", the Major's shaken conclusion that they must be in Hell.<br /><br />This is a brilliant episode, beautifully written and acted. The breathtaking beauty of Susan Harrison adds to the memorability of the strange, touching story.",positive
"Oh dear, what a horrid movie.<br /><br />The production was so cheap and nasty... Remember the shot from ""the Natural"", where the lightning hits the tree (leaving a glowing stump) that Roy Hobbs makes a bat from?? Well the producers of this movie used that same scene to prefix a scene where a tree branch slammed into the house.<br /><br />I wonder if they paid to use the footage from The Natural, or did they just hope that no-one who would watch the film would pick it up ?<br /><br />Then at the end where they were getting trying to get away in the truck. Such over-acting in the cabin. <br /><br />A really bad film, a really bad film.",negative
"Fred was such a great show.It was simple but somehow very addicting.I can still remember the days when I'd watch this on Kids WB Saturdays ,but then Kids WB did the unforgivable.Kids WB became like that older relative that tries to act ""hip"" and ""funky fresh"".*shudder*They became like that relative who tries to act all cool ,but the attempt is a cheesy disaster.They pulled Coconut Fred's Fruit Salad Inland and all the other good shows to put on some of the most pointless shows I've ever seen In my life(Johnny Test).The only thing that keeps me watching KWB anymore is the occasional bits of the old shows and the anime on 4kids.It was such a huge mistake to pull this show off of the schedule.This brings me back to my first point... BRING IT BACK!!!",positive
"Malcolm McDowell diagnoses Megan Gallagher's daughter and she as having a form of illness, when they believe they are seeing ""The Huldre"", troll-like creatures which live with ""the rocks and the roots"" (to quote the movie).<br /><br />Basically a family moves into an older house, which has a smaller doll-house in the backyard. The daughter (well played by Sofia Vassiliova) starts to befriend the creatures, until they become vindictive. The family cat also disappears.<br /><br />There are a few good scenes with Megan Gallagher (""Millennium"") and Malcolm McDowell as the psychiatrist. There is also something strange which occurred to one of McDowell's patients.<br /><br />If you enjoy this type of story, you may also like ""Bad Ronald"", which had a similar odd theme, and the house is haunted by bad Ronald (Scott Jacoby) only that movie is from the 70's. 7/10.",positive
"Holes is a fable about the past and the way it affects the present lives of at least three people. One of them I will name, the other two are mysteries and will remain so. Holes is a story about Stanley Yelnats IV. He is unlucky in life. Unlucky in fact characterizes the fates of most of the Yelnats men and has been since exploits of Stanley IV's `no good-dirty-rotten-pig-stealing-great-great-grandfather.' Those particular exploits cursed the family's men to many an ill-fated turn. It is during just such a turn that we meet Stanley IV. He has been accused, falsely, of stealing a pair of baseball shoes, freshly donated to a homeless shelter auction, by a famous baseball player. He is given the option of jail, or he can go to a character building camp. `I've never been to camp before,' says Stanley. With that the Judge enthusiastically sends him off to Camp Green Lake.<br /><br />Camp Green Lake is an odd place, with an odd philosophy, `If you take a bad boy, make him dig a hole every day in the hot sun, it will turn him into a good boy.' We learn this little pearl of wisdom from Mr. Sir (John Voight) one of the camp's `counselors.' We get the impression right away that he is a dangerous man. He at least wears his attitude honestly; he doesn't think he is nice. The camp's guidance councilor, Mr. Pendanski (Tim Blake Nelson) is a different matter entirely. He acts the part of the caring sensitive counselor, but he quick, quicker than anyone else in authority to unleash the most cruel verbal barbs at his charges. The Warden has a decided capacity for meanness, but other than that she is a mystery. These three rule Camp Green Lake, a place that has no lake. It is just a dry dusty desert filled with holes, five feet deep and five feet wide. Its local fauna, seem only to be the vultures, and dangerous poisonous yellow-spotted lizards. Green Lake seems is, in many ways, a haunted place.<br /><br />Holes works in spite of the strange setting, and the strange story, because it understands people. Specifically because it is honest in the way it deals with the inmates of Camp Green Lake. The movie captures the way boys interact with one another perfectly. It captures the way boys can bully each other, they way they can win admiration, the way they fight with one another, and the way boys ally themselves along the age line. It is this well nuanced core that makes everything else in the film believable. What is also refreshing about this film the good nature of its main character. He does not believe in a family curse, he is not bitter about the infamous exploits of his `no good-dirty-rotten-pig-stealing-great-great-grandfather.' In fact he loves hearing the story. Stanley IV is not bitter about the past, and determined not let it affect him in the way it has affected his father and grandfather. There is at times a lot of sadness in the film, but not a lot wallowing angsty silliness. And that is refreshing.<br /><br />Holes is an intelligent, insightful and witty family movie. It entertains, and not in any cheap way. It is not a comedy, though it has its laughs. It dares to be compelling, where many family movies tend to play it safe and conventional. As such it transcends the family movie genera and simply becomes a good film that everyone can enjoy. I give it a 10.",positive
"If a movie has an unimaginative, hackneyed story and bland characters it needs to make up for it by being really, really funny. You can get away with a lot if you're funny. But while there are a few amusing moments scattered here and there in Grandma's Boy, they are so far and few between that they cannot begin to make up for the hack work the film displays in such abundance.<br /><br />The movie certainly doesn't aim to surprise anyone. When Alex hides marijuana in his grandma's house in a tea tin you know what's going to happen later on and it does. The movie appears to have been written by a committee who did a study of mediocre comedies and grabbed any gag that appeared in more than one of them.<br /><br />The most interesting thing about the movie is its somewhat unusual setting. The game takes place in a video game development company, which should be an interesting source for some clever comedy. But don't be fooled, this is not a movie about video game developers. This is basically a college frat house movie in which all the frat boys have been shoved into a big room to play video games.<br /><br />The way the movie completely fails to think through its setting and use it for original laughs can be seen in the character of J.P. J.P. is I think more-or-less conspired by the creator of Doom, John Carmack. At least inspired to the extent that he's an odd genius who makes games.<br /><br />In the movie, J.P. is a weird, obnoxious geek who is despised and jeered by the company game testers. That makes no sense at all. If you are one of the most significant people in the history of video games (as J.P. is supposed to be) then even if you're quirky and obnoxious, people will still admire and respect you on some level. If Stephen Hawking is obnoxious his associates still aren't going to make jun of him to his face.<br /><br />Also, game testers are just as likely to be geeks as J.P., but in the movie they are basically frat boys. It's a fun normal guys against the obnoxious dweebs movie. And while that formula has worked, very occasionally, in the past, it is absurd in the setting of a game company. If you decide to use an unusual setting for a movie, you don't simply cram in all the conventions of movies from different settings into that one. Unless you're a hack.<br /><br />About two thirds of the way through the movie I gave up. Something happened that I knew would result in a series of painfully predictable events. And I realized I hadn't actually laughed at anything for the last half hour anyway. So I stopped (although I did fast forward just to make sure I was right that they would follow the most predictable clichés, which they did).<br /><br />Normally if a movie's bad I just say it's bad and then run out of things to say, but this movie is such a phenomenally shoddy production that it deserves a long diatribe.<br /><br />Shame on the movie for luring a good actress like Linda Cardellini into it, then surrounding her with talentless nobodies. I'll give the movie 1 point for giving Shirley Jones the chance to be the anti-Shirley Partridge though.",negative
"I love this movie... it can make me laugh! =^_^= Which is kinda hard to do. This movie is one of the best cartoon adaptations ever. It doesn't warp the characters like other movies out there. Everyone is in character and has a role to play!<br /><br />The movie focuses around Buster and Babs going down river after a flood (courtesy of Buster), to Plucky going on a trip with Hamton (hilarious stuff), Elmyra running around torturing animals (as usual), Fifi following her crush around for an autograph, and Shirley and Fowlmouth going to the movies.<br /><br />In my own personal opinion, I didn't like the Buster and Babs segments that much, although they had some notable dialogue and jokes. I have got to say the Plucky and Hampton 'Vacation' parts were the best! Hamton's family is HILARIOUS! I especially like Uncle Stinky. Fifi in the hotel was also hilarious. I love the actor cameos during this scene. :D<br /><br />Probably the most famous part in this movie, again IMHO, is when Fowlmouth and Shirley are in the movie theater... LOL! You've got to see it to appreciate it! And when Hamton and Plucky go through the tunnel to make a wish... :)<br /><br />Although this movie moved slowly during the Buster/Babs parts, the rest is pure gold! I rate this movie 8/10. Show this to your kids one day... or even adults yourselves - WATCH THIS MOVIE! You won't regret it.",positive
"CAUTION SPOILER: At the end of the movie it is announced that the bridge collapsed just a few days after it was captured. The impression is that the attack was all for nothing. In reality, taking the bridge at Remagen was the last important victory for the Western Allies. It was the crossing of the Rhine that the Allies had been trying to achieve for six months. Because the Remagen Bridge was taken, the war ended in just a few weeks.<br /><br />The bridge only need to last for a day after it was captured. This was enough time for the Americans to send combat engineers and a large protective force to the other side, and they could then start building a series of pontoon bridges. The taking of the bridge was a complete success, and meant the that the end of the war was near, and would not last through the summer. Contrary to the cynical nature of the film, the victory was heralded with elation by the troops who did it. They knew how vital the battle was.<br /><br />This film has little to do with real history. It was more a reflection of the cynical nature of the time in which it was produced.",negative
"For anyone who cares to know something about the real Diane Arbus, or who values psychological veracity, this film is abysmal. Arbus was a brilliant, talented, restless, and troubled person, but this film depicts her as completely self-involved, and truly bizarre in her taste and judgment. Kidman portrays her as wan and vague, whereas she was someone who knocked people over with her charisma. The totally fictional relationship that is central to the film is quite unbelievable, and Robert Downey is truly annoying in his smirking portrayal of someone who seems to think he's superior to the rest of the world simply because of his affliction. The film depicts this encounter as being the source of Arbus's interest in ""freaks,"" which is a truly banal explanation for the inspiration behind some of the greatest photographs of the 20th century. The mystery to me is why people of some talent and intelligence chose to be involved with this film in any way.",negative
"A very great movie.<br /><br />A big love story. Lots of sword fighting. Huge battle scenes. Heros and villains. Real history.<br /><br />Few in the West know much Chinese history. Chin Zchaundi founded China. The country is in fact named after him. Some are familiar with the terra cotta army recently unearthed. This is a historical epic of how he ended the Period of Contending States and unified China. He founded a dynasty that only last 14 years but it was immediately replaced by the Han dynasty that permanently defined Chinese civilization ever since.<br /><br />Chin (or the King of Zheng as he was known before he founded the empire)was roughly contemporaneous with Scipio, Hannibal, and Fabius in the West. The parallel Roman world dominance (West and East worlds) was achieved without a single towering personality like Chin. It would not be for another century before the West produced Caesar - the nearest comparable Western figure.<br /><br />Chin is shown very sympathetically here in the beginning but he develops over the course of the film into a ruthless despot. History only records the ruthless despot part but the sympathetic beginning leaves room for real character development over the course of this long film. The famous story about the meeting with the assassin is as true as any two thousand year old anecdote can be. Gong Li is lovely. She is the emotional core of the story. It all makes for great movie making.",positive
"I have watched this episode more often than any other TFTC episode, it is that enjoyable. And it is quite scary, but all in good, ghoulish fun. A woman kills her 2nd husband but runs into a problem when an escaped maniac in a ragged Santa Claus outfit decides to pay her and her little girl a visit at that very moment. Mary Traynor, who I seem to remember from SNL or some other TV comedy skit show, is the evil wife, and Larry Drake plays the lunatic in the dingy Santa outfit. I had forgotten Santa was played by Drake over the years. His Santa is an unstoppable force and quite frightening at times. You can probably guess how Santa finally gets into the house. The episode is played for laughs, but it also can be pretty intense at times.",positive
"It figures this is a French film, LOL, with the emphasis on young girls with much older men...why is it the French are so fixated on this kind of thing? When the age difference is this great, it really comes off as pervy! Valentina Cervi is beautiful (she bears a strong resemblance to Olivia Hussey, of Zeffirelli's '68 Romeo and Juliet, set in a similar period), but she looks about 15 and the actor playing Tassi, her painting instructor, looks...well, 50 is KIND.<br /><br />Other posters have done the work of explaining the historical record (unusually detailed in this case) of the real Artemisia, a great artist and one of the earliest recognized female painters of this period (17th century). Her story speaks to us in modern times particularly because of the age-old accusation that ""all great artists were men"" -- she pretty much blasts that assertion to bits -- and because the story of her rape trial is so poignant. Not only was she clearly assaulted, and forced into a degrading sexual relationship (because in those days marriage to your assaulter was the only way to avoid social shame), but Tassi was a serial rapist and possibly killed his wife and child.<br /><br />The movie does a terrible disservice by inverting this truly fascinating and remarkable real life story -- very dramatic and not in need of any ""spicing up"" -- because in some weird Frencified way, it's ""hotter"" to have an oversexed teenager drawing male sexual organs and having a hot love affair with a man old enough to be her grandfather. That's ""sexy"" -- the truth is boring and seems too feminist/politically correct.<br /><br />It also disturbs me that this is ONLY part of Artemisia life considered interesting enough to film. The fact that she painted for decades (her famous painting of Judith beheading Holfernes was painted AFTER, not before the rape), that she was the first woman admitted to the prestigious Florentine Academy, that she went on to have children...oh that's boring stuff. After all, that's about a middle aged woman and they aren't ""hot"" like teenagers.<br /><br />I understand that there is a lot of creative license in making a film (or a book) about a real historical character. You need to create dialog, have subplots, create dramatic structure. Certainly some details can be sacrificed -- it's no big deal if the dates are moved a few years, or if Artemisia is played by a blonde actress (when we know from her self portraits that she was a brunette...and a big boned one, not a skinny minny), or something like that. But to turn her story around on her, and make rape into a romance is actually sick and disturbing. It's even worse because the director is female. She should be horribly ashamed of herself!<br /><br />If you LIKE this (and I know some people could care less about the real woman artist and just like period costumes and hot sex), you will probably like ""Dangerous Beauty"" with Rufus Sewell and Catherine McCormack. Similarly based on heavily re-written history, with lots of heaving bosoms and jewel encrusted goblets: Bon Appetit!",negative
"What was the purpose of this film? I suggest it was to make a handful of actors and their producers and director a big payday for doing nothing. Even my favorite actor, Bruce Dern, couldn't keep my interest in this boring movie. A braindead ex-pugilist falls in with a weird woman and her relatives. He starts out as a fix-it man for the woman, and winds up beating a man and getting caught up in a kidnapping scheme. It was so confusing I can't even write a decent critique. If you see this one, my sweet, make sure it is after dark so you can go right to sleep.",negative
"Polyester was the very first John Water's film I saw, and I have to say that it was also the ""worst"" movie I had seen up to that point.<br /><br />Water's group of ""talent"" included several people who I am sure worked for food, and were willing to say the lines Waters wrote. Every thing about the movie is terrible, acting, camera, editing, and the story about a woman played by 300 lb transvestite Divine was purely absurd.<br /><br />That said, I have to recommend this film because it is very funny, and you won't believe the crap that happens to poor Francine. Her son huffs solvents and stomps unsuspecting women's feet at the grocery store. Her daughter is the sluttiest slut in town. Her husband is a cackling A-hole of a pornographer who does everything in his power to embarrass and humiliate poor Francine.<br /><br />Francine's only friend is played by Edith Massey, possibly the worst actress ever. Edith looks and sounds like she is reading the lines off a cue card and has never seen the script prior to filming.<br /><br />Despite all of Francine's travails, Waters cooks up a fabulous Hollywood ending and everyone (who survives) lives happily ever after.",negative
"This is a film about loneliness and how the distance  physical and emotional -- between people tends to stultify relationships.<br /><br />The narrative is simple to the point of banality: a young man Yusuf (Emin Toprak), from a rural village, arrives in Istanbul to stay with his older and successful cousin Mahmut (Muzaffer Ozdemir); Yusuf wants work in the big city. After trying for a few weeks to find work without any success, the strain of having Yusuf living with him is too much for Mahmut. They quarrel  nothing physical, just verbal. Eventually, Yusuf goes, leaving Mahmut alone again. End of story...<br /><br />Except for the fact that the performance of the two men as relatives is one of the best on film. Much is said visually; dialog is used to bring out disagreement, distrust, hostility, and insecurity that exist within and between the two men.<br /><br />There are many visual gems in this film. For example, while searching for work, young Yusuf, needing a relationship, tries in vain to gain the attention of various young women around the city. The look on his face, as he is thwarted every time, says it all.<br /><br />Or, wanting a cigarette, Yusuf opens the door to the balcony of Mahmut's apartment and lights up in the frigid December air, leaving the door open; Mahmut, eventually gets up from his work desk, walks to the door (all glass) and the cousins just look at each other for what seems way too long a time. Then Mahmut closes the door, leaving Yusuf out in the cold. The metaphor is complete.<br /><br />Or, Mahmut cleaning up after Yusuf, grudgingly and with increasing anger; and all the while, Yusuf wastes his time chasing skirts instead of looking seriously for work, and spends Mahmut's money on a toy for a nephew Yusuf is emotional, untidy, impulsive, and vulnerable. Mahmut is rational, logical, self-confident and a demanding control freak: the right-brain, left-brain dichotomy beautifully played out by two actors who say more with a look, a gesture, a frown than any words can convey.<br /><br />But, Mahmut is not completely emotionless: he still loves his ex-wife who tells him that she's off to Canada with her husband-to-be. Mahmut affects a distant and confident friendship with his ex, and makes sure that she is okay about going. He wishes her well. He says goodbye. He leaves the coffee shop where they were talking. Later when she calls to say a last goodbye, on the way to the airport, Mahmut goes there and secretly watches as she leaves. The poignancy of the emotion on his face, as she disappears through a door, is worth the wait.<br /><br />All in all, this is a standout piece of work by the two main actors and the director, Nuri Ceylan. Some might argue that the pace is too slow; but life goes slowly for much of the time, especially for those who are alone. The camera work is relatively simple also: choose the scene, set up the camera and lighting, and let the actors move across the scene, enter the scene and leave the scene, all the while keeping the camera still. There were a few panning shots, some high-angle tracking shots, a few rural scenes  but much of the film is shown as though on a stage with a fixed camera and a wide angle lens. Except for TV and radio music within the story, there is no music sound track. And, there are those many long silences as the two men sit and watch TV together and/or engage in very limited conversation.<br /><br />I saw this movie on TV so I was amused to see that, on a few occasions, I was watching TV as they were watching TV also. The silence in the movie matched the silence in my house (I was awake, all others in bed); my chair and position matched that of Mahmut's as he watched TV. Quite eerie, giving me a sense of almost 'being there' with him And, I guess I was, in a sense.<br /><br />I'll say no more, because I want you to savor the other scenes that I haven't described. It's not a movie for everybody, for sure. More than any movie I've seen, it shows just how much we die when we are all alone  just as we are all alone when we die. Mahmut's face, as it fades to black in the final scene, will stay with me for a long, long time...<br /><br />Highly recommended for serious movie buffs.",positive
"The title of this obscure and (almost righteously) forgotten 80's slasher inevitably reminds me of The Cure's mega-smash-monster hit song with the same title, hence a piece of the lyrics in the title-section of this user comment. Also, I didn't have anything else to say that was useful, anyway. But hey, ""The Forest"" isn't totally hopeless and not even *that* bad, actually. If nothing else, at least it obeys the, admittedly unwritten, first rule of 80's slasher: kill someone within the first 10 minutes of playtime. Sure you've heard about the basic premise of this film a dozen times before, but don't let that discourage you from watching it, as ""The Forest"" has a couple of things more to offer than just an appealingly sinister cover image. It's actually a bit of an atypical 80's slasher! The main characters aren't ordinary brainless teenagers and the script has solid ambitions towards supernaturalism. The concept isn't always successful, let alone plausible, but it's more than interesting enough to hold your attention and there are even are a couple of surprisingly strong moments of tension and plot twists to enjoy. Two married couples decide to go camping in the most isolated woods of California, but due to a stupid bet the wives travel separately from their husbands. Barely set up for the night, they receive uncanny visits from a mother looking for her two children, the children themselves and finally the father who's out hunting for human flesh. The demented family may be real or imaginary, but the women are definitely in danger and by the time their husbands arrive, they have already vanished. The men too encounter the family, and they find out more about the slightly dysfunction background. ""The Forest"" is a weird and unusual film, to say the least. It's not exactly a masterpiece of plotting, but the thoroughly strange atmosphere will certainly appeal to open-minded fans of 80's horror. The murders are fairly gruesome and will-filmed, including a slit throat and a painful saw-massacre, and the filming locations are stunningly beautiful. The more you contemplate about the story and its abrupt twists, the less it makes any sense, so my advice would just be to enjoy this odd viewing experience for as long as it lasts and not a minute longer. The acting performances are just above average, the music is okay and at least director Donald Jones (also responsible for the 70's exploitation-sickie ""Schoolgirls in Chains"") tried to be a little more creative that the majority of 80's horror films. Too bad it ultimately fails.",negative
I saw this in the summer of 1990. I'm still annoyed by how bad this movie is in 2001.<br /><br />Implausible plot. You'd have to be a child to think this could happen.<br /><br />I'm just really annoyed by it. Don't see this.,negative
"This movie is so bad they should burn the master. You cant spoil the plot because this movie doesn't have one. The graphics are less than fake, they're horrendous. Then you've got the rambling through the countryside star gazer work-a-holic who bounces between his own lunacy & the mad rantings of the crazed preacher. & when he finally makes it to DC, they don't even have the decency to kill him; the monster (which you don't know at the time) is already dieing but how ... who knows & of course it has the ultimate sappy ending... everybody else on the planet is dead or dieing but his family & a handful of stragglers survive. Imagine that! This will be the movie that C Thomas Howell will go to his grave regretting he ever starred in. It probably gives him nightmares.",negative
"""Welcome to Collingwood"" offers some of the most hilarious dialog in recent memory. Watching this comedy directed by the brothers Anthony and Joe Russo reminded us of maybe another film we had seen in the past, but since we missed the opening credits, we had to wait until the end to discover that what we were reminded of, was the 1958 Italian film ""Big Deal on Madonna Street"", directed by Mario Monicelli.<br /><br />The Russo brothers put together a magnificent cast to portray all the characters in the film. Anything with William H. Macy, Luis Guzman, Sam Rockwell, Patricia Clarkson, the late Michael Jeter, in it, can't be bad. Since this is an ensemble piece all characters get an opportunity in which to shine.<br /><br />The film presents us a group of inane would-be safe crackers from hell. No one could think these men could carry on a job like the one they undertake. Whatever could go wrong, and more, is what they succeed in doing. George Clooney makes a small appearance as the master safe cracker who is also seen impersonating a rabbi, only to be confused with a priest by the gang members coming out of Cossimo's funeral.<br /><br />The best way to enjoy the movie is to sit back and relax, and let all these small time crooks do their thing. Let their funny lines make you laugh, as anyone can see this gang is doomed from beginning to end!",positive
"This film is a very funny film. The violence is bad, the acting is...Well Dani, stick to singing or screaming or whatever the hell it is you usually do. The random chicks wearing hardly anything is just to catch sexually-frustrated goth lads in. Personally, i think this movie really does suck. The story and characters COULD be very good, if say the directing, the actors and other little nibby things were made better. But the film is just bad, the only reason why people like this piece of crap is because it has Danni in it. This film is possibly the worst B-rate film ever. And, believe me that's hard to achieve, especially when you're competing with Def by Temptation and over crappy excuses for ""serious"" horror movies. I'm not a CoF fan, and so i just see this as another rubbish movie...A really bad one. If Dani made this as a comedy then, good going him. Very well done. Over than that though, i rate it low, for it's crappiness. Watch it when you're in a happy, happy, joy, joy mode so you can laugh at everything or if you're high on multiple different types of drugs.",negative
"I had never heard of Robert Roy MacGregor before ""Rob Roy"" came out, but the movie is definitely worth seeing. Playing the title character, Liam Neeson brings the same spirit to the role that he brought to Oskar Schindler, and Jessica Lange also does a really good job as his wife Mary. Archibald Cunningham (Tim Roth) is one person very likely to make your skin crawl.<br /><br />All in all, this comes out as good as ""Braveheart"" (maybe even better). I laugh when I think of how Hollywood released two movies almost back-to-back taking a swipe at England. Very good. Also starring John Hurt, Eric Stoltz, Brian Cox and Jason Flemyng.",positive
"This is one of the worst movies I've seen in my life. If you're looking for a nice theatrical effect, skip it and watch something else.<br /><br />But if you're looking for camp-value, this is it. Here's my advice: Gather a few sarcastic friends and watch the movie strictly for the purpose of making fun of it.",negative
"It may interest people to know that this film was made without any recourse to Phoolan Devi herself and, when she did finally see parts of it, was so enraged that she announced that the film was not to be shown in India or she would cover herself in petrol and set fire to herself. I do not know whether it was shown at all or not, but given her standing at the time as a rising politician, I doubt it. Since then, I saw a report that she has been ousted from office and charged with further crimes from her Dacoit days, and has gone into hiding as a result.<br /><br />Her own concerns aside, this is an excellent film, made all the more so by its refreshingly brutal approach; none of the rose-tinted melodrama one might expect from a typical indian film. It should be stressed that concerns about how feminist the film's messages really are and the like are essentially irrelevant: it's a true story. Her misgivings are, it seems, not with what is depicted but with the way in which the film depicts her.",positive
"I came to NEW PORT SOUTH expecting a surrogate movie about the Columbine school massacre similar to Gus Van Sant's ELEPHANT and certainly the synopsis in the TV guide stating that a student sociopath rebels against the system did give me that impression but this is a very boring movie where little happens so consider yourself warned <br /><br />The story is about Maddox , a Chicago high school student who decides to strike back at what he perceives to be an authoritarian regime . The major problem is that the character is underwritten and the actor who plays him Blake Shields is unable to embellish any script deficiencies . You have the gut feeling that Maddox should have the evil charisma of Hitler , Saddam or Bin Laden but he never comes across as anything more than a petulant truculent teenager and it's impossible to believe he could rally any disciples . The subtext of you overthrow one manipulative authoritarian regime only to replace it with another manipulative regime is too obvious which means NEW PORT SOUTH is an entirely unconvincing drama that's not worth going out of your way to see",negative
"Nurse Betty was definitely one of the most creative movies that's been released lately. It was funny, but it also had many touching moments. Zellwegger, Freeman, Rock, Kinnear, & the rest of the cast made their incredibly weird characters seem real. The story took such twist & turns that made it incredibly enjoyable to watch. If you're sick of the recent formula movies, see Nurse Betty for something completely different. Go see this movie in the theater or at least rent it when it comes out!",positive
"it was a very well written movie, and the actors had a very exquisite way of portraying all the character. but as the movie came to an end i felt as if there was more but they forgot to put it on the dvd. maybe they are planning on making a sequel...well even if they don't it's a good movie and a good rental, but even a better purchase.",positive
"From the writer of ""What Ever Happened to Baby Jane?"" and ""Hush .. Hush, Sweet Charlotte,"" this tail-end of the sixties horror cycle has some eerie and campy fun. Micheál Macliammóir does a Victor Buono-type bit, but too often the movie totters dangerously close to a bad musical ... there's a particularly awful children's recital about halfway through. Debbie taps, tangos and tricks up a lá Harlow, while Winters' religious fanatic has a lesbian edge to her. Agnes Moorehead checks in as an evangelist. Weaver has nothing to do - and even has to pay a gigolo to dance with Debbie.",positive
"Perhaps I'm just a simple person, but I prefer movies that somehow make me care about the people in them. I couldn't care less about anyone in this movie. This was supposed to be a comedy? Maybe the humor was too subtle for me (all the way down to the nano-level). The thing about it is, it missed on so many things. There were characters that could have been funny, but they weren't. There were characters that you could have liked, but you didn't. For instance, the guy who thought the Beatles ripped off his songs. There was so much potential there, but all he did was talk like a Beatle and complain about how they ripped him off. Haha. And the previous poster talked about the 'I am the Walrus' scene like it was special. What? He played 'I am the Walrus' on an old piano and sang out of tune. Is there an inside joke there? It sure stank at face value. This movie has the feel to me of a movie people say they like because it sounds 'intellectual' or 'hip' to say you like it, that you get the whole metaphysical art/garbage message the artist is expressing. If you want to be entertained, stay away.",negative
"This movie wasn't just bad - it was terrible. After I watched it, I actually felt the need to TAKE A SHOWER to get the filth off of me. There is running 'gag' with an elderly couple making out, it is not funny, but it is disgusting. The monster make up was cool, but that is all. The continuity errors alone will have you angry - at least I was. The editing is really poor.<br /><br />Almost anything else you could possibly do would be better than spending time watching this movie. Even if your group of friends are into 'bad movies' this one is exceptional in its ineptitude, I couldn't even bring myself to laugh at it. You have been warned.",negative
"The Elegant Documentary -<br /><br />Don't watch this movie ... if you're an egotistical know-all student of physics. This much less than one percent (miniscule fraction) of the population may find that this show just tells them what they have already learned and already know.<br /><br />Do watch this movie! - If you're one of the massive majority of people that fall into the greater than 99% of the population that does not study or already have a sound knowledge of the theories of physics including Relativity, Quantum, String and M-theory.<br /><br />What a brilliantly architected documentary. Starting with some helpful historical background you will be lead step by elegant step into a Universe of pure magic - and dimensions beyond. I have always had a huge appreciation of Mathematics. This movie can easily give you an insight into what an exquisitely beautiful language mathematics is without making you feel like you're about to fail the grade.<br /><br />The show is repetitive at times as the original format was a mini-series split over three shows. It therefore makes sense to give us polite little reminders of the principles being presented. I found this immensely helpful as it kept reminding me of the multitude of questions and possible answers that make up this amazing tapestry of our very existence.<br /><br />We are all (and everything around us) is vibrational-energy with a natural tendency towards harmony. This movie may blow your mind - or at least help you realize that the universe is far far bigger than that which we see around us (even with the Hubble Telescope) and far far smaller than the protons and neutrons within the atoms we learned about in high-school. M-theory holds many magnificent magnitudes of 'possibility'.<br /><br />It just seemed so appropriate that all of this elegance should by it's very nature move (by admission by the many brilliant scientists presenting) out of the realm of Science and into the realm of Philisophy.<br /><br />You do not have to be religious at all to feel like this movie brought you one step closer to God.<br /><br />Bravo Brian Greene. Well done indeed.<br /><br />P.S. If you're interested in feeling even more comfortable and at home in your place in the Universe and would like some more insight into the 'possibilities' Quantum mechanics blended with Spirituality (of all things) can bring then I highly recommend that you also watch ""What the Bleep!? - Down the Rabbit Hole"". Yes I know they make a few silly mistakes by suggesting a Shaman may not be able to see a boat if he hasn't seen one before (my eyes process light reflections just fine - I see things everyday that I've never seen before) and brain cells are cells in the body that actually don't divide. But if you can get over these little hurdles and put down the things you don't like and hang on to those that you do - there is a lot to like about this film.<br /><br />Then watch ""The Secret"" (2006 documentary about The Law of Attraction - search for IMDb title ""tt0846789""). This information just might change your life profoundly - forever. If you search deeper you might even find the Universe is talking to us with thought (if you'll listen) - and some are - and that is truly incredible. There is a modern day Jesus/Mohammad/Buddha (those, among others, that history suggests have communicated with the non-physical) alive today and she lives in Texas. I know some of you know what I'm talking about.<br /><br />I do not consider myself religious by any traditional definition but I have never felt more at home or as comfortable in the Universe as I do now.",positive
"All the folks who sit here and say that this movie's weak link is the Ramones would probably say that Amadeus was ok if not for that irritating harpsichordist. Rock and Roll High School was centered around the Ramones. How anyone can watch this and not get a kick out of Joey Ramone eating bean sprouts backstage in an attempt to keep him in performing condition is obviously a wet blanket square daddy-o. Ms Trogar, exploding white mice, the hall patrols...instant classics. Nevermind the Riff Randell character.<br /><br />If you don't like the Ramones then you don't know rock and roll and you don't deserve to watch a movie called ROCK AND ROLL High School.",positive
"Ironically, although he can do the ""splits"", Thomas is a complete stiff as an actor. <br /><br />This film is seared into my memory as one of the most side-splittingly cheesy and incompetent movies I have ever seen. As such, I'm actually rather fond of it. <br /><br />Still,the only reason this gets more than one star is that Thomas is great shape, and it's fun to see his tiny, muscular body performing various feats of gymnastic skill on the oddly shaped rocks and poles scattered about the East European country side (including the infamous ""pommel horse"" shaped well cap in the middle of a village square that Thomas uses to plant his feet in the faces of various insane villagers). But let the poor guy open his mouth and try to emote, and any illusion that he might have a film career is immediately dashed to bits. <br /><br />Thomas at least had the excuse that he wasn't really an actor. Everyone else in the film - actors, director, editor, camera guys, etc. is at least as bad, or even worse, and most of them are professionals. So Kurt doesn't come off quite as badly as you might think. <br /><br />I hope poor Kurt took the money and ran. If anyone ever asks him to perform in a martial arts film again, I'll bet that Thomas kicks the guy in the face.",negative
"Lolita is a rebel and she's going to share to our wide open eyes some little sex stories, between sci-fi and fantasy... Well, this Surrender Cinema production is not very good: very bad acting, horrifying music and a story line without any story and any line. BUT, the sex scenes are pretty well done, lot of lesbian scenes, and Jacqueline Lovell, as beautiful as in The Exotic House Of Wax, offer to us a very good final and very hot strip show. For Lovell's fans only.",negative
"Fame did something odd. It was not only a musical that was created originally for the screen (most are based off of Broadway musicals), but it spawned a TV series and a Broadway musical. Let me correct that sentence. Fame is not a musical. Musicals have song numbers in order to advance the plot or to show characters' feelings. The singing in this music is not used to do either; in fact, there's no use for it at all. People just randomly sing to fit in with the plot. And that's not the type of musical I know.<br /><br />The so-called plot of Fame has an onslaught of characters (who are all introduced at once-last time I saw that in a movie [Gosford Park] it had disastrous results) who audition for, and get into, New York High School for the Performing Arts. All of them are in for different reasons-i.e. acting, singing, etc. Quote-unquote drama unfolds as these middle-aged people pretending to be teenagers go through their four years.<br /><br />My largest complaint is that the high school is supposed to be selective. After all, it's a free college, and they can't let everyone in. So how is it that some people who are really bad get into the college? Obviously so that drama could ensue between all of these different people. And why is the person top billed not even in the movie until near the end, for no reason at all, except to make us feel uncomfortable? There's many unsettling situations that these untalented people get into, yet you can't feel bad for them because you don't know who they are! These relationships occur between people whose names you don't know. And these characters realize things about themselves throughout the course of the movie, yet you don't realize that, because you don't know what they were like in the first place.<br /><br />As for the singing, it pops in randomly (and is supposed to be humorous?) and does nothing. When the title song is sung, it's played in the middle of a street and before you can say Ferris Bueller everyone's in the middle of the street dancing wildly and off-beat to it. The song itself is fine, but the whole scene, like the whole movie, is unnecessary. Fame is an unpleasant movie, to say the least. I would say more, but most of the movie has thankfully gone out of my head. Just don't see it. You'll be doing yourself a favor.<br /><br />My rating: 2/10<br /><br />Rated R for language.",negative
"From a poorly contrived plot line that makes almost no sense to bad dialogue and disjointed scenes to the ultimate downer, bad acting (even Peter Falk can't find his way) ""Finding John Christmas"" is better left lost. Ms. Bertinelli's performance is without depth or emotion as are her co-stars, William Russ as brother Hank and David Cubitt as love interest Noah. Jennifer Pisana as Soccoro, the daughter of single dad Noah is almost unbearable to watch let alone listen to singing. But who can blame them with material like this. Michael J. Murray's script is juvenile at best. <br /><br />Each year at this time I search the TV guides and wait anxiously for some of the really classic Christmas and inspirational holiday films to appear on the small screen. Films like ""Miracle on 34th Street"", Ernst Lubitsch's delightful ""The shop around the corner"" and, of course the 1951 version of ""Scrooge"". There's Frank Capra's classics ""It's a wonderful life"" and ""Meet John Doe"". Hey, forget the classics. What about ""Home Alone"" or "" Home for the Holidays"" with Holly Hunter and a great performance by Robert Downey Jr.? <br /><br />My present to you is by way of advice. Your time would be better spent searching out these films than finding ""Finding John Christmas"". Merry Christmas!",negative
"Back in 1994 the Power Rangers had become a huge franchise and t.v. executives at the USA Network were hoping to get in on the action and came up with the Tattooed Teenage Alien Fighters from Beverly Hills, in which the evil Emporer Gorganus, who looks like he's wearing a home made Darth Vader costume, and his talking bird, that looks like a rubber dog chew toy, come to earth to invade it using giant monsters that look like rejects from a 1970's Godzilla film. Fortunately Nimbar an alien that looks like a giant piece of clear jello recruits four teenagers to defend the earth, Nimbar gives them each a tattoo of a different star constellation that allows them to transform into buffed up superheros who look like dancers from an eighties tech no music video, they could also combined into a giant knight. Forty episodes were made. The USA Network clearly did not have the money to try to adapt a show from Japan like Power Rangers did, and made up this show on their own using the budget of a 1950's scifi film. The fights scenes are generic, the special effects are poor, and some of the sets look like they could fall down. The actors pretty much realized how ridiculous the show was and pretty much ham it up and overact. I can only imagine their shock when the show was cancel led.",negative
"I expected this film to be a run-of-the-mill 1930's romance. Boy meets girl, they fall in love, boy loses girl, boy wins her back in the end. It wasn't like that at all. Clark Gable plays con artist Eddie with all his usual charisma and mischievous eyebrow raising. He is hiding out from the cops when he bursts into Ruby (Jean Harlow)'s apartment, to find her covered in bubbles in the bathtub, no less. Instant chemistry.She plays hard to get for a while, but a girl can only resist that grin for so long. The heat between them is evident, and there are some scenes that are definitely pre-production code! When a blackmail job goes bad and Ruby ends up in a boarding house for ""troubled girls"", she is miserable and, thanks to the ragging her roommate gives her, begins to believe that Eddie will never come for her. Harlow plays the hard-nosed, fast talking Ruby perfectly. She never lets Gable get all the good lines! There is an especially moving scene with her playing ""their song"" on the piano that is acted perfectly. The last fifteen minutes have me crying every time. A truly sweet romance.",positive
"Gary Cooper and a marshal change identities, since they both agree Cooper would be more efficient facing the outlaws. What is remarkable in this film are the costumes, both the marshal´s and Steve Cochran´s who is the bad guy. Cochran wears his guns backwards, probably to be able to crossdraw. The film starts quite excitingly with a showdown with Wild Bill Hickok. Ruth Roman, looking very pretty is the marshal´s fiancee. There is plenty of action, never a dull moment, but you have to concentrate, because the story is a bit complicated. Good entertainment.",positive
"This, ""Prodigal Son"" and ""Eastern Condors"" are my favourite Sammo Hung films. The Fat Dragon is fatter in this outing than he was in ""Condors"", but he's no less sure-footed as director or actor. He is, in fact, at the top of his form and delivers a devastating, brutal actioner that boasts half a dozen amazing sequences and manages to tell a compassionate, sweet love story also. Love and romance are not the director's priorities here, but they serve as curious adjuncts to the action, and insure that viewers don't hit the fast-forward button between the physical clashes.<br /><br />The opening scene, which features a funny light sabre duel, sets a solid but deceptive tone. A sequence in which Sammo's pedicab is chased by a car is beautifully staged and sweetened with a sharp, comic tone. The fast and furious stick fight between Sammo and Lau Kar Leung is a model of dazzling choreography and sharp, superb direction, and easily one of the best ever of its type. The film's violence escalates slowly until, finally, when the climactic showdown comes, we are subjected to some of the most brutal altercations ever seen in a Sammo production. The director/actor's assault on Billy Chow and a house filled with angry, menacing opponents is a bone-cracking, physically punishing delight.<br /><br />Terrific on every level and one of the best martial arts movies ever made.<br /><br />Great score, too.",positive
"The worst movie I have ever seen. The sound quality was bad, the cutting of the scenes was even worse and above all it was not logic and it had no speed...<br /><br />I first tought: ""Oh No, I don't want the trail that proves that poor Patrick was an innocent killer"". But this turned out to be even worse. Typically in this American film you get a super-hint or no hints at all. I want very tiny small hints that direct you to the killer. The audience isn't involved. And now, when I don't get any hints at all, you can expect a several 's/he-is-the-killer' sweeps in the end. And that is not all. ah... This is hopeless, lets make an end to it...<br /><br />In one word: Disgusting..<br /><br />",negative
"Infamous for being ""brought to you by the digital effects team behind Independence Day,"" Coronado is even more of a spectacular failure just from being juxtaposed with ID4. This ridiculous mess of a film starts off with a brainless premise and goes completely downhill from there. A wealthy, soon to be married couple in Beverly Hills are the subjects of this idiotic story. Claire's fiancée has taken off on a business trip right around Christmas, so she decides to spontaneously fly to Switzerland so they can spend the holiday together. I especially love that her initial reason for wanting to go was because he had left some documents at home that she thought he might need. She grabbed them up and yelled after him while he drove away, concluding that her best bet would be to fly to the other side of the planet rather than call his cell phone. I refuse to believe that a couple living in such a cavernous mansion as theirs were unaware of the existence of mobile phones.<br /><br />So up until this point, the movie is unbelievably bad, but check this out, THIS is where it starts to get bad! She gets to Switzerland and when she can't find her husband she gets some cake and calls her friend to whine about how unfair it all is. This woman is not an action hero, and she is DEFINITELY not a German Indiana Jones, for crying out loud. She is an overgrown cheerleader, a pampered sorority girl whose outdoor experience is probably limited to digging her spike heels out of the ground when she gets tipsy enough to wander onto the lawn during a wine and cheese party out on the bluffs.<br /><br />She gets a tip that her fiancée is in South America, so she, like, totally flies there to get him. Once there, this moron thinks she's going to go into the jungle by herself, sniff out the enemy base and rescue her poor helpless boyfriend. She laughs off a comment about the danger of going in there, then freaks out later because she finds out that there are battles going on. ""You never said anything about battle!""<br /><br />There is one point where Claire and some journalist that she met up with drive this huge truck across a bridge that is hundreds of feet high and hundreds of feet across and suspended by two by fours. Literally. There are thousands of thin pieces of wood tied together with twine, and these morons decide to drive over it. Not only does it crumble under the weight of the truck, but Claire manages to fall off of it, falling hundreds of feet and landing on her back in the shallow river below. Later she recalls the event, laughing it off like, oh maybe it was only a hundred. At least she wasn't twirling gum on her fingers.<br /><br />What is truly sad about this catastrophically bad movie is that they even managed to coax a terribly performance out of the tremendously talented John Rhys-Davies, a REAL Indiana Jones veteran. There is a lot of nonsense about an uprising at the end of the film, where we meet an extremist rebel leader who, when we first meet him, has such a thick accent that he rolls his r's like he thinks he's in a Ruffles commercial, then later he talks like some guy they pulled off the streets of Venice Beach. Unbelievable.<br /><br />The special effects are negligible. The team that brought you Independence Day, by the very fact that they were involved with ID4, was simply going through the motions, throwing together some matted and blue screen shots, I have to believe because they just had nothing better to do. The story is astonishingly bad, and Kristin Dattilo, who many other IMDb users cite as the only reason to see the film, doesn't put the slightest effort into her performance. Maybe she thought the digital effects team behind Independence Day could superimpose some meaning into this mess.<br /><br />And given how far they've fallen, maybe they thought they could, too.<br /><br />They could at least have tried.",negative
"The Turner Classic Movie Channel has spent the month of January doing the films of one of my favorite actors, Robert Montgomery. His films are mostly rarely watched these days, except for those that were atypical for most of his career - meaning that the roles that frequently reappear on television are THEY WERE EXPENDABLE, THE LADY IN THE LAKE, JUNE BRIDE, NIGHT MUST FALL, THE SAXON CHARM, RIDE THE PINK HORSE, RAGE IN HEAVEN, THE EARL OF CHICAGO (in short the films he fought to get the roles in because they were not the usual comic fluff he usually appeared in). It's ironic that nowadays when one thinks of Montgomery's career it is the films that were mostly made after 1937 that are pushed - the ones that broke the original image that MGM and Louis B. Mayer pushed. The pity of this is that Montgomery was a gifted comedian, and saved many films from being routine.<br /><br />PETTICOAT FEVER is one such film. Made in 1936 with PICADILLY JIM and TROUBLE FOR TWO it was a banner year of good performances by Montgomery, and helped lead to his being able to convince the powers that be at MGM to allow him to play ""Danny"" in NIGHT MUST FALL the next year.<br /><br />PETTICOAT FEVER is set in Labrador, and Montgomery is a weather station operator there named Dascom Dinsmore. He has been living there for five years, and has not been in the company of a woman (except for Inuit women) for most of that time. He has a girlfriend of sorts named Clara (Winifred Shotter) who he sort of proposed to, but it's been two years since he has heard from her, so that he believes she has given up on him.<br /><br />Dinsmore's world is rocked when Sir James Felton and Irene Campton (Reginald Owen and Myrna Loy) show up. They were flying to Toronto for a business meeting that Felton was to address. Felton is engaged to Campton, but Dinsmore finds her enchanting...and gradually she finds him equally attractive. Certainly the pompous, self-important, and hopelessly inept Felton is no competition (it is a measure of Owen's acting that he keeps the character entertaining even if one finds it hard to believe such a boob is a Canadian captain of industry).<br /><br />There is something surreal about this film - probably due to the original play. While the ""Labrador"" scenery is quite phony looking it does serve it's purpose for the comedy (witness th polar bear sequence). But the height of the surrealism is the dinner Dinsmore serves his guests, a dinner of ""pemmican steaks"", which Owen eats with real gusto. Owen (a minor noble as a baronet) is dressed in normal clothing - a winter suit for the climate). But Montgomery is dressed in his suit of evening dress (as though attending a ball at the embassy). Loy, seeing him dress up, likewise puts on a gown. They are being served by Dinsmore's servant - assistant, the Inuit Kimo (Otto Yamaoka), who is wearing a suit of evening dress too - it turns out that it is Owen's! Owen, who earlier insisted that Dinsmore change into clothing more suitable to his station, is the only person who is improperly dressed for this dinner!! Montgomery was MGM's most elegant actor in a tuxedo or evening dress (Franchot Tone was the his closest rival). It is a toss-up in movie if Montgomery or Fred Astaire was the more elegant figure in such suits. Hard to decide.<br /><br />The course of love does not move smoothly in comedy or drama. Clara shows up (we are tipped off too early about this at the start of the film when we see her on an icebound ship). Will Dinsmore break with Clara? Will Irene break with Felton? The film is funny, and Loy and Montgomery make a nice couple. They had appeared together in one other film, and both were in separate scenes in a second, before this movie. But this would be their last film together.<br /><br />One last interesting point - at the start of the film when the credits are shown, you see illustrations of men and women in comic situations. They are based on the art work of John Held Jr., the great cartoonist/illustrator of the 1920s and 1930s - who was the recorder of the flapper and ""Jazz Age"". It's an unusual choice - as it has absolutely nothing to do with the film's plot or Labrador.",positive
"The orders fatal flaw-besides an asinine plot-is that the character's simply don't resonate or even react.<br /><br />Two examples: A priest, walking through a graveyard late at night, is suddenly attacked by ghostly spirits. After fighting them off, he calmly resumes his walk when his buddy come up. ""Anything wrong?"" His buddy asks, having seen the attack. ""Just some demonic spirits-nothing I couldn't handle."" No reaction, no surprise, just like he'd changed a tire. His buddy is equally unconcerned... must be standard priest training... [""And then you put the wafer into their mouths. Any questions? Ok, moving on, Demon Spirit attacks...""]<br /><br />Example two: At one point the priests need an answer to a question, and only a demon (or something, who cared by now) could provide it. How? Why, you have to ask a dying man! So the demon has some random person hung in front of the two priests so they can ask their question to the thrashing, gasping man. ""Hey, don't kill him!"" or maybe ""That's not nice!"" would have been more realistic then their response. They never ask that they let the man go or stop-in fact, the closest to reacting they get is mild annoyance. They ask their question and go.<br /><br />I had to shut it off at that point-my brain was starting to atrophy.<br /><br />Avoid<br /><br />* / **** (one star out of four)<br /><br />",negative
"The perfect murder is foiled when a wife(played by Mary Ellen Trainor, once the wife to director Robert Zemeckis, who helmed this episode), who murders her husband with a poker, has the misfortune of receiving a visitor as she is about to move the body outside..an escaped insane madman dressed in a Santa Claus suit(played by a deviously hideous Larry Drake). She fends for her life while trying to find a way of hiding her husband's corpse. She decides to use an ax, once she downs the Santa killer who misses several chances to chop off the woman's head, to frame the killer for her husband's murder. Santa killer locks her in a closet and pursues the woman's daughter as she tries desperate to free herself to save the child.<br /><br />This episode of TALES FROM THE CRYPT just recycles tired material involving the old ""Santa kills"" theme while also adding the oft-used(add nauseum)woman-murders-her-husband-for-a-man-she's-been-cheating-with routine. It's essentially Trainor trying to find a way to avoid being caught with a dead body she kills while also keeping a safe distance from a maniac. There's nothing refreshing or new about this plot which pretty much goes through the motions. Not one of the show's highlights.",negative
"The Sopranos stands out as an airtight, dynamic exploration of American life, and how the American experience is shaped and defined by money. By setting the story in the milieu of the underworld, David Chase eliminates all barriers to a grunt, low to the ground and outright mean deconstruction of the post-modern era. <br /><br />Every character represents a facet of American industry. Tony Soprano exemplifies the beleaguered working stiff, torn between familial duty and a need to keep his ""business"" on an even keel. The convergence of these two things is the imperative that keeps the story moving forward. The characters of Christopher, Paulie, and Bobby reflect the loyal - but self-serving underlings present in every enterprise, who are trusted out of necessity rather than merit. With the character of Ralph, Joe Pantoliano essays a brilliant interpretation of the charismatic psychopath, a twisted businessman who's flourishes of violence are tragically outweighed by his stunning earning power. And Dominic Chianese is the ultimate symbol of the antiquated old-guard, which maintains power through established relationships and the need of the up- and-comers to deflect blame.<br /><br />Though abrasive and occasionally disturbing, The Sopranos has earned its place as the ultimate TV drama. <br /><br />PS A good companion piece to Chase's series would be The Shield, another violent drama that manages to make the ugliest of characters interesting.",positive
"I, like many this evening braved the frigid winter and long lines to see what I had anticipated to be one of the best movies of this year. However, I was left sadly wanting in many ways after the credits rolled. But to be fair, there were redeemable qualities (although very few). Let's start with what worked. First, the Lycans: on point in every way  from their terrifying physicality to their sheer ferocity. The action: sublimely visceral  when it did occur. Nighy/Victor and Sheen/Lucian: Perfect. Now, what did not (and there is plenty). This was less a movie and more a collage of sequences (and do not expect to see any supporting characters from the other movies except Raze and Tannis). Profoundly missing was a well written storyline and anything of real substance to bring these pieces of film together. The story seemed to start right in the middle  at the cusp where Lucian had made up his mind to rebel. Therefore, there was no context; no tension; no sense of betrayal  the devices needed to make everything else work. Moreover, it ended at where the climax should have begun (which needed to be after the feud had simmered for a bit). Oh and it was way too short. Purist will also find offense in some liberties taken to certain facts previously revealed in the first two moviesbut judge that for yourself. In the end, this movie lingered to long on what should have been brief ""background"" scenes (e.g. various council scenes), and as a consequence we never really got to know or care about the principal players...or the movie (ouch). -D",negative
"Sure, it seems like there is only about 17 minutes of actual content in each episode, but it is certainly fun to watch. You might find yourself cringing in your chair as buddy sticks his foot in his mouth and gets shot down, or chuckling and shaking your head when some ridiculous line actually works. The panel of hosts have more of a good-natured, friendly (dare I say Canadian) style of commentary compared with cutthroat US reality programming. I think the people who complain about this show don't get the joke. They are taking the show more seriously than the show takes itself. Keys to the VIP is a great caricature of reality shows, sports TV culture, and the club scene. I hope they do another season, and I'd be interested to see if a US version appears. It's certainly a fun, original premise.",positive
"I saw this piece of garbage on AMC last night, and wonder how it could be considered in any way an American Movie Classic. It was awful in every way. How badly did Jack Lemmon, James Stewart and the rest of the cast need cash that they would even consider doing this movie?",negative
"...and even then, even they can live without seeing it. To be honest, this film (if one deigns to call it that) is of real interest only to bondage freaks. Bettie Page fans will learn absolutely nothing new (and I do mean *nothing*), nor will they enjoy the warm fuzzies of experiencing anything familiar, loved, or cherished.<br /><br />Nevermind the abysmal screenplay, the wooden, less-than-community-theater acting, the utter absence of direction, the crappy lighting, or any of the rest of the bargain basement production values. This is definitely ""Hey, kids, let's make a movie!"" movie-making of the lowest order. I suppose one could be thankful that at least they knew how to run the camera. No, I'm sorry to say that none of that is germane to why this thing is so outright *wrong*.<br /><br />It's wrong because the young lady playing Bettie Page, a somewhat zaftig girl whose only resemblance to the Queen of Curves is dark hair and the trademark bangs, utterly fails to bring anything to the role beyond a willingness to be bound and gagged. This is apparently a good thing for her film career before and since this wretched excess, but not for the wretched excess itself, which consists primarily of a number of lovingly re-enacted B&D set-pieces sandwiched between horrendously awful faux-biographical scenes delineating Ms. Page's fall from grace (so to speak). There's actually probably more information, per se, about Page's life in the opening and closing credits than the rest of the movie.<br /><br />Do not be fooled. This is not a worthy companion film to ""The Notorious Bettie Page."" This is not a worthy film at all. This is a fetish piece that trades on the allure of one of the greatest pin-ups of all time, and does it without class, without style, and without any real sense of understanding the character of Bettie Page whatsoever. No true Bettie Page fan will find it to be anything but a disappointment, I guarantee that.<br /><br />Avoid at all costs. If free, remember that time is money, too. Yours may not be worth much, but I'm betting it's worth enough that you'll be sorry you wasted time with this one. That's it, I'm done, you've been warned.",negative
"The Daily Mail's Christopher Tookey had some choice things to say about this film, among them ""watch it all the way through its 82 miserable minutes, and I guarantee you'll be shaking your head and asking: 'Have we really descended to this?' Yes, we have, for if ever a movie testified to the utter cynicism, tastelessness and moral corruption of those who commission and make British movies, it is this abomination"". Tookey continues ""aimed squarely at oafs with unwashed underwear, filthy minds and knuckles that graze the pavement when they walk, this sex comedy is so sordid, unfunny and malodorous that it is enough to put you off sex, and indeed films, for life"", before concluding ""Sex Lives of the Potato Men is not merely a truly vile film, it is symptomatic of a new national culture of instant self-gratification, yobbishness and sadism that is now being celebrated on screen"". Normally I don't listen too closely to the critics, but in this case, Tookey was bang on the money. This film goes beyond bad, indeed, it goes beyond being merely unfunny and enters some bizarre parallel universe where every painful minute drags on for an hour and where the definition of 'hilarious' seems to be 'saying tw*t in a Brummie accent'. It's depressing to anyone with half a brain who grew up with the Goodies, Monty Python, Spitting Image, Not the Nine O'Clock News and Fawlty Towers.<br /><br />Ideally, Sex Lives Of the Potato Men would have quietly vanished after its cinema release and joined the equally dire Vix spin-off The Fat Slags (2004) and the ill-starred All Saints vehicle Honest (2000) in the celluloid graveyard, but as it seems destined for endless late night schedule-filling screenings and misguided ""best film EVER!"" raves from people who should know better, so I must apologise in advance for trying to right a wrong that the British film industry, in all its wisdom, has inflicted onto an undeserving world. Yes, I really am sorry to bring this one back from the celluloid dead, but I actually remember thinking ""It can't be as bad as the critics said it was""...but, as God is my witness, it was WORSE.<br /><br />Acting - dire from start to finish, special mention to Mackenzie 'Albert Steptoe's legs on a young man's body' Crook.<br /><br />Soundtrack - cut and paste 'ladrock', mostly ska-based lager-lout-friendly pub jukebox piffle which brought back horrible memories of seeing those chirpy cockernee doin' the Lambeth Walk to a watered-down imitation of the Specials knob-shiners Madness on every single comedy / variety programme in the eighties...and 'Ace Of Spades' by Motorhead as the title music? What the hell...trying to evoke memories of one of the most genuinely exciting scenes ever offered by The Young Ones, indeed, ever offered by ANY comedy show?! Cheap shot, way below the belt.<br /><br />Script - written by a 12 year old who's just read every single back issue of Smut and Zit in one long Red Bull-fuelled session...SURELY? C'mon, no real, proper, worldly, grown-up person could possibly set this kind of retarded hogwash on paper? And Mark Gatiss was in it...Mark Gatiss...the least annoying member of the League of Gentlemen and Goodies fan taking part in such a towering heap of fly-blown cinematic excrement? 'One of the brightest British comedy stars'? Not any more he's not! On the subject of League Of Gentlemen, somebody give me a pair of lead-lined diver's boots and Steve 'face like a collapsed rectum' Pemberton and a long weekend in a soundproofed room before I die...PLEASE...<br /><br />Cinema, British or otherwise, just doesn't come much worse than this. Kent Bateman's The Headless Eyes (1971) is a new-wave masterpiece compared to this repugnant smut.",negative
"Okay, so, someone, somewhere, a few years ago, thought it would be a good idea to make a 3D IMAX movie about some flies stowing away aboard the Apollo 11 and going to the moon. So they did. Someone, somewhere, was an idiot.<br /><br />I want to give the artists props for doing their homework on the hardware. As far as I can tell, the rockets and the launch hardware were bang on. The graphics in general were pretty good - the rocket launch gave me chills, like a good rocket launch always does (my Popular Mechanics flying-car gearhead blood still runs strong) and the 3D was pretty effective. The CG wasn't Pixar-quality, but it was generally good. The flies were kinda mediocre anthropomorphics, with some half-assed late-60s characters thrown in for colour (hippie flies, African-American flies with giant afros and black shades, etc.) and the maggots looked more like grubs with human baby heads (although they made suitably gross squelching noises).<br /><br />The scriptwriters certainly did not do their homework, relying on offensive and outdated clichés (60s gender politics including mostly-useless female characters, racial stereotypes, evil Russians, a fat fly who only wants to eat, grade-two level gross-out humour). In a movie aimed for IMAX, they blew a wonderful opportunity to sneak in some educational content about physics and space travel - they didn't get their physics right (zero-g in the Lunar Module during landing burn? PLEASE.) They couldn't even be bothered to read the original radio transcripts between Houston and the astronauts, all of which is in the public domain; instead they wrote their own dialogue, which sounds like crap.<br /><br />But we liked the maggots.<br /><br />So they get a point and a half for rockets and maggots. Uh, yay. 1.5/5.",negative
"It's amazing that actress P.J. Soles didn't become a big star after playing Riff Randall, #1 fan of the punk rock group the Ramones, in ""Rock 'n' Roll High School"". Soles is so exuberant, you don't mind she's obviously too old to still be in high school (that fact is leveled out by having all the kids look 24). The movie is a fast-paced frolic that doesn't cop-out; everything gets blown to smithereens at the end, and that's just as it should be. Mary Woronov, an innately kinky and funny presence as the Nazi-like principal, gets a great, one-of-a-kind bit at the beginning where Frisbees fly dangerously close to her head (how many takes did they use on that, or was it a fluke?) and Dey Young is very appealing as Soles' best, Kate Rambeau. The weakest link, ironically enough, in this ""High School"" chain-gang is the Ramones. They can't act, they're not funny, and their concert segment goes on too long. One Ramones song, ""I Want You Around"", is treated as a fantasy and is well captured; other incidental songs are good, particularly a rare Paul McCartney ballad heard near the beginning (""Did We Meet Somewhere Before?""). Great fun! *** from ****",positive
"Ripping this movie apart is like shooting fish in a barrel. It's too easy. So I'm going to challenge myself to acknowledge the positive aspects of Little Man. First, I'm impressed with the special effects. It really did look like Marlon Wayans' head was attached to the body of a little person. I never doubted it for a minute.<br /><br />Secondly, I loved some of the unexpected cameos. David Alan Grier played an annoying restaurant singer, and his renditions of ""Havin' My Baby"" and ""Movin' On Up"" were priceless. John Witherspoon, who, coincidentally, played Grier's father in 1992's Boomerang (if you remember, he ""coordinated"" the mushroom belt with the mushroom jacket) now plays Vanessa's father in Little Man. So that was fun.<br /><br />Beyond that, this movie is about as believable as White Chicks. How dumb is it when even the doctor can't tell that it's a 40-year-old man and not a baby? He's got a full set of teeth!!! How is it possible that no one seems to notice that it's not a baby? Little Man is so bad that there's a Rob Schneider cameo. And please, if you're stupid enough to waste $8 on this movie, at least do me a favor and DO NOT bring your children. This movie is way too sexual for small children (lots of jokes and innuendo about sex, going down, eating out, etc.), and I felt embarrassed for the parents who brought their kids to the screening I was forced to endure. If you insist on seeing an idiotic film, as least spare your children the pain and suffering.",negative
"As a Sci-fi movies fan I also like Alien. But Pitch Black is definitely better than Alien 3 and Alien: Resurrection. It maches well into Alien series. But it isn't alien, it's something else. OK, enough comparisons. This movie but me think: Why people are afraid of dark. You can't run away from dark. It's impossible. You have to be faced with darkness and with that, what's in dark. In this movie I also liked that the Vin Diesel character Richard B. Riddick wasn't typical good-boy. He had a secrets and he has done bad things in the past. To the other people he is a hero who tries to save them all. First of all he want to get out of that planet himself. There is also other metaphors in this story. Every big sci-fi fan should see this picture.",positive
"During the 1990's, several attempts have been made to revive old Matsumoto's series. Yoshinobu Nishizaki tried to revive old Yamato saga in form of a laughably bad ""Yamato 2520"", which was completely abandoned after mere two episodes. Captain Harlock suffered a confusing and pointless ""Harlock Saga"", while Galaxy Express 999 suffered having this hack of a movie stapled to its name.<br /><br />If you've seen ""Queen Millennia"", you'll recall that it was a wonderful movie in its own way. Maetel Legend tries to tell a sequel to this already concluded chapter, also finding a way to suck at doing so.<br /><br />This movie takes all the annoying aspects of a generic pulp science fiction movie, mixes it with badly paced melodrama, and to add an insult to an injury, tosses in some of the most renowned characters from Matsumoto's universe.<br /><br />The only redeeming aspect of this movie is good artwork, but the remainder is so amazingly bad that it can't save this movie from being a total loss.<br /><br />If you've enjoyed Queen Millennia or Galaxy Express, do yourself a favor and skip this hack of a movie. You'll thank me.",negative
This movie feels so EMPTY. IN every scene in the movie the maximum number of actors on the screen is like 10. Because everything was shot in front of a blue screen there are never really any extras and the movie just feels weird.<br /><br />The ACTING was HORRIBLE! It's so obvious this was in front of a blue screen because all of the action scenes you can see the actor/actress wondering around half running when they should be running for their lives.. Looking at the floor for their marks...<br /><br />Spoilers: Also you'll find yourself banging your head watching the movie. At one point at Sky Captain's home base they have like 100 planes sitting on the airstrip. They have advanced warning an attack is coming... So what do they do? nothing. All of the planes get blown up and yet again the ONLY person fighting back is the Sky Captain...<br /><br />THE ENTIRE world is under attack and he's the ONLY person ever fighting back. At the very end of the movie you see hundreds of plains taking off finally... but what do they do? Nothing... the movie is over...,negative
"This film is about the worst I have seen in a very long time. Terence Stamp's talent is totally wasted and just about the only thing that I enjoyed was hearing a favorite song of mine, ""If I Had a Million Dollars"" by BNL, in the opening credits.<br /><br />Ashton Kutcher plays the main character, a nice guy who gets roped into house sitting for his boss. Misadventures ensue. Blah blah blah. If you have time to kill and having nothing better to do, then this is the movie for you. Otherwise, watch something else.<br /><br />There are not necessarily any redeeming moments, but it is nice to see Molly Shannon and Jeffrey Tambor on the screen. They are always pleasures to watch though this film managed to dampen even these bright spots.",negative
"This movie actually hurts to watch. Not only did I not laugh once, I ended up getting a serious headache. At times, I felt so sorry for the actors involved. The best way to sum it up is to note that among sex comedies, it is probably the least funny and least sexy of all time. I'm only sorry I can't give it a vote of less than one. To give this a rating of one is an insult to every movie that scores two or better.<br /><br />Now I see that they're filming a sequel. Hearing that someone is actually paying these people to make another movie convinces me that there's just too much money in Hollywood. RAISE THEIR TAXES!!! Making a sequel to this movie may very well constitute a crime against humanity; perhaps an international tribunal should be convened, or U.N. sanctions applied to the filmmakers.<br /><br />In short, it's a really bad movie. Really, really.",negative
"Trapped: buried alive brings us to a resort that has just opened, and is soon to close.<br /><br />We start with a guy in gear blowing up drifts, to avoid the possibility of avalanches. somehow, that doesn't make sense. anyways, he's about to blow away one particularly big one, when he notices the resort is open. despite his best efforts, higher authority tells him his day is over.<br /><br />soon, as everyone expects, an avalanche hits.<br /><br />Look, i'm not gonna reveal any more, all i can say is this was a B-movie designed for the family channel (which i just saw it on, and the fact it had no commercials proves it's a B-movie) anyways, it's a pretty decent film, but it's partially unreal.<br /><br />firsthand, when people are buried by ice and snow, they're buried. not just traced by powder. or, what about a CD for a screwdriver? it's not possible. and finally, what i can't stress enough, is that an explosion cannot stop a avalanche, guaranteed.<br /><br />furthermore, it's worth a rental or a TV viewing, but not owning. 7/10.<br /><br />The movie is rated PG, but maybe it should have received something a little more strong. a boy nearly loses his foot in an elevator, but his leg is cut around the ankle, a guy is toasted by electricity and diesel, and in the weight room, dead people are laying around.<br /><br />enjoy.",positive
I thought this movie was great! I saw this when it came out in the theaters so I do not remember all the details. I remember it being based on Homer's tale on Odysseus. Names places and events are changed but you can still see the resemblance to the tale. <br /><br />I found it funny how they would get themselves into trouble and how they would get themselves out of it. I really enjoyed this version of modernized old tales much better than the Romeo and Juliet with Clair Danes.<br /><br />I will agree that in some parts of the tale it does get a little to silly at times but all in all it is a great adventure with some big name actors.,positive
"Lock Up Your Daughters is one of the best high-spirited comedies I have ever seen.<br /><br />It is misunderstood since it lacks the ""social commentary"" values that many films of the day (1969) required to be successful.<br /><br />The characters are over-the-top satires of everyday people and played to that purpose by all of the actors.<br /><br />Christopher Plummer shines especially bright as Lord Foppington, a noble with hair too big to fit in the door.<br /><br />The plot involves the usual 18th century stuff; mistaken identities, thwarted romances, corrupt government officials, and jokes at every turn.<br /><br />It answers the questions: What happens when 4 rambunctious, eager to party sailors are on leave in a small British coastal town? And, who do they get involved with and how does it all turn out?<br /><br />Despite doing poorly at the box office, it has great costumes, excellent music(based on the Mermaid Theatre musical of the same name), great,lively acting and sets that are obviously authentic.<br /><br />That it has never been released on either VHS or DVD is truly a shame, since so many bad movies are released every day.",positive
"What a bad movie, the premise was all there, the actors were all there. And yet a believable plot, good dialogue, characters to relate to were somewhat missing.<br /><br />Typical heist gone wrong premise set against a backdrop of everyman being shafted by the system. The lead character Tye and his little brother have been having no luck and their house is going to be repossessed, along comes godfather Matt Dillon (Who does not look much older than Tye so not exactly sure how that happened)to the rescue with a plan to steal money from an armoured van which they work on as security guards. Tye has a brief flirtation with a conscience but decides to go along with it. And thus begins a truly awful hole ridden 30 minutes of unbelievable trash. I will not list all the ways in which this movie was unrealistic but let me point out the major ones:<br /><br />Because of Tye deciding to be a good guy because a homeless guy became collateral damage, all of his close friends including his godfather die. His godfather who is supposedly family and the man who brought him into the caper at the last minute to help him out dies because of Tye. Tye in the process of thwarting his friends and godfather destroys all the money. The money came from the same bank that was repossessing his house. And yet he chose it over the supposed family of Matt Dillon.<br /><br />There are many more, needless to say that this film was tripe and I earnestly hope nobody else goes to see it.",negative
"The Muppet Movie <br /><br />directed by <br /><br />James Frawley<br /><br />Kermit the Frog and friends relive the tales and stories of how they all came together.<br /><br />The Muppets star in their first feature film, bringing the magic they are known for to a bigger picture. The story is not too complex and is written as a prequel of sorts. The well written jokes appear as each character gets a worthy introduction. The cameos aren't just thrown in either, but written in as interesting characters, making one of the many peaks for our furry friends.",positive
"Given how corny these movies are, you gotta figure that they must have had fun making them. The movie focuses on a house that strangely accommodates whomever lives there. The inhabitants were: author Charles Hillyer (Denholm Elliott (with hair!)), who gets haunted by one of his own creations; Philip Grayson (Peter Cushing), who gets a little too close to a wax statue; John Reid (Christopher Lee), whose daughter's cuteness is apparently a facade; and actor Paul Henderson (Jon Pertwee), on the verge of getting a little too much into character.<br /><br />""The House That Dripped Blood"" is actually worth seeing (well duh; it stars Peter Cushing and Christopher Lee). Aside from just being neat, there might be some undertones: it might be calling into question the issue of real horror vs. assumed horror. Like in ""The Shining"", we might ask whether the house/hotel itself holds some memory of past events. And if absolutely nothing else, Ingrid Pitt (as Paul's co-star) is HOT HOT HOT! Around the time that this came out, she also starred in ""Countess Dracula"" and ""The Vampire Lovers"" (also with Peter Cushing). Maybe she - like Barbara Steele - will remain known only as a scream queen, but mark my words: SHE IS A HOT SCREAM QUEEN! I'd like to see Ingrid Pitt and Barbara Steele co-star in something.<br /><br />I guess that the only weird scene (so to speak) is where Denholm Elliott is wearing a pink shirt and fluffy jacket. You read that right. What kind of a name is ""Denholm"" anyway? Oh well. A very cool movie.",positive
"I have a deep liking for this film despite it appearing deliberately less 'polished' than the other Fred and Ginger films, not to mention the slightly problematic casting of Harriet Hillard in the lead romantic role. <br /><br />Once again with these films, the plot is of a minor consequence - Astaire plays a rather unlikely sailor (who happens to be a brilliant former hoofer (of course!)) and Rogers an aspiring performer in a seedy dime-a-dance music hall. Although their relationship is bright and fun to watch, they are bogged down by an un-involving main story of Hilliard and Randolph Scott not succeeding in finding any chemistry between them. <br /><br />Although it was a last minute decision, Hilliard was rather miscast in this as she doesn't have the screen presence to give this film what it needs despite being sweet and likable throughout. The film may have benefited in promoting Lucille Ball's wise-cracking worldy brassy character to a larger role as she simply shined in every small scene, and would have made a great Helen Broderick-type side-kick to Rogers in this kind of bright film (See 'Stage Door', made the following year, for an example of wonderful scenes between these two fantastic actresses). That Scott's one-dimensional Neanderthal character eventually falls in love with Hilliard's is even harder to believe than Astaire being in the Navy! <br /><br />Now onto the important part, the singing and dancing: Nothing more can be said about ""Let's Face the Music and Dance"" other than it is brilliant and moving and perfectly executed and I often finish watching that scene with tears in my eyes. However other songs in the film deserve some recognition as well; ""I'm putting all my Eggs in One Basket"" is a lovely example of the comedic instincts of Astaire and Rogers, and almost pokes fun at their reputation of bursting into spontaneous, perfectly synchronized dancing. Other highlights are ""I'd Rather Lead the Band"" and ""Let Yourself Go"" which show how these two talents could perform as brilliantly alone as together. I nearly forgot to mention that this is one of the few (if not the only) time we see Astaire brilliantly play on the piano; It seems this man's talents were endless!<br /><br />Overall, I actually prefer this to 'Top Hat' and 'Swing Time' (although only just), as it is more earthy and performed so enthusiastically by all involved, it is hard to dislike the fun factor.",positive
"This movie makes me want to throw up every time I see it. If you take the first movie, and reverse the plot (ariel wants to leave the sea, her daughter wants to go to the sea), take the same characters and give them new animals and new names, and then throw in crappy animation and the biggest suck factor, possible, you get the little mermaid 2. Its basically a copy of the first movie with a reversed plot. I'll take you through the horror of it step by step. These are the people from the 1st movie: First of all, Prince Eric is still prince eric, with about 3 lines in the whole movie. Ariel is uptight, annoying, and is not the carefree, headstrong spirit we saw in the 1st. In fact, she is the exact opposite. Sebastian is still sebastian only less cute, less convincing as being stressed out, and the jokes just aren't funny anymore. Flounder has about 2 lines. He now has kids and he talks with a dumb nasal voice. Scuttle is still dumb scuttle only not funny. King Triton's character is probably the best, he still retains the intimidation and love for his daughter, Melody. Ariel and Prince Eric appear not to give a hoot about their daughter. <br /><br />Like i said, all they did was use the characters from the first movie and copy them. This is what they did: Ursula- The new evil villain is Morgana, Ursula's sister who feels like she always lived in Ursula's shadow. I wouldn't be scared of her if she showed up at my doorway with a knife. She can't do anything right and she's a failure as a villain. She has the same voice ursula did. Sebastian & Flounder - Have been replaced by probably the most stupid sidekicks, Tip & Dash, a walrus and a penguin. They try to be hero's but always fail when trying. the plot is so predictable. They become heroes at the end. Yawn. Flatson& Jetsom- Now replaced by a shark who was turned about 10x smaller by triton. Hes really bad too. Morgana and the shark (sharkbait, I think was his name) have no chemistry, good or bad. Ariel-Ah, Ariel. Our lovely mermaid was replaced by her un-lovely daughter, melody. Melody cannot sing, her voice is about 2 octaves higher than it should be, and you want to punch her in the face because shes so fake sugary sweet. She wants to go to the sea, she is clumsy and the kids make fun of her, she has to go find herself. yawn.<br /><br />Not only is the movie boring and unoriginal its so simplistic when you watch this movie you will gasp at how bad it is. Certain parts of the movie make you want to call Disney up and demand why such a horrible movie was made as a sequel to such a wonderful original.<br /><br />Basically, comparing the little mermaid 2 to the little mermaid is like comparing and Ed Wood movie to Casablanca. Don't ever watch this, not even when your bored.",negative
"The previews were so funny that I couldn't wait to see this movie. I just got home and I have to say I couldn't have been more embarrassed at this movie. Yes there were times where the jokes were funny, but the stereotypical roles were painful. Joan Plowright is a fine actress but the scene with the ""negro spiritual"" was just in poor taste. Needless to say the laughs were few and far between in the movie house for a largely white crowd (I was one of a very small handful of blacks).",negative
"Istanbul is a big , crowded city between Europe and Asia.Too many types of people living together there for hundred years.In this documentary movie you can see how music can give description about the culture of the owner race.<br /><br />You would be able to hear too many types of music including rock , hip-hop , arabesque , alternative and more. Some of the musicians are famous in Turkey , some of them are famous also in Europe. The rest are just street musicians. Their music tell viewers , different faces of a city. <br /><br />Impressive !",positive
"This must be one of the worst movies I have ever seen. I was actually expecting a bad movie but I was caught by surprise believe it or not. The storyline is the traditional, all clichées are included.<br /><br />The dialogue is so poorly written that you actually laugh when the otherwise half-descent actors are trying to make it sound real. The photo is not too good, the music is so malplacée it actually made me angry, the actors are not even trying, altho the script makes it almost impossible you could expect more from people that have been acting for 30 years and the so called action scenes actually manage to lack the ""action"" itself.<br /><br />I dont understand why these types of bad movies keep on coming, who is financing this shit? Where is the screening ? And why on earth do actors take on this mission impossible script?<br /><br />There are a million hollywood-movies in this genre without even aspiration of reaching the theaters, but even them Straight To Video things actually manages to look professional in comparison.<br /><br />I can not say anything positive about this except the title which explains it all, I feel robbed of 2 hours of my life.",negative
"This adaption contains two parts: <br /><br />1. The ""now"" time, when Gulliver is at home in England and soon is put into a mental asylum by the Evil Dr. Bates <br /><br />2. The ""described"" time, in which Gulliver describes his travels.<br /><br />The times are interspersed with a very choppy tempo, which makes willing suspense of disbelief far more difficult than it would have been if the movie simply would have discarded that part, and followed the book as written. In the book, there is no Dr. Bates, no asylum, and Mrs Gulliver gets very little mention. The travels - in plural - are depicted as one in the movie. There are several movies covering the topic of sane people dumped into asylum by some nasty person out there, look at them if you want that stuff. The ""now"" time part adds absolutely nothing to the story's value, is a complete invention by the movie adapters, and takes valuable time from the real story. All the time when this was going on I was longing for the next bit of real travel to be shown.<br /><br />So much for the drawbacks. The parts which actually are part of the real story are well done, and the CGI is really well done for its time. Many small (and a few medium-sized) parts of the real travels are simply cut out, but that does not make the story halt. This is AFAIK the only version which depicts all four travels, and for that the movie should get special mention. <br /><br />The two interspersed parts get approximately equal time. I rate the first part 0 out of 10, and the actual travel coverage as 8/10. Averaging out, I give it a 4/10. If only they would have cut the rubbish and focused 99% on the actual travels, since that cut would have freed up a lot of time much better spent on filling in the details cut from the travels. <br /><br />Why some adapter think that he is gifted enough to improve upon Swift's work, I do not know. My best guess is that CGI was so costly back in 1996 so that the movie company felt a need to incorporate a lot of filler which did not need elaborate sets, GCI, etc. in order to keep total costs under some limit, while at the same time producing a mini-series which clocked in at some set number of minutes.",negative
"A family with dad Louis (Dale Midkiff), mom Rachel (Denise Crosby), 10 year old Eileen (Blaze Berdalh and about 3 year old Gage (Miko Hughes) move to this beautiful house in Maine--seemingly unaware of the semis that roar down the highway in front of their house every 90 seconds or so! The neighbor across the way (the wonderful Fred Gwynne) makes them feel at home...and shows them a pet cemetery where children bury their pets. But a little further on is a sacred ground which can bring the dead back to life...but the dead come back in a nasty mood.<br /><br />""""DEFINITE SPOILERS** The novel by Stephen King was good--it was long but it developed characters and situations that made you care what happened. This movie jettisons ALL the character development and just plays up the gore and violence. Animals are killed ON camera (I know it's faked but it's still repulsive); a little boy is hit by a semi and his casket pops open during the funeral (in a totally sick scene); he's brought back to life and attacks and kills people including his mom (I DO wonder how a 3 year old was able to hang her); a ghostly jogger (don't ask) tries to help the family for no reason...The movie just works the audience over shoving every gruesome death or violence into your face. It just goes out of its way to shock you. **END SPOILERS**<br /><br />Acting is no help. Midkiff is just dreadful as the father--he's handsome and buff but totally blank. Crosby isn't much better. The two kids are just annoying. Only Gwynne single-handedly saves this picture with his effortless good acting. <br /><br />This picture shows a total contempt for the audience taking large leaps in logic and having characters do incredibly stupid things (especially Midkiff at the end). This movie was (inexplicably) a huge box office hit in 1989 which led to the even worse sequel in 1992. I saw it in a theatre back then and was disturbed how the audience kept cheering on the violence and was just appalled by what I saw. A sick repulsive horror film. A 1 all the way.<br /><br />When you think it's all over and can't get worse the Ramones sing a title song!!!!!! (""I don't wanna be buried in a pet cemetery""). Truly beyond belief.",negative
"***Comments contain spoilers*** I was barely holding on to this show as appointment TV when they started the annoying music under EVERY SCENE, when Don Epps was averaging almost a shooting per case, when the very nasally Diane Farr was obviously pregnant (but we weren't to notice) and when Colby was a f*****g TRIPLE agent. But now, in tonight's episode,David is trapped with a paranoid, nut job who is an OBVIOUS amateur with a gun, in an elevator and....HE CAN'T DISARM HIM. A trained, experienced field agent who has been 1st through the door many times and is experienced in hand-to-hand fighting, CAN'T TAKE OUT A NUT JOB. Not when said nut job blinks, looks away, drops his head, closes his eyes; not even when he looks up at the fiber optic wire wriggling around the ceiling like a stripper on a pole for 20 seconds.<br /><br />Then the scene came that let me know that as much as I enjoy learning from the chubby, frumpish but very charming Charles Epps and his sexy sidekick/love interest Amita, my Friday nights will be better spent otherwise engaged. Don gives David the ""distress word"" that is the code for ""The s**t is about to go down""; David is ready, they kill the lights, drop the elevator, startle the nut job and......<br /><br />David CANNOT DISARM/KILL/BEAT INTO SUBMISSION THE NUT JOB. The bad guy ends up with BOTH GUNS, David ends up SHOT.<br /><br />I'm done. Hope the NUMB3RS are fun.",negative
"Ok, so it borrows a little from ""It's a Wonderful Life"", but that was 44 years prior to this film, so why not a new attempt. Belushi is having a rotten 35th birthday. He didn't get his Wheaties, his coffee, and has lost his job. The capper is when his self described ""big blue piece of sh**"" car breaks down at the end of the day. He heads into an empty bar to call for a tow. While waiting, he's recognized by the bartender (Caine) as the kid who lost the town's championship baseball game 20 years earlier. This gets him to thinking how life would've been if he had won the game. He finds out when, unbeknownst to him, Caine serves up a motion potion in a glass that gives him a mansion, the prom queen (Russo) as his wife, and makes him president of the sporting goods company he's been canned from. Caine later reveals himself as the one who's responsible for this change, but Belushi is not entirely on board. He never fully adjusts, and in a plot development that doesn't kill the movie but is still odd, he tries to court his wife (Hamilton) from his real life, who is now married to someone else. The good move is that they don't spend too much time on it, as basically they rip of ""Ghost"", with Belushi constantly telling Hamilton things only she could know. It also brings in a hokey dramatic element, as two of his lovers kevetch in the shadows, new wife Russo, and his unbalanced lover Cox. But the keys to the film are the somewhat lengthy beginning, and cheery end. Also good work from the big and recognizable cast, as Belushi is very likable, VERY attractive ladies chosen, and Caine is perfectly easy going as the title guy. Strange that this was Belushi's second film of 1990 dealing with him getting an alternative lifestyle of riches, which was found in ""Taking Care of Business"". Though similar, both films are on the same level of laughs provided. So check this out for a fun exploration of ""what if?""",positive
"Really, it's nothing much. I only recommend watching it if; 1.) You're a big fan of any of the main stars. 2.) If you really want to check out the first time Lucille Ball was seen with red hair.<br /><br />4 out of 10 stars",negative
"Set in the 1970s Los Angeles, Christopher Boyce has just dropped out of seminary school and returned back home were his father gets him a job where he monitors intelligence documents. His old friend Daulton Lee is a ratty cock drug-dealer, and gets caught in a set-up and must choose between becoming a narc or facing a long stint in prison. When up on bail, he jumps and heads to Mexico City. Chris offers Lee in a partnership to be his messenger to sell secret papers to the Soviet Union embassy in Mexico City, because of the disgrace he feels about the US Government's control over weaker countries to their own gain. But over time the two begin to clash with their motivations and find themselves in something bigger then they had originally intended.<br /><br />Director John Schlesinger has spun out such films like the respectable ""Midnight Cowboy"", ""Marathon Man"", ""Sunday Bloody Sunday"" and ""Day of The Locust"". While ""The Falcon and the Snowman"" might not be held up that high, there's no question that this sombre espionage drama (inspired by a true incident) is an unjustly overlooked character portrait. Everything about it, is quite a subdued affair with no real grandeur qualities hitting a massive mark. The driving factor of the film has got to be the admirably versatile lead performances of Timothy Hutton and Sean Penn as the two ambitious young lads Chris and Daulton. Penn is especially good with his uneasy intensity, which works well off Hutton's superbly cool-and-collected turn. What starts off as easy, we watch the situation gradually crumble, as the two amateurs find themselves really out of their league. The strongly detailed and symbolic (predatory behaviour) plot mainly centres on the pair's relationship and that of their reasoning's for their actions, which eventually shows us the knotty developments that led to their downfall. The plan opens up like a wound to never properly heal, due to Daulton's drug addiction, which really makes him go off the rails and leaves Chris to pick up all the slack. The searing political aspect is there, but it focus on the themes of idealism (Boyce) and greed (Lee) to get its point across. Both don't mix and results show. Suspense is justified through its stimulating pot-boiling script and character interactions then that of any visual gimmicks. Action is very little, but still there's a pressure induced style to Schlesinger's assured and realistically dark 'n' gritty direction. Pacing is mostly well handled, although some sequences do seem to wallow on for too long, but however it grips you as it plays on its authentically paranoid tone to slowly build up to an exploding tight latter end. Adeptly fleshed into the technical production is an airily harrowing music score and professionally poignant cinematography. The supporting cast are exceptionally fine with Pat Hingle, Lori Singer, David Suchet, Boris Leskin, Jerry Hardin and Joyce Van Patten. Also look out for Michael Ironside in a tiny part as a FBI agent.<br /><br />A mostly outstanding spy-film that benefits largely from talented lead performances and by not playing the usual stakes. It's more an emotional ride, then a complex one of twists. Recommended.",positive
"Christopher Nolan had his goals set on Following in a very narrow direction, and in that direction he pulled off something that reminded me of the kind of great little 'poverty-row' movies the likes of Ullmer directed back in the 40s. Only this time, he's able to implement touches of homage- things like black and white photography (a given due to the shoe-string budget but also essential to the dark crevices these characters inhabit) and casting of the actors (the John Doe lead, the slick male counterpart, and the beautiful-in-a-gritty way femme fatale)- while keeping it in the realm of the 90s underground indie where for several thousand dollars and specific choices in locations and music and such anything could be possible. That, and as well in the film-noir mood Nolan also puts together a cunning web of a plot, maybe even more so than Memento. Where the latter was a work of a psychology unfolding by way of a plot enriched by looking to the past inch by inch, here the non-linear structure serves the purpose of showing how far someone like Bill can go through as dark a path as Cobb, only in an environment where keeping on your toes is not for someone who's not really twisted and into the deeper mind games Cobb is.<br /><br />Of course, the whole act of following someone becomes the main thrust of the story, and going into it I wasn't even sure where it would lead, if it might be some kind of stream of consciousness ala Slacker where Nolan would lead his character along to one urban British person to another. But the establishment of the ties of Bill to Cobb are done in a quick and excellent way, as we see right when Cobb approaches Bill at the café to ask what he's doing following him tells almost all we need to know about both- that, and the first robbery he brings him along for. What seems to soon be a good score on the horizon is really all one big set-up by Cobb and his lady (just called 'The Blonde', maybe a too-obvious homage to noir, but why carp). But this is revealed in a way that actually truly had me guessing, as the manipulation of the narrative worked all the more to arouse questions not so much of why but of how. The density is brought out all the greater due to the actors understanding of their essential points as characters, with Alex Haw being brilliant as a true sociopath who can barely mask his 'deep' ideas about what it is to really take pleasure in a burglary, and Theobald with that demeanor of someone who can never be as smart as he is in what he really does, but is more intelligent in that naive way that stands no chance in the dank environment such as this; Russell almost makes it too easy, even with a face that would send Ana Savage shaking her head.<br /><br />Meanwhile, Nolan is also on the ball with his style as a cameraman, keeping nothing in that doesn't add to ambiance and suspense, with the fade-in/fade-outs not too quick to leave a lasting impression, but enough to add to the 'this-could-lead-anywhere' logic of the script. He follows it in hand-held form as if he knows where his limitations lie, and yet is fantastic at keeping the essentials: close-ups when need be (one I loved is Russell's face in a small mirror), and a fairly simple techno track that never detracts. Sometimes, as mentioned, the line between seeing something in 'present-day' and seeing something that is as everlasting as a solid pulp story of low-level criminals with mind-games and moral ambiguity is always never totally clear, which for me is practically irresistible in its dark way. Simply put, this is one of the great calling cards I've seen from a filmmaker in recent years, and should hopefully be something that future fans of Nolan's other work can look forward to to discovering. Or even to those who think that noir has gone to the rapid-editing and big-gun-firing dogs of the mainstream (even in independent films) it's a bright little 71 minutes.",positive
"Golden Boy is ecchi humor (bordering on hentai) in the guise of ""educational moments."" The main character, Kintaro, wanders around getting himself into the silliest situations involving women... It's just that he's shy on the surface but analyses everything until he can learn something from it. The most striking feature of the series are the circumstances surrounding his ""education"", which are outright embarrassing, yet funny at the same time.",positive
"This series got me into Deighton's writing and the genre when I was younger and I love this presentation of the story. I would however disagree with the above comment. From what I have read in the past, it is not Holm's performance that lead Deighton to refuse to have the series released but the butchering that all three books received in the translation to the screen. A great example of this is the rewrite of the boarder crossing that ended Samson's field career. The scene is not in the book, the character who dies in the minefield was never in any of the books and the crossing in Sinker was from East Germany to West Germany, not the Polish frontier. This whole storyline is cloth. The changes in Set similarly damage the integrity of the story. My perspective on Holm's performance was that he portrayed the disorientation of Samson during his wife's defection excellently and I believe comported himself well in portraying the aging field agent desperately trying to bridge the class divide. Samson both pays for his father's idealism and suffers due to its influence on his life. As Clevemore comments, had he gotten himself an education he would have probably been running the department. I think the true loss of performance is due to physical appearance more than anything. Holm is diminutive when compared to the Samson of the book - a physically impressive man capable of using his size to impose a presence.",positive
"I don't know the stars, or modern Chinese teenage music - but I do know a thoroughly entertaining movie when I see one.<br /><br />Kung Fu Dunk is pure Hollywood in its values - it's played for laughs, for love, and is a great blend of Kung Fu and basketball.<br /><br />Everybody looks like they had a lot of fun making this - the production values are excellent - and modern China looks glossier than Los Angeles here.<br /><br />The plot of the abandoned orphan who grows up in a kung fu school only to be kicked out and then discover superstardom as a basketball play (and love and more etc;) is great - this is fresh, fun, and immensely entertaining.<br /><br />With great action and good dialogue this is one simply to enjoy - for all ages - and for our money was one of the best family movies we're seen in a long time.<br /><br />Please ignore the negative reviews and give Dunk a chance - we were really glad we did - a GOOD sports comedy movie.",positive
"A young girl becomes a war-time marine's pen-pal, and when he visits at war's end expecting someone a bit more ""available,"" comic complications ensue. All ultimately works out well, naturally, but not before everyone involved has thoroughly chewed the scenery. Errol Flynn's dead-on impression of Humphrey Bogart from ""Casablanca"" is a highlight, as are various send-ups of his own swashbuckling image (the ""jumping"" scene in the kitchen with Forrest Tucker is a riot). It is Tucker, though, who ""tucks"" the movie under his arm, lowers his head and barrels over the goal line. He demonstrates the comic flair more fully developed twenty years later in ""F-Troop"" and imparts a liveliness and energy that Flynn repeatedly plays off to raise his own performance. Eleanor Parker does a fine job as the woman being pursued, and little Patti Brady charms as Tucker's actual pen-pal friend. A fine, lightweight ""coming home"" comedy in a genteel setting that children and romantics of all ages should find entertaining.",positive
"This Cecil B. DeMille epic of the old West contains what may be Jean Arthur's finest performance, as a hysterical, eccentric, incurably amoral, but devotedly doting Calamity Jane. She really pulled it off! Gary Cooper is at his most taciturn, but manages some occasional pithy sayings: 'The plains are big, but trails cross ... sometimes.' The story is a pastiche to end all pastiches. All the cowboy heroes of Western lore seem to be in there somehow except for Jesse James. Even Abraham Lincoln opens the story in person (or at least, DeMille would have us believe so). There is no room for anything so evanescent as subtlety, this is a 'stomp 'em in the face' tale for the masses. A remarkable thing about this film however is that it is a very early full frontal attack on what Eisenhower was eventually to name 'the military industrial complex'. It isn't just a story about gun-runners, but about arming anyone for money, and doing so from the heart of Washington. But let's not get into politics, let's leave that to DeMille, who can be guaranteed to be superficial. The chief interest of this film all these years later is that it uses the first film score composed by George Antheil, who has a lot to say about the job in his autobiography, 'Bad Boy of Music'. Antheil seems to have originated 'the big sound' adopted by all subsequent Westerns, whereby the plains sing out with the voices and sounds of countless cowboys in the sky, celebrating the open spaces and interweaving common melodies. That is why it does not sound at all unusual, because we have heard it a thousand times. But he seems to have been the first to summon up the combined rustlings of all the sage brush into this symphony of the open skies which has entered into American mythic lore, and given it a soundtrack which has never varied since then, corny as it may be, but doubtless appropriate. It is amusing to see Anthony Quinn in an early appearance as a Cheyenne Indian. Gabby Hayes is in there somewhere, but you miss him in the crowd. Gary Cooper overtops them all, looming large, - but when did he ever loom small?",positive
"""Welcome to Collinwood"" is kind of a disaster. Considering the people involved, it should've been multiple times better.<br /><br />Watching it, if you're at least somewhat attached to the faith that it'll get better, will probably make you cry. It's one of those movies that had potential, but was robbed of this potential thanks to a terrible script and some bad acting, not to mention the strangely annoying and unnecessary George Clooney character and the guy who reminds me of Richard Dreyfuss but about whom I care so little that I don't even want to know his name.<br /><br />The film's only saving grace is the weird con vocabulary it introduces. I found myself thinking of it time and time again as I watched more crime capers. This is the only reason I gave the film a 3. The plot is boring, the characters are neurotic, needlessly offensive, and highly unlikable. They are in a constant state of agonizing stress and they're all so irritating that I celebrated their obstacles. They yell at each other and swear crassly. The dialogue is insipid at best and insultingly stupid at its low points.<br /><br />I find that Steven ""Traffic"" Soderbergherabracadabrablahblah and George Clooney are to blame for this. They should be tried for war crimes, if anyone actually remembers this crap long enough to care.",negative
"This documentary on schlockmeister William Castle takes a few cheap shots at the naive '50s-'60s environment in which he did his most characteristic work--look at the funny, silly people with the ghost-glasses--but it's also affectionate and lively, with particularly bright commentary from John Waters, who was absolutely the target audience for such things at the time, and from Castle's daughter, who adored her dad and also is pretty perceptive about how he plied his craft. (We never find out what became of the other Castle offspring.) The movies were not very good, it makes clear, but his marketing of them was brilliant, and he appears to have been a sweet, hardworking family man. Fun people keep popping up, like ""Straight Jacket""'s Diane Baker, who looks great, and Anne Helm, whom she replaced at the instigation of star Joan Crawford. Darryl Hickman all but explodes into giggles at the happy memory of working with Castle on ""The Tingler,"" and there's enough footage to give us an idea of the level of Castle's talent--not very high, but very energetic. A pleasant look at a time when audiences were more easily pleased, and it does make you nostalgic for simpler movie-going days.",positive
"If I'm to like a movie, I need to care about the lead characters and what happens to them. In this waste-pod of a film, I found myself hoping that they would all die in the end. None of the characters are people that you'd ever want to meet, they all made me sick. If not for a few nude scenes, I would have given this wretched movie a 1.",negative
This movie was very good. I really enjoyed it. Tom McCamus' performance was excellent and very believable as the consumptive son Edmund. I also enjoyed the set design (house) and the costumes.,positive
"When I first saw this show, I thought it looked interesting. I watched it, saw how it revolved around Sarah, like the character sees the world...revolving around her. I got it, but wasn't laughing very much.<br /><br />Onstage and in her show, she's racist, crude, insensitive and hugely self-centered. I didn't get her at first, and took it all at face value. Then I got to see her movie, Jesus is Magic. I think that served as a Sarah Silverman primer for me, explaining to me just what 'language' she's speaking. She's like Marilyn Manson, working so hard to give us a faceful of horrible ideas and images, but you eventually realise it isn't an assault, it's a statement. And once you understand that, you find you're glad someone's finally giving it to you straight.<br /><br />I don't mean to suggest only smart people will understand, or that to hate this show is to prove your idiocy. While I like a lot of 'smart' shows, I still to this day do not see the humor of Curb Your Enthusiasm. I get the impression that it's good, but I just don't get it. Many people will never get the Sarah Silverman Program, but I'm glad I eventually came around.<br /><br />The creators of this show do work hard, every episode is loaded not just with dialogue and plot, but with songs, or dream sequences, production numbers. These people aren't putting together something to fill a time slot and please advertisers, they appear to be on a mission to make the best show they can put together. If I was to predict the future of this show, I'd say it will go the way of Arrested Development and Freaks & Geeks. It will get canceled before it's time and live on in fans' hearts and on DVD. But take heart, SSP creators, your audience IS out there, and we'll be watching for as long as they let you make the show.",positive
"Before I comment about this movie, you should realize that when I saw this movie, I expected the typical crap, horror, B-movie and just wanted to have fun. Jack Frost is one that not only delivers but is actually one of the best that I've seen in a long time. Scott McDonald is great as Jack Frost, in fact I think he has a future in being psychopaths in big time movies if ever given the chance. McDonald is a serial killer who becomes a snowman through some stupid accidental mix of ridiculous elements. As soon as that snowman starts moving around and killing people, though, you will find it hard not to laugh. The lines that are said are completely retarded but really funny. The fact that the rest of the cast completely over-acts just adds to stupidity of the film, but it's stupidity is it's genius. The scene where the snowman is with the teenage girl is truly classic in B-movie, horror film fashion. I truly hope there is a sequel and I'll be right there to watch it on whatever cable channel does it. Of course it's only fun to watch the first few times and it's not exactly a good work of motion picture technology, but I just like to see snowmen kill people. I gave it a 7 out of 10, this is a great movie for dates and couples in the late hours.",positive
"To begin with its a rip off of the Japanese film Battle Royal except it's missing the one thing that made BR unique, balls. It's a weak satire at best and as far as the real TV phenomena it attempts to comment on well everyone knows how warped and stupid that genre can be so why was this film made?",negative
"This is one really bad movie. I've racked my brain and I cannot come up with one positive comment to make. The acting is atrocious. I've seen more believable performances on cable access. The plot is ridiculous. Stolen diamonds, secret recordings of the President, and a shark that attacks anything that gets near it should have made for cheesy fun at the worst. Night of the Sharks isn't even so bad it's good. The dialogue sounds and is delivered as if it were written seconds before it's filmed. And to top it off, Night of the Sharks has the worst soundtrack I've ever heard. I'm surprised my ears didn't start bleeding from the 80s techno synthesized sounds that someone actually bothered to record.<br /><br />From everything I've read, the Italian film industry was dead by 1987. Night of the Sharks is like a final nail in the coffin.",negative
"IT IS A PIECE OF CRAP! not funny at all. during the whole movie nothing ever happens. i almost fell asleep, which in my case happens only if a movie is rally bad. (that is why it didn't get 1 (awful) out of 10 but 2).don't be fooled, like i was, by first review. a waste of money and your time! spend it on other stuff. at this point i'm finished with my review but i have to fill in at least ten lines of text so i will go on.... (ctrl+c, ctrl+v) :))) IT IS A PIECE OF CRAP! not funny at all. during the whole movie nothing ever happens. i almost fell asleep, which in my case happens only if a movie is rally bad. (that is why it didn't get 1 (awful) out of 10 but 2).don't be fooled, like i was, by first review. a waste of money and your time! spend it on other stuff. IT IS A PIECE OF CRAP! not funny at all. during the whole movie nothing ever happens. i almost fell asleep, which in my case happens only if a movie is rally bad. (that is why it didn't get 1 (awful) out of 10 but 2).don't be fooled, like i was, by first review. a waste of money and your time! spend it on other stuff.",negative
"This is an absolute great show. Jessica Alba, besides being the most beautiful women in the world, is a great actress. She does a great job of portraying Max, and I could never see anyone else doing that role. She is definitely one of a kind and absolutely gorgeous.",positive
"- A Mexican priest becomes a wrestler to save an orphanage or something -<br /><br />I went to see this movie because it was about non-WWF wrestling and so I thought it might be funny. It wasn't. It is excruciating to watch. Embarrassing. Any and every opportunity for comedy is mercilessly squandered. <br /><br />I admit I don't like Jack Black anyway. After this I have been racking my brain to think of one good role that he has performed. The only thing I can come up with where he was o.k. was as a necessary foil to the John Cusack character in 'High Fidelity'. Jack Black is one of those awful relentless flat-out ham-it-up knockabout guys (like the little fat one in Abbot & Costello or Jerry Lewis) who should be told that being overbearingly idiotic is not the same thing as being funny. <br /><br />It is not even slapstick. It's just irritating. It's not even stoopid, it's just stupid.<br /><br />I heard good things about Napoleon Dynamite too, but if this is anything to go by I wont be rushing out to find it on DVD.",negative
"Howard Brackett (Kevin Kline) is a teacher who is about to get married. Then, one of his former students wins an Oscar for a film in which he plays a gay soldier and thanks Howard in his acceptance speech, outing him as being gay too! This film follows the aftermath as reporters descend on Howard's village and he tries to convince everyone that he is straight.<br /><br />I love this movie! Kevin Kline is wonderful, it has some really hilarious moments and it always leaves me feeling great with an enormous grin on my face. Consequently, it's one film that I enjoy watching as often as possible. If you haven't seen it, you're missing out!",positive
"This movie is one of my all time favorites. Cary Grant, Victor McLaglen, and Douglas Fairbanks Jr...what a cast. Not to mention Sam Jaffe as Gunga Din. Drama, action, adventure and comedy all rolled up into one. The final battle scene still to this day gives me chills and the ending always leaves me in tears. If you haven't seen it, I'd strongly recommend it.",positive
"Don't waste your time or money on going to see or even renting it. It is by far the worst move I have ever seen. Its two hours (WAY too long) of your life you're never getting back. If you're looking to be scared, go see something else. We went with someone who still has nightmares about the Gremlins and she wasn't scared in the least.<br /><br />There are so many things that make this movie an incredibly poor attempt at making money. Now before I begin, let me say that I loved the first Grudge! However the second one is something of a different story. The plot is very in-depth and intricate. However in the end you are wondering ""what the heck was this or that all about."" The acting would be considered poor in a B list pornography film. I could site several examples but I don't want to spoil it for those that are glutens for punishment, but I can sum up two horrible hours in two simple words.... it's spreading.",negative
"It couldn't have come out at a worse time--just as the nation was entering the Reagan years, the boom-boom 80s, the time of no regrets, no concerns. It got no word of mouth, and opened poorly. The studio ditched it. But Hair is possibly the best musical ever made--with Forman directing and Tharpe choreographing, it's a startlingly beautiful, well-acted, well-written triumph that few people remember. The casting is perfect, the musical numbers unforgettable, and even the downer of an ending doesn't diminish the film's indomitable spirit.<br /><br />If you haven't see this movie, you haven't seen the best musical of all time. Seriously.",positive
"Me and a couple of friends went to rent some movies one day, we picked one each and one of us picked Ironheart. Lets just say that from now on, we never let him pick a movie. This movie sucks",negative
"There are good-bad movies and bad-bad-movies and enjoyably bad movies...this isn't one of them. This is a movie that doesn't realize just how bad it is.<br /><br />I saw this at a screening on November 14, 2006 at the New Beverly Theater in Los Angeles as part of the ""Grindhouse Cinema"" this theater puts on every month. Hopefully presenters Eric Caiden & co. will think twice before letting writer/director Lawrenece Foldes anywhere near them again. What a con man. The guy got up to speak before the film -- you would think he was Orson Welles talking about ""Touch of Evil"" or some other lost classic. Hardly. Nice of him to take up 20 minutes of the audiences' time with his incoherent rambling. <br /><br />""Young Warriors"" has been described as a cross between ""Animal House"" and ""Death Wish"" but if you are expecting something along the lines of imitations like ""Revenge of the Nerds"" or ""The Exterminator"" you will be in for one sad disappointment. The script makes zero sense. The direction is so poor the actors looked embarrassed and what can you say when the best thing about the movie is watching a car blow up?<br /><br />Poor Richard ""shaft"" Roundtree. In this movie he plays another character with the first name of ""John"" but that's about the only similarity his character here has to the aforementioned classic. I hope this film allowed him to pay the rent for another month. Other actors who look like they wished they could be anywhere else included Ernest Borgnine and Linda Day George. <br /><br />This is a complete waste of time. Even the audience did not seem that into it (except for the one spazz-boy sitting in the back who yelled ""whoa"" every five minutes and his girlfriend who giggled with the fervor of a lobotomized talking Barbie every time he opened his mouth).<br /><br />For real films about vigilantes, I would suggest the following:<br /><br />Death Wish I, II, III, Exterminator I, Vigilante Force, Ms. 45, Rolling Thunder, the No-Mercy Man (the latter two being a pair of films presented at this theater a couple of years ago -- probably the same budget as ""Young Warriors"" but both were a million times better!)",negative
"When I began watching The Muppets Take Manhattan, the choppy presentation and dialogue had me convinced I was watching something recent, so you can imagine my surprise when I came to the IMDb and read that it was made in 1984. Jim Henson may have ended The Muppet Show when it was at its peak, but spin offs like this and Muppet Babies (which apparently is based upon a very terrible sequence in this film) are the absolute nadir of all things Muppet. I used to wonder why Muppets attracted such derision from such film reviewers as Mr. Cranky, so I am glad that The Muppets Take Manhattan (henceforth: TMTM) set me straight on that one. Of course, many series have had a massive drop off in quality when the third episode came around: Aliens, RoboCop, The Evil Dead, even Night Of The Living Dead. So while it is no surprise that TMTM is less than The Muppet Movie or The Great Muppet Caper, the surprise lies entirely in how much less than the awesome debut or its slightly lesser follow-up TMTM is. Not only is the music far less satisfying, the scenes that link it all together are utterly terrible.<br /><br />There are, of course, some redeeming and genuinely funny moments, but they are few and far between. The Swedish Chef is great in any scene he inhabits, so thank the spirit of small mercies that he appears in one sequence where his eccentricity is exploited to the fullest. The problem is that there are just no scenes that work. The story, such as it is, revolves around a Broadway musical Kermit is attempting to get produced. He goes through many trials and tribulations along the way, including the sneaking suspicion the viewer has that we have seen this all before. The biggest problem is that Kermit does not have a decent antagonist to work off this time. Charles Durning was cinematic gold as Doc Hopper, the proprietor of a fast food chain who wants to exploit Kermit for his business. Charles Grodin was dynamite as Nicky Holiday, a jewel thief the Muppets must fight in order to save Miss Piggy from a lifetime in prison. The saying is that a hero is only as good as his antagonist, and these two are at least half responsible for the greatness of the previous two films.<br /><br />Charles Grodin also highlights what is wrong with TMTM. Namely, the music sucks. The opening number of the Manhattan Melodies show that is at the centre of TMTM, to put it nicely, makes the drivel that now dominates the airwaves seem coordinated. I might just be letting my peculiar sensitivity to the sounds of words and phrases getting to me, but songs like The Rainbow Connection inspired tears of joy, not irritation. Grodin's big solo during The Great Muppet Caper, while not having the same resonation, he lifts the tone of the film eight steps on his own. He is all class. And if there is one thing TMTM could use, it is rising eight steps in addition to attaining a semblance of class. TMTM also feels severely time-compressed, with the story leaping from scene to scene without any consideration for making sense or giving the story cohesion. Maddox himself pointed out that transition and cohesion make a film feel like a coherent whole rather than a mess of thrown-together pieces. See if you can find them in TMTM.<br /><br />While TMTM does have its guest stars, they are either poorly utilised (Brooke Shields and John Landis), or totally out of their element (Liza Minelli, Dabney Coleman). To call this a waste of time for puppeteer and actor alike is flattery. The absence of an end credits routine is especially sore here, after Animal's ""go home"" postscript for The Muppet Movie in particular. Which highlights another problem. The characters are poorly written at best, with none of their individual quirks to be seen or heard. Animal shouts singular words at times, but they have nothing to do with the plot, or the conversation going on around him. Say what you will about set pieces designed to show off characters, but think of Animal's moment after eating the instant growth pills, or his ""sowwy"" after the incident when he pulled the window down on top of his fellow Muppets. Now see if you can remember a single memorable moment with an individual Muppet other than Swedish Chef's hilarious misunderstanding of three-dimensional film involving popcorn. Give up? Then you have proved my point.<br /><br />Given that Labyrinth, one of the Henson company's best and most timeless products outside of the Muppets, arrived some two years later, it makes TMTM all the more puzzling. Perhaps this misfire convinced Jim Henson to rethink his strategy regarding character development and usage. Or perhaps the misfire can be attributed to Frank Oz, who at the time had just finished working with George Lucas on what many would agree is the most childish episode in the original Star Wars saga. The writers were also involved with The Great Muppet Caper, so I will let them off the hook for this in spite of the fact that a script is one of the most essential pieces of a film. The production is also substantially improved here, with Muppets appearing capable of moving in ways that were previously beyond them. Had the story and script been better thought-out, TMTM might have been at least comparable to The Great Muppet Caper. As it stands now, it is a great answer to the question of whether Muppets write under the influence, or excrete.<br /><br />For that reason, I gave The Muppets Take Manhattan a three out of ten. Two to denote its actual quality, and a bonus for the Swedish Chef's moments. Without him, this film would be unwatchable.",negative
"For those out there that like to think of themselves as reasonably intelligent human beings, who love film, have good attention to detail and enjoy indie movies with funny, smartly written dialogue then this is a film for you.<br /><br />For those with a poor attention span, high expectations and no brains.. well.. um.. you may get bored and find things dragging at times.<br /><br />This is a charming, modest and well paced movie with the actors bestowing a real sense of depth and warmth to their roles. I chuckled to myself pretty much the whole way through..<br /><br />This film is a little gem.",positive
"I read somewhere that when Kay Francis refused to take a cut in pay, Warner Bros. retaliated by casting her in inferior projects for the remainder of her contract.<br /><br />She decided to take the money. But her career suffered accordingly.<br /><br />That might explain what she was doing in ""Comet Over Broadway."" (Though it doesn't explain why Donald Crisp and Ian Hunter are in it, too.) ""Ludicrous"" is the word that others have used for the plot of this film, and that's right on target. The murder trial. Her seedy vaudeville career. Her success in London. Her final scene with her daughter. No part logically leads to the next part.<br /><br />Also, the sets and costumes looked like B-movie stuff. And her hair! Turner is showing lots and lots of her movies this month. Watch any OTHER one and you'll be doing yourself a favor.",negative
"My guide for the quality of the a movie is if I'm still thinking about it after leaving the theater. I'm still thinking about this one the next day, which doesn't happen often.<br /><br />The scenery (a reasonable guess for 16th century Italy), costumes, lighting, cinematography are all excellent. It is a beautiful film visually.<br /><br />Characters can never rise above the script they must recite, but these actors made the most of their material, which is excellent. This is one of Shakespeare's best plays, which people will still enjoy another 400 years down the road. All of the principals were interesting and enjoyable.<br /><br />Those who say this is anti-semitic must be deaf and blind. If anything, it is anti-Venitian-16th-century-Catholic. While Shylock plays a man controlled and tortured by the hurts he has suffered, it is clear that the society in which he lives is largely to blame. The script clearly places his personal responsibility where it belongs, as well.<br /><br />A great film.",positive
"The 1998 Michael Keaton kiddie comedy of the same title was roundly condemned for it's, um, shoddy special effects, but compared to what Screaming Mad George cooked up for this horror comedy they're positively mind-boggling. The killer snowman seems to be made out of styrofoam and his arms look like oversized oven mitts. Which they probably were. The cast lays it on thick in this parody of dozens of other (much worse) movies and Paul Keith as the town doctor is particularly memorable in a small but hilarious role.",negative
"This was playing at our theater in Amsterdam and the film we wanted to see was sold-out so we went to this, not knowing anything about it other than it was a documentary about the planet. We were very happy at our misfortune as this was a very powerful film about life and the delicate balance we all share with the rest of the inhabitants of Earth. This film has some of the most breathtaking photography I have ever seen in a film and took me places from deserts to oceans to rain forests and displayed things I have never seen in a film, TV or book! ""Earth"" is a film that every student should see before they become jaded. I will encourage my niece to see this film since she will be inheriting the planet we leave her. This is also a film to see on a theater screen or a very big television since the photography is so powerful and exotic.",positive
"This is standard fare from a director who as long been amongst my favourites.<br /><br />Even though its very flat in comparison to a lot of his other work but its Argento and this may be biased but I'm gonna be giving it a good review anyway.<br /><br />It does contain a lot of good ideas. The subtle voyeuristic element. The needles under the eyes. The gory and disturbing deaths. And the Argento cliché flashback.<br /><br />Downsides include the heavy metal soundtrack, acting and the ending.<br /><br />All the film is made worth it for the birds in the theatre sequence near the end.<br /><br />A fairly good film from Argento but he as done better. A lot better!",positive
"The character acting is a little stiff, as if it is the first time man of the actors have appeared on screen. Unfortunately one of the better actresses, Jean Simmons (played many bit roles on TV, like in Star Trek TNG and In the Heat of the Night), dies quickly and thereafter her acting can be markedly missed.<br /><br />The lead role is Mr Ballard, as portrayed by Cliff Robertson. Cliff is forced to carry this movie with his body language for most of the time. He doesn't do a poor job, but it is a little overmuch to ask of an actor to plug the oceans of blank screen time during which the characters spend their time NOT talking and also NOT acting. Robertson's most memorable role may have been Ben Parker in the last 3 Spider Man movies (starring Tobey Maguire).<br /><br />The plot is predictable. A husband murders his rich wife for her money. thereafter the wife seems to comeback and haunt the husband driving him insane until he leaps from a high window (fearing the specter of his dead wife approaching him) on the day he is predicted to die no less.<br /><br />The second chauffeur Mr Ballard hires looks a lot like an English mark Hamill. Uncanny really! The only thing that stands out is the utter disregard for dialogue. Many minutes pass in quietness, no one speaks, and few act. It is a shame the MST3K guys never got hold of this movie. It could have been much better, if not just as predictable, with more dialogue, or shorter scenes of 'nothingness'.<br /><br />I kept expecting G'Mork's red eyes to appear from the shadows and proclaim that he works for the ""nothing"" that inhabits this film.",negative
"In my opinion, this is a good example of the movie that could have been much better if it had been short 10 years earlier. I doubt it would benefit from modern technologies, but it would have looked much better if it was at least 90 minutes instead of 70.<br /><br />The artists and animated did a great job. In my opinion, this movie can boast the best background art and one of the best character design. Animation are extremely smooth and realistic. For the duration of the movie you believe in the world you see, so everyone did a great job. It can also boast one of the sexiest female animated characters, if not the sexiest, that beets typical anime girls with ease.<br /><br />Unfortunately, there are a couple of bad thins about this movie that will make it not so appealing at the moment. First, the plot and execution is comparable to contemporary adventure movies, and is really old-fashioned by modern standards. Second, due to the duration time it would benefit a lot from extra 20 minutes of dialogs. Finally, the setting is not so popular at the moment.<br /><br />Conclusion: a great alternative to another short story about Conan the Barbarian, but not to a novel.",positive
"I liked this film very much. The story jumps back and forth quite a bit and is not easy to follow. There is no resolution to the story whatsoever, and you are left to wonder what really happened. Since I like that sort of film I enjoyed this. I especially like the ""dating"" scenes between the boys and I was drawn into their lives. And of course any film with a naked Staphane Rideau will get a couple of extra points. ;-)",positive
"Delightful! It never pretends to be a masterpiece, but it's a mini-gem of late seventies British comedy. Given that the producers wanted to sell it abroad, it stars an American (the late character actor Richard Jordan), but at least he isn't the usual dull Hollywood hunk type. Surrounding him is the cream of British character acting talent, led by a wonderfully waspish and superior David Niven.<br /><br />Niven's Ivan the Terrible naturally gets the best one liners and all the best reaction shots. He also manages to be surprisingly menacing and intimidatingly dangerous. The moment in the snooker club when he drops the charming facade and threatens Richard Jordan will come as a shock to those viewers who think of Niven as being only a light drawing room comedy star. He is filled with genuine power and ruthlessness as we see all at once how Ivan earned his nickname. All the more surprising given how ill Niven was at the time. Shortly after filming this production he lost his powers of speech to Amyotrophic Lateral Sclerosis (known as Lou Gehrig's disease). This is the last picture Niven made where you can hear his own voice, being dubbed thereafter by the comic impressionist Sid Caesar.<br /><br />Alongside him you can spot numerous familiar faces from seventies cinema and television. Elke Sommer (flashing her breasts in true seventies era politically incorrect bimbo mode), Oliver Tobias, Michael Angelis, Brian Croucher, Davy Kaye etc, etc. Davy Kaye gets one of the biggest laughs as he holds up a security guard caught making a phone call. ""Who you ringing?!....Bloody Dial-A-Disc! You gormless git!"" <br /><br />Great shots of London street locations; making the film a period patina time capsule of red phone boxes with chunky round-dial manual handsets, black cabs driven by ""Cor blimey, gov!"" cockneys, and ladies and gents modelling all manner of deeply dodgy late seventies retro leisure wear and hair styles. <br /><br />Unlike the classic Ealing comedies of an earlier era, the 'hero' is allowed to get away with his crime and escape to a life in the sun. How times had changed! The morality code by which crooks in films always had to be seen to be punished had long gone by the seventies, with anti-heroes like Pinky Green earning status through their cheeky anti-authoritarianism and determination to 'cock a snook' at a stuffy capitalist establishment of be-suited fat cat businessmen. We are encouraged to cheer as Pinky makes off, unpunished and free as a bird with his ill gotten gains. Compare that to the ending of The Lavender Hill Mob!<br /><br />Highly entertaining, quaintly dated in its fashions and attitudes, and the stuff of late night cult viewing. Perfect to watch at midnight after the pubs have shut; if you're of a certain age, are feeling a touch nostalgic, and have always wanted to see David Niven in a branch of McDonalds, silently intimidating an American via the use of a retractable telescope!",positive
"""The Italian Job"" is a caper movie done by the numbers. Riding on the back of every caper cliche, it rises to no particular heights and will be a movie footnote by about the end of the month.<br /><br />The biggest problem is that ""The Italian Job"" possesses no imagination at all. I've seen it all before and done better then. The acting is fine the cinematography is completely acceptable, but this film breaks absolutely no new ground.<br /><br />Let's tick off the cliches:<br /><br /> - ""old-school"" criminal father figure and his protege<br /><br /> - another gang member jealous of protege<br /><br /> - a double-cross<br /><br /> - only bad guys use guns while good-guy criminals don't have to<br /><br /> - good criminals always outwit the bad guys<br /><br />And that's about the first fifteen minutes. Everything is so predictable. Even the heist and car chase scenes, supposedly the highlight of the movie, seem pretty ordinary. This is especially true since they appeared in the trailers for the film so I already knew what to look for.<br /><br />For me, a caper film works only if it has an element of realism - that maybe, just maybe, it could be pulled off without relying on a deux ex machina or ""just because"" moments. Parts of ""The Italian Job"" just throws that out the window, with computers doing things that computers can't do, the good guys not hitting anyone with their driving (especially going down the stairs) and not one single police car responding to street explosions, recklessly driven minis or even a low flying helicopter. Must be a heck of a city for these things not to rate a response.<br /><br />The acting is passable, with the crew (Seth Green, Jason Stratham and Mos Def) being at least fun to watch. Mark Wahlberg is just too smarmy as the ""nice guy"" hero while Charlize Theron is about the only actor called on to display some kind of range. Donald Sutherland is a class act as always and shows up Wahlberg's deficiencies every moment they are together.<br /><br />Overall this is a pretty uninteresting film. Given the IMDb ratings, it's the girls that really love this film, which I can understand to some extent, but there are such better caper films out there - even the vapidness of the recent ""Ocean's Eleven"" outshines the non-event that is ""The Italian Job"".<br /><br />***SPOILER***<br /><br />At the conclusion, take a moment to think about what is going to happen to Norton's character. Are we meant to be cheering the good guys for causing his demise, especially since it would appear to be long and painful? He didn't deserve that, simpering creep that he was.<br /><br />***END SPOILER***",negative
"The characters are annoying, immature, and flaky....Madison being the most annoying of all. OOH...a cold spot! Such a dire threat! Any ghost in that house would have fled in self-defense! To make a long story short, this movie is boring. Seeing a chair flying across a room may be creepy, but that's about as intriguing as it gets. I watched it once and when one of my kids wanted to watch it again, I was tempted to take a baseball bat to the TV set rather than watch this rubbish again. If you want a good horror movie or even a passable comedy, this isn't it! The only good part of the whole thing was ""the roach scene"" and, by the end of the movie, you ended up feeling sorry for the roach!",negative
"I saw this film at the Edinburgh Film Festival, and would not recommend it. It is two and a half hours long, during which nothing much happens at a wading-through-porridge pace.<br /><br />The main characters are gormless and totally lacking in charisma or personality. No-one smiles at all during the film (neither would I if I had their lives), and although Domino seems to have a healthy sexual appetite she doesn't seem to enjoy sex at all.<br /><br />The whole experience is depressing and ponderous, the director lingering over each scene in a way that drove me crazy rather than striking me with the beauty of his technique.<br /><br />Too many questions were left in my mind: why does he sniff the Algerian man's head? Why does he levitate? What is he looking at over the allotment fence? Why does he kiss Joseph? Why did we go and see this rubbish rather than ordering another bottle of wine in Bouzy Rouge?",negative
"I was lucky enough to see this film at a festival last year and had half expected it to get a release. The fact that it was shot on a digital camcorder has surely inhibited its success, but as i understand it was never the intention of the film maker to make it LOOK LIKE FILM in the first place, it was more about the story the characters and their relationships. Is that not what films are supposed to be about!? But it did have a quality in the texture of its visual appearance that suggests May Thomas is onto something we should pay attention to. For independent film makers and producers alike who have a the talent and lacking the money and drive, a lot can be learned from watching this film, technically it has everything going for it, the use of light, music etc by far outweigh that of any other digital feature film i have ever seen and therefore it is worthy of much praise. The actors performances are believable to a point, if not slightly under played, i felt there was much more in there, more depth, in particular from the male lead John Paul Clarke. But one thing that really does bother me, as a film maker myself, is the film being in black and white a need to cover up a multitude of sins than if it was colour? Do we have more to learn in the progression of digital technology? Or is this the future of wonderful, affordable film making?",positive
"this film is wonderful film for students of film. in mainstream American film it is common to see stylistic techniques used to draw the audience into the movie. in this film, the director uses stylistic techniques to push the story forward.<br /><br />this is a love story that offers no sex. to be honest, i can't even recall the characters kissing. rather, the plot focuses on the emotional ties between the two characters.<br /><br />i would not recommend this film for everybody. it is not very accessible. it is very slow moving and the subtle. it is a difficult film and mostly not entertaining.<br /><br />i would reccoment this film to people who want to see something different. it is a piece of art. the soundtrack is most beautiful and visually, every frame is a photograph. and most beautiful of all, it's not visually stimulating for the sake of being visually stimulating. every frame illustrates a little bit more of the story...",positive
"Time travel is a fun concept, and this film gives it a different slant. I got a kick out of Captain Billingham, one of the more down-to-earth characters, who was just not having a good day. Ordinarily, I don't choose to watch horror films, but this is an exception. Good story, excellent acting.",negative
"Successful films on metaphysical subjects are rare, but Fata Morgana is a good case. You can chalk up the large subject to the ambitions of youth, but Herzog does an amazingly good job. The movie's point is to show human beings, and even the world, from a non-human point of view.<br /><br />The movie is in three parts: Creation, Paradise, and The Golden Age. The imagery of each is in counterpoint to the voice-over. Although the text of `The Creation' (from the Popol Vuh, a Mayan myth) refers to the primordial wasteland, the scene goes no further in illustrating the myth. It dwells on the waste, and on various specimens of destruction (fire, smoke, wrecked vehicles). The images from `Paradise' are anything but that, and `The Golden Age' is darkly comic  the highest culture is the strange roadside musical act.<br /><br />The Popol Vuh suggests that mankind is the central object of creation, but the movie does everything it can to undo this notion. Its mythological framework has no referent in human historical time. There are no human characters to speak of. When a boy stands with a dog in an extended shot, the initial suggestion is of the boy's point of view; by the end it is much more the dog's. Likewise the lizard is a stronger character than the human who introduces it, and the turtle's partner barely looks human with his big flippers.<br /><br />Animal stories and nature documentaries always anthropomorphize, but Fata Morgana has none of that. Certainly the dunes look like a female body, but the simile cuts both ways. Presumably only humans can distinguish easily between their creation and nature, and here airplanes and factories are presented alongside mountains, lakes, and waterfalls. People and civilization are all part of a broader natural landscape.<br /><br />In 1979 Herzog put a new twist on the idea when he remade Nosferatu from the vampire's point of view.",positive
"this movie begins with an ordinary funeral... and it insists so hard on this ordinary funeral feel that i lost interest within 5 minutes of watching, and started skipping scenes. it seems to me whomever made this movie is afflicted to the extent of becoming trapped in a permanent morbid trance, unable to contemplate anything else but death and destruction. well, i ain't one of the dark kids from Southpark, i want a movie that within 10 minutes gets me well into an interesting story, i won't sit and watch 10 minutes of nothing but preparations for a funeral.. my grandma on her last years was fascinated by funerals, perhaps she might have enjoyed this ""movie"".",negative
This lesser known film starring Roy Thinnes (From TV's Invaders) is actually what I consider a lost gem. It was made at a time where the story was more important that the special effects (though the effect are fairly good for its time). A scientist theorizes that there is another world in Earth's Orbit directly behind the sun. Since the sun always blocks it from us we can never see it from Earth. Roy Thinnes is selected to go on a mission to get to this world. I don't want to tell the rest of the plot because it will give the rest of the movie away. Let's just say there are some real surprises.<br /><br />The movie is British and has that good British flavor of acting that was in such TV series like The Avengers.,positive
"Even if you're a huge Sandler fan, please don't bother with this extremely disappointing comedy! I bought this movie for $7.99, assuming it has to be at least halfway decent since my man Sandler is in it and because I assumed some women would get naked (judging by the R-rating and scantily-clad women on the cover). Well, there are quite a few scantily-clad women, but none get naked. I'm not sure what point this was in Sandler's career, but I'm guessing it was even before his SNL days. I can be wrong. This is like watching one of his home movies. He might look back at a cheesy movie like this and reminisce about the good ol' times...but we (the audience) are left to dry. This is hardly a ""movie""! Sandler does a lot of talking to the camera, and even admits at one point that this is ""no-budget"" movie (that's right, not a low-budget movie, a NO-budget movie). So our job is pretty much to laugh AT the quirky characters. There is no steady plot, it's like an extended sketch comedy show--but a crude and badly written one. That guy who played the nasty comedian was completely annoying and it was implausible in the first place that he would receive such a mass audience. And Sandler finds his comic inspiration by saying the one classic Henny Youngman line ""Take my wife, please"" and the audience is on the floor? I'm not even going to TRY to make any logic here. Sure, Sandler's current and recent movies are not known for making a lot of sense (the penguin in ""Billy Madison,"" the midget in ""Happy Gilmore's"" Happy Place) but the comedy works. This is a strictly amateurish work, and even if you're curious about Adam's early days in film--you still won't be interested. You're better off checking out his start on SNL or maybe his underrated role in ""Mixed Nuts."" Of course, the Sandman is not the only actor wasted in this thankless vehicle. Billy Bob Thornton also makes a short appearance, Billy Zane (""Titanic"") has a supporting role and the great Burt Young (from the ""Rocky"" movies) has a significant role. <br /><br />This awful comedy will most probably be collecting dust on the 99-cent rental section of your local video store--and rightfully so. <br /><br />My score: 3 (out of 10)",negative
"""A Slight Case of Murder"" is an excellent TV movie, which is defiantly worth the price of a rental. William H. Macy is great as a movie critic who accidentally kills his mistress, and then has to try to conceal the crime. Although that may sound dark, the film is actually quite light hearted and funny, with many memorable lines (""Acting is harder than I thought- you ever see BODY HEAT? I think I owe Bill Hurt an apology"" and my personal favourite ""For next week answer these two questions about film noir, What do these people do during the day? and Why is it always raining?). The film has a great supporting cast including Macy's real life wife Felcity Huffman, James Cromwell and Adam Arkin. A must see for Macy fans!",positive
"The thing about calling ""House of the Dead"" the worst movie of all time is that it's really not. There are worse movies out there. I watch alot of Hong Kong ninja movies that are basically the result of an unfinished Japanese police drama having footage of ninjas inserted at the end to create something that could technically be called ""a movie.""<br /><br />House of the Dead is however one of the worst films I've ever seen at the theatres. Walking out half way through, I actually felt I was somewhat dumber for having set through 45 minutes of this piece of garbage.",negative
This movie had very few moments of real drama. After the opening minutes the film descended in a spiral that didn't quite take us to hell and back - viewing was pure purgatory to say the least. The acting was more horrendous than the subject matter of the film and at times I couldn't stop laughing. The continuity between some of the scenes was dire - characters disappeared from scenes without explanation only to be replaced by other characters who minutes earlier had been some where else. Surely this was a spoof of The Exorcist. The collection plate at the church must have been full of copper the day Mr Russo signed up for this one. Do I speak Latin? Et tu Brutus.,negative
"I rented this one to see Vanesa Talor one more time. She can act, but doesn't get a chance in this clunker. The opening sequence is an elaborate crane shot of mountain landscapes. Must have come from a stock archive, because the movie is shot direct to videotape. The production values make _Blair Witch_ look professional. There's a really cheesy animated statue, but no other effects worth noting. This movie is bad, but not amusingly so. The players would do well not to mention it on their resumes.",negative
"This film was released soon after the Conan films, a sort of female Conan, Red Sonja played by Sylvester Stallones ex-wife Brigitte Nielsen. She's not a very good actress unfortunately as proved in Rocky IV and Cobra. The whole film feels cheap, but strangely Arnold Swarzenegger appears in this film but not as Conan, although he looks, acts and fights like Conan from the two Conan films, I don't know what thats about. Anyway he only appears about every twenty minutes and doesn't hang around for long. Maybe Arnold filmed this in his time off from filming Conan the Destroyer or something? Anyway the film is way to slow and boring for an action film, skip this and watch Conan the Barbarian instead.",negative
"for the most part, On Demand delivers some pretty horrible horror movies, and only offers other horror movies everyone has already seen, and already have an opinion on. It was either this, or Invinicible (I like Mark Wahlberg movies), which I haven't seen, and I was actually in a movie watching mood, which doesn't happen often anymore because I've already watched all the movies i own a million times, and that's a lot of movies, and I don't have much interest in new movies, and boy, this movie made me regret it. I'm not going to put in any spoilers, I'm just going to tell you that only a FEW of the very FEW actors in this movie ,are half way decent. I think the main girl, the dead one who kills everyone, is very annoying looking, but convincing; I'd take her for psycho bitch anyday, so she fits her roll well, though it is lame. The blood isn't that great, only a few of the kills, or may I say ""woundings"" are alright, but you don't see much and there are no body part props in the movie to make the injuries look more convincing. Towards the end of the movie I was begging my girlfriend to turn it off, and being a band member, the 'recording' parts weren't very interesting either, though what happened would truly happen when going about recording. I'm done, if you want to watch this, suit yourself.",negative
"Now we were chosen to be tortured with this disgusting piece of blatant American propaganda. It came no wonder for me that this is admired by most American viewers and hated by Europeans. This show is made for Americans - it is too stupid and full with hatred and clichés to be admitted elsewhere. Almost everyone involved must be return to school, acting is utterly predictable and bad, script is pile of garbage all round. operator work is ground zero etc. etc.<br /><br />You have been warned. It doesn't even have ""guilty pleasure"" entertainment for those brainwashed iq=0 human beings.<br /><br />I wish I could enter negative values, admins? Anyone?",negative
"I liked this movie. It was pretty cool. It has it all: cars, gun shooting, fighting, and even a token girl. It does not excel in any of this things, with the exception of the cars. A bit of shooting, a bit of fighting, a bit of smooching around, and LOT´s of car, with a great chase near the end. The jump, you may say, is impractical, but according to our good friends here at the IMDB it is possible, so the movie ain´t as bad as people are painting it. It has some quality, and I liked to watch it. In fact, I loved the film. And I didn´t need to turn off my brains to watch it. I wasn´t always thinking ""Is this possible?"" or tramp like that. 9 in 10.",positive
<br /><br />Robot jox is a great little film ok some of the sets are bad and the acting is not that great but the special effects are very good for a film of this size and age. You have to remember that this film is over 10 years old now and was made very cheaply in the 1st place so you cant moan to much about the bad parts. So just sit back and watch a cool film with great big robots in it.,positive
"Hunt for Justice is about the setup of Slobadon Milosevic for his trial in the Hague. While it was a little too clinical in presentation the subject matter could have gotten very depressing very quickly. A Canadian Judge, Louise Arbour, becomes the Chief War Crimes Prosecutor at the International Criminal Tribunal for the UN in Yugoslavia. She battles everyone to pull out the evidence that sent Milosevic to trial. Not a bad docu-drama with class A directing and production work. The 'evidence' was disturbing by the shear discussion of the facts, happily they didn't go into too much detail and no real pictures of the tortured.",positive
"But I got over it. To me, it seemed that even the Author of the book favored Caroline. I felt so sorry for the character Louise, and she was constantly compared with Esau who was evil, I just felt the comparison was a bit harsh and un-realistic. Really though, the movie was bad. I wouldn't really see it unless you're ready for a big let down.",negative
The only good part of this movie was the ending. You know the part of the movie where the lights come on and you leave to go home. No no that may be a little harsh - the dancing in the film was sensational but unfortunately that is where the plot ended. As long as the cast was dancing and not talking the movie went along well. As for Chayanne's debut - not too bad but hopefully his next film will have a little more depth. As for going to see the movie wait for the rental or TV. Do not make the same mistake I did and pay 8.50,negative
"Bangville Police supposedly marked the debut of the Keystone Kops, named after the studio they worked for. In this one, however, they don't dress in the silly cop costumes or drive the fast-paced car that's their trademark. Anyway, Mabel Normand is a farm girl here who's begged her dad for a calf. She later sees some strange men in the barn and quickly calls the police. One answers and the chase is on. Next, Mabel slams her door just as someone is coming in. Turns out it's her mother who jumps to the conclusion robbers are in there! So while Mabel blocks her door with furniture, the mother and father try to fight their way in! This was perhaps the most amusing part of the short along with some explosions of the cop car. This was a short 7 minutes that went by so fast it's over before it's begun. The only real characterization that's developed is Mabel's who exudes charm with just her face and big eyes and seems so optimistically cheery here except, of course, when she's frightened. It's easy to see why she became a star. It's largely because of her that I'd recommended seeing this at least once and why I'm giving this a 4.",negative
"""That '70s Show"" is definitely the funniest show currently on TV. I started watching it about two and a half years ago, and as soon as I saw it I could tell it was a great show. I like all the characters, but my personal favorites are Fez and Kelso. Leo was also an awesome character while he was there, I really hope he comes back because he's hilarious. It's classic when Fez goes ""you son of a bitch!"", and when Kelso yells ""burn!"", that always makes me laugh. They are both great characters and always have something funny to say. Jackie being hot is just another reason to watch the show; she started out being really good looking but damn, somewhere around season 5-6 she just got Really hot. I've seen most of the episodes more than once, some like 10 times, and there still hilarious. This is one of the few shows that I can watch over and over and still laugh at just as much as I did the first time I saw it. The cast is classic; almost everyone is funny, where with many shows there are only a few funny characters. I will be sad to see this show end next year, but it will be going off the air as one of the best shows ever.",positive
"Honestly, this is easily in the top 5 of the worst movies I have ever seen. Partly, because it takes itself so seriously, as opposed to regular light hearted trash, this movies wants you to be emotionally involved, to feel for the characters, and to care about the alleged conspiracy. None of this ever even comes close to happening.<br /><br />****MILD SPOILERS******<br /><br />There are 3 main reasons why this movie is so terrible: 1.) Incoherent and totally non-sensical plot. 2.) Annoying style-over-substance ""MTV"" camerawork. 3.) Moronic characters and plot holes.<br /><br />Allow me to elaborate.<br /><br />1.) Apparently, when this movies was being made, they couldn't decide whether to make a movie about church conspiracies, the stigmata, or possession. So, guess what? They combined them! An aetheist gets possessed by a dead person, who then makes her exhibit the stigmata so as to expose a church conspiracy. How a regular person is able to transcend death and possess another human being through his rosary is never explained, nor even talked about. Now, instead of just saying what he wants to say, he gives her the Stigmata. WHY? Why not just spit it out? Instead, we get treated to scenes of screaming things in harsh voices, carving cryptic messages on cars, and writing messages on walls. Apparently this priest was also a violent guy, because the possessed young lady also wigs out on one o f the characters, while talking in that cliched, harsh, ""possessed"" voice that we all have heard countless times. This also starts to tie into my second complaint, because whenever the young lady gets the stigmata, she also defies the laws of gravity by floating into the air, and tossing everything and everybody around her as if they were in an earthquake? Why does this happen? Who knows!?! My guess is that the director thought it looked ""cool"".<br /><br />2.) This movies contains dozens of shots, in slow motion, of course, of birds showing up out of nowhere and flying off, and most annoyingly, of water dripping. This woman's apartment is constantly dripping water! CONSTANTLY! Logically, the place would probably fall apart with this many holes. To sum up this complaint, towards the end, and for absolutely no reason, the camera cuts to shots of water dripping, in slow motion, in reverse!! WHY!?! I have no idea! It has no relevance to anything, and once again, I'm betting it's because the director thought it looked ""cool"".<br /><br />3.) One of the main characters says he became a priest to explain away holes in science. This doesn't make sense to me. I would think that going to church would be enough, but no, he has to go through the entire rigamarole of becoming a priest. I just don't buy it. Secondly, there are lots of plot holes, a few of which I will elaborate on below. For starters, when she first gets the stigmata, the scene ends with her laying unconscious, bleeding. Next, she's in the hospital. Who called the ambulance? Another one is towards the end, when the previously mentioned ""scientific priest"" character is talking to the spirit who is possessing the girl. He says, ""Take me as your messenger!"" Not a word for word quote, but you get the idea. His response? ""You have no faith, only doubt!"" So, because of this, he possesses an aetheist! An aetheist has no faith, far less then any scientific priest! And then, there's the fact that the object of this movie's conspiracy, this Lost Gospel (of St. Thomas, I believe) is available at local bookstores. The characters are willing to kill to supress this document, but you could walk down to a bookstore and buy it. Maybe this is supposed to take place in an alternate history, where it isn't wide known, but the movie never tries to tell us this, or to even hint that this is an alternate happening of that document's uncovering.<br /><br />In closing, this movie is terrible to a spectacular degree. It is my arch-nemesis, which I feel the need to insult every chance I get. I loathe it. Final Grade: F",negative
"I have to admit that Purple Rain is one of my deepest guilty pleasures. Purple Rain not only broke boundaries, it set a decade, the costumes, the music, the behavior, and the dancing! To this day, my friends and I still jam to the Purple Rain soundtrack and pretend to be Prince and the Revolution.<br /><br />Now the movie itself, I just meant what I said in the title, because for the most part, this movie itself is made by the music. The acting? Please don't let me judge on that since this is one of my favorite guilty pleasures, because I know that it was not Oscar worthy by any means. But I think the duo that took this movie was Morris and Jarome, their speech about passwords was just beyond hilarious. I just want to rate this movie on the concert sequences because I felt that it was what made the movie.<br /><br />Prince is a musical genius and created beautiful music. While the movie and acting is pretty bad, this movie is still a fun one to watch at night and even dance too. This movie defined the 80's, so just have fun with it. Prince would want it that way, just to party on down! Oh, boy, that sounded lame.<br /><br />9/10",positive
"Well, this was one of those films I caught on the off-chance, and it was good enough for me to record when it showed up next time... If, like myself, you enjoy many 80's horror flicks that branched out a little from the norm (i.e. not just another glut of generic sequels) then I think you may enjoy this. When the bad guy eventually turns up in person, he was definitely not what I expected to see! All in all, I wouldn't go out of your way for this one, but if you like the genre, then watch it if it comes up and you have an hour and a half to kill, I guess. I'd give it 6.5 out of 10.",positive
"I have really nothing to add to all the other comments, save this: To me the film looked like a silent film slowly being adapted to sound. The text boards bringing the story along reinforced that impression I suppose. Along the way the actors were allowed to leave the stilted, theatre-like acting; Marguerite Churchill very much looks like a typical early silent movie heroine at the beginning of the film, but at the end is allowed finer expressions. Gus, the Swede?, reminded me of the comic characters of Shakespeare plays, and Windy sounded to me like an early Donald Duck.<br /><br />It truly amazed me that it was all filmed outdoors, on location, and even though the dust of all the wagons, horses and cattle obscured the view it must actually have been like that for the real settlers! It also was clear to me that many of those Indians must have been real, and I didn't detect any overt racism towards them. And John Wayne looks so incredibly young! As someone who became a real Wayne fan through the cavalry trilogy by John Ford, and thought that Stage Coach was Wayne's first as a leading star, this film was a revelation. The plot is very simple, again reminding me of a silent film, but the grit is very real indeed! An amazing film to have been made with that technique and under those conditions in 1930.",positive
"First of all, I ain't American or Middle-Eastern. Second of all, I don't have a religion. The closest thing to a religion I have are sports and movies. Henceforth, I believe I would be best served to supply an opinion of neutrality and free from bias.<br /><br />Most of these short films are an utter disgrace. This dreadful event should be used to commemorated all those innocent people whom were murdered by ""some"" barbaric and uncivilized morons. Instead, most of what I saw in these short films were conceited attempts to score varied political points. Examples:<br /><br />1) Ken Loach's segment. Sure, we are all sad that this dude had a hard life in his country but what has that got to do with the innocent victims of 2001? Two wrongs don't make a right?! Whatever! This film should have a subtitle for those who have trouble listening to a partially incoherent Chilean-English accent.<br /><br />2) Most disturbing is Youssef Chahine's segment. It is obvious that he has trouble with logic. He justified the murders due to - America being a democracy and because some Americans voted the politicians in power, then all Americans in the end are responsible for the actions and decisions made by their leaders on the Middle-East. Helloooo! Is this guy for real?? Some Americans don't even vote! Some Americans don't even know where the Middle-East is; some don't even know what religion is practiced there; and majority don't know the real political issues that are played behind the scenes. ### Mr Chahine, the reason why we have all these problems in the world is because there are too many people with your kind of logic. The innocent victims in the Twin Towers came from around the world. The murdered firefighters, rescuers, office workers, by-standers and flight passengers have nothing to do with politics. And yet, we are not allowed to go about our lives because ""some"" people think everyone has to choose a side or a religion. We are perceived as fair game for the extreme politics.<br /><br />3) The Israeli segment showed their own bombed victims. Another filmmaker using this event to push their own political agenda. Sometimes, it is not about you. Some people always think about the ""me, me, me."" Sometimes, it is about other people.<br /><br />4) Idrissa Ouedraogo's segment is a joke and another political point scorer. They obviously want money from the international community by highlighting their poverty. Blah, blah, blah.<br /><br />This movie denigrates the memory of ""Sept. 11th, 2001"" victims.<br /><br />The best thing for it is the TRASH CAN.",negative
"This is definitely one of the weirder 70's movies out there, and it's most notable for kicking off a decade of Bigfoot hysteria. It is also notable for the little touches of insanity throughout the movie, especially when the dark, moody first half is replaced by a MUSICAL INTERLUDE of all things (as another user pointed out, one of the songs is dedicated to a character, Travis Crabtree, who paddles around in a canoe for a while, then... leaves, never to be seen again). Although it's painfully dated now, i's still a fun scary movie to show to kids, and anyone who enjoys either Bigfoot lore or 70's hillbilly culture is bound to get a kick out of this. My favorite part: a guy gets so scared that he jumps headfirst through a door (!?) and the narrator explains he went unconscious from ""shock."" Uh, I'd say breaking a door with his head is more likely why he went unconscious, but whatever.<br /><br />4/10 stars, or 7/10 if you like bad Americana.",negative
"I originally saw this on its premiere in the UK. I was mesmerised by it, and it had me in tears all throughout its duration. I taped it off the TV for safekeeping, but over the years, it's worn out. And TV never seem to show it. Therefore it was a joy to find out that True Movies own the copyright and were showing it on their channels. This time, I taped it onto a DVD, so I can enjoy it again and again.<br /><br />Lucile Fray (played magnificently by Ann - Margret) discovers she has cancer, and that it is terminal. Her husband has arthritis, and, although he is loving, he is an alcoholic, and would be incapable of taking care of their children after she has gone. Therefore, she has to find new homes for each of her children before she dies.<br /><br />The acting is top notch, the music beautiful, and it has stood the test of time wonderfully (it still makes me cry!) If you ever get the chance, you would be silly to miss this. It is a wonderful film! A must see for everyone!!!",positive
"My Take: A goofy, yet imaginative mess. <br /><br />Keanu Reeves (Yes! That Keanu Reeves) and Alex Winter return as the two punk-rock idiots in this sequel to the time-trotting adventure comedy BILL AND TED'S EXCELLENT ADVENTURE, now a cult classic. In this sequel, Bill and Ted are given much more to do than travel through time. They might as well travel Heaven and Hell too! During the beginning of this sequel, Bill and Ted are preparing for a ""Battle of the Bands"" competition which may make them more famous than ever. Meanwhile, many years in a futuristic civilization, the time-wizard from the first film (the always watchable George Carlin) is running a university praising Bill and Ted's names. There, an evil tyrant (Joss Ackland, from THE HUNT FOR RED October) plots to get rid of the two idiot rock-stars once and for all. So he sends two identical android replicas (In the words of Bill and Ted: Robot Us's) to do the dirty job.<br /><br />There after, Bill and Ted experience death and must find their way through Hell, with inhabitants that happens to include the duo's worst memories, and then through Heaven in an attempt to get back to earth to save their girlfriends... and their show. Along this whacked-out voyage, they play board games with none other than Death (William Sadler, from DIE HARD 2), reminiscent to a similar moment in the 1957 foreign film classic THE SEVENTH SEAL, aid help from a couple of intelligent alien beings and more.<br /><br />BOGUS JOURNEY's array of exuberant special effects gimmicks aren't up to to-date standards, and even some of the humor and the for-the-time look and feel are somewhat dated (to be honest, the film also feels like it was released on the wrong year, even for the 90's). But with it's no little lack of imagination and a lively turn by both the performances and direction, BILL AND TED'S BOGUS JOURNEY is fun, imaginative, and yes, bogus.<br /><br />Rating: ***1/2 out of 5.",positive
"A wonderful Christmas story on the moving theme of ""Susie Homemaker finds her Inner Amazon."" No, I'm serious! Geena Davis's amnesia starts to improve when she is knocked on the head. From this familiar beginning, we move in an unexpected direction. Good pace, good action, fun story, lots of explosions and mayhem.",positive
"What is worth mentioning that is omitted in the other reviews I have read here, is the subtext of how the law shaped the lives and behaviour of gays in the era portrayed in the film. While Courtenay's character is evidently gay, he is not the only one: the often talked about Mr. Davenport-Scott is the other, and the reason that he is never seen, the reason alluded to that he has disappeared seems to be that he has been detained by the police for homosexual activity - a criminal offense in England at the time.<br /><br />We can read under the surface that this recent event has unsettled Norman, Courtenay's character: and we can also see in a passing remark by Oxenby, the Edward Fox character, the quick renunciation of any connection to such a person when the law is involved: the fear of association affects many of the characters, and is part of the portrait the film paints of a time and the people who inhabit it. The abandonment of Courtenay at the end by Sir has been anticipated all the way through, if this subtext is included: it also makes sense of both the otherwise inexplicable omission of his Dresser from the list of those he gives thanks to. The flamboyance combined with the fear of exposure produces the combination of yearning and fear that Courtenay has to 'step into the footlights', as he does when he makes the announcement about the imminent air raids, a scene that would otherwise be gratuitous, but that is both a symbolic and literal depiction of the man's inner torment.<br /><br />So while the drama is of the decline of Finney's Sir, a great deal of the tragedy of the film and play comes from the 'fatal flaw' of Courtenay's gayness, and makes this a film about him, as the title suggests.<br /><br />The art direction, pacing and cinematic style of this film seem to come from another time, more distant than the eighties and, in some ways, even than the second world war. The implicit portrait of a society still clinging to an older moral order, and the sympathy of the character racked and ruined by the cruelties of that order, of necessity trapped in the enclosed world of the theatre; and the knowledge we have of how much of it all would be swept away after the war makes this film all the more poignant, for all its flaws.",positive
"this, is NOT one of those films it is one of the biggest pieces of tripe I have ever scene, the camera work is trying to be flashy but it really just crap the whole thing looks like the red shoe diaries, but without the sex, the only reason I bought this was I wanted to try out dvd and this was the cheapest one I could find, possibly the worst buy of my life and could have put you off dvd forever, the soundtrack is REALLY tacky and most of the movie is made up of endless repeats of clips from the first two films, why anyone would want to make a movie as awful as this is beyond me, if they had really attempted to make an original movie and failed I would be nicer in this review but they don't they just got the rights to reproduce stuff from the first two and then edit it and repeat it into this film with about maybe under 1 3rd original footage which is about up to the standards of film school students, DO NOT buy this movie. the only entertainment this dvd can offer is if you were to stick it in the microwave and watch the flashing lights! UTTER UTTER UTTER UTTTER unbelievable GARBAGE! 0/10 if only the voting system would allow that.",negative
"Would a different translation have made it chillier or scarier? Are the subtitles too compact to convey the nuances of the original language? Does it even matter? You may have heard that great actors can make reading a phone book exciting. Well, this is an opportunity to judge for yourself. <br /><br />If this isn't about homosexuality, murder, dismemberment, psychopaths, insanity, deviant psychology, then it is about acting - acting helped along with lots of dialog, So, enjoy the acting or muse about how titillating the dialog actually is.<br /><br />For English speakers, ""Twelve Angry Men"" might be a better choice. There's a bit more interaction, and you can judge if the acting is consistent with the dialog. You don't have to wonder if you're missing something.<br /><br />I would recommend Andy Warhol's ""Empire"" to those who like this film.",negative
"After watching this film, I was left with a two very annoyances about this film: why did they make Chen's character this ""McGuyver hit-man"" and Lee's character such an incompetent idiot? Chen's character's background is that he was raised in an underground Cambodian orphanage for blood thirsty fighter where they learn to brawl it out to the death like wild ""dogs."" This detail is pushed early on during a scene where he gets into a cab and as it starts to drive, he shows how he is unfamiliar with a seat belt. Soon after this scene, he has a similar situation at a dim sum restaurant. Not only is he uneducated, he is starving. This is not a reference to Chen's scrawny physique but to the two early scenes in the film where he is scarfing down food, one of which, being rice porridge off the floor of the lower deck on an old ship. Si in the first ten minutes of the film, it is established that Chen is malnutrition-ed, unmodernized,and has only thing going for him, his ""dog"" brawling fighting style of some sort. Despite this situation, Chen manages to out-shoot every policeman (even managing to ricochet a bullet off a metal pipe to hit a guy in a head, whom was holding Chen's girlfriend hostage) and has somehow attained a super human strength (swings a 50 lb block of concrete, plastered on the end of a metal pipe, to the head of the police chief AS he is getting shot in the chest, by said chief).<br /><br />Now Lee's character...okay, I get it, he's depressed, he's got some baggage, but wow, can he do anything right? One moment, they try to make him cool, composed and ready to take care of business, and the next moment, he just got beat again. First scene he runs into Chen, and he manages to misses him, from approx 15 ft, multiple times. Toward the end of that scene, Lee watches Chen as his close friend and coworker gets slowly stabbed in the neck with a long knife for a good full 5 seconds, while holding a gun to Chen face, at a 10 ft distance. Even at the end of the movie, Lee manages to get stabbed to death and fails once again.<br /><br />And my biggest problem with this movie is that it is presented in a manner that film makers are trying to get the audience to sympathize with Chen's character and that he is just ""killing to survive."" That would be a lot easier if I didn't just watch Chen kill innocent people throughout the whole awful movie. Of the numerous people he killed, only two people had the intention of trying to kill him, the police chief and Lee. Others were just people who were eating, boat owners, taxi drivers, and policemen trying to arrest him, not kill. Overall, Chen's character is a just a cold blooded killer who kills for what he wants, even if its just a free ride. (Did I mention he is carrying a wad of hundred dollar bills throughout most of the film?) My 3 stars go to some of the interesting director/camera work who got in some nice shots.<br /><br />Bottomline: One made for the nut-hugging Chen fans. For me, ""Dog Bite This DVD""",negative
"First of all I'd like to start by saying it's a refreshing start to see a British Drama that finally looks and feels believable. <br /><br />Patrick Stewart does the role justice as (Ian Hood), the government Science adviser, with his constant and unwavering views on authority and thoughts about the future of ""real world"" science and how he feels It's either being used or abused by others. <br /><br />Not only is the casting thoroughly maintained all the way throughout the Series, but it makes it's characters seem more believable than most other British Drama's. <br /><br />Ashley Jensen also delivers a first rate performance as Dr. Hood's Appointed bodyguard (Rachael Young), she brings a refreshing take on the unscientific, Uninterested everyday views of science, and her constant battling with Hood makes for some very funny and memorable moments between them.<br /><br />The way the series keeps all the scientific elements more realistic I Find positive and more engaging than the psychobabble we are so used to in other Fiction or Science Fiction TV shows. <br /><br />There are however notable disappointments with the series, every time an Episode ends I find myself disappointed that they didn't seem to cover all aspects of the plot and sometimes leaving open-ended stories unclosed. <br /><br />Although bearing in mind that this is still the first series, I hope that we see a return to form in the near future where these open ended stories can finally be given a significant conclusion they so rightly deserve.<br /><br />For those who enjoy more slow paced science related plot lines, this is the ideal show to watch as it always manages to stay believable and more Importantly to the point.",positive
"I rate movies on this site all the time, but I don't normally write comments. However, in this case, I felt compelled to WARN OTHERS! This movie is bad! It's probably one of only a dozen movies I have scored as '1 (awful).' I know people say this all the time, but this truly was one of the worst movies I have ever seen. It's easily on the bottom ten, anyway.<br /><br />When it comes to horror movies, I have very low standards. I'll overlook all sorts of shoddy film-making for a good scare. But this movie is embarrassingly bad. It looks someone bought a video camera at Sears and decided to make a movie with his buddies. (The fact that every single crew member's name appears in the cast list proves this theory, I think.) This movie has lower production standards than your average high school play. It's actually a little shocking to see a movie that looks this bad released on DVD. The special effects are somewhat effective at times, but are still amateurish at best. The best thing that can be said about the actors is that at least they remember no to look into the camera, most of the time. I can't say for certain if they struggling to remember their lines or making them up as they went along. Any and all attempts at humor are lame. This movie is such a colossal waste of time.",negative
"Trey Parker and Matt Stone, the creators of the show 'South Park' , return with something entirely different.They create a new sport that combines baseball and basketball.This sport is known as baseketball.It's like basketball except that the rules of baseball are involved and there's another letter e in the title.Here's how you play: you just shoot the ball while these two guys try to distract you from making the shot.Sounds simple.In fact, I might try it one day.After the game hits the streets, it soon becomes a huge success.Who would've known that 2 immature friends could invent a sport that became so successful?<br /><br />My opinion<br /><br />'Baseketball' is a very crude and silly spoof filled with lots of slapstick violence, yet it actually delivers some laughs and plenty of entertainment.A definite recommendation for those of you who like slapstick and rude humor.",positive
"This was one of those times when I had nothing to do with 27 premium movie channels available to me. The Theory of Flight grabbed me and held my interest. I found it both touching and amusing, a nice combination of feelings. I recommend it!",positive
"This movie's heart was in the right place, no matter where its brain was.<br /><br />""Attack"" is basically a spoof a la ""Airplane!"" (two years before the fact - nice going.) of what happens when vegetables, or in this case fruits, attack.<br /><br />Through all manner of film magic (stop motion, papier-mache tomatoes on skateboards, reverse filming, people watching off-screen tomatoes, people throwing basketball-sized tomatoes at the on-screen actors), the tomatoes do indeed attack everyone in their leafy grasp. <br /><br />Then, it's up to Mason Dixon (Miller) and a group of spies I wouldn't wish on any government's side to save the day. Of course there's a meddling reporter (Taylor) who pops in at the worst times, dancing and singing Army soldiers, Japanese scientists with dubbed-in voices, some guy dragging around a parachute and a samurai sword...and oh yeah, the San Diego Chicken before he made it big.<br /><br />The gags here aren't all that great. In fact, you could probably make up better yourself after watching these. Some of the dialogue is inutterably bad (""Please pass the ketchup"" - not something to say in front of tomatoes.) and as far as ""Puberty Love"" goes...well, I can't blame the tomatoes for shriveling up on hearing it.<br /><br />What's good about it? Well, I liked the theme song and the beginning credits, and there was a scene with four people on the phone at once that was pretty well executed. ...that's about it.<br /><br />Three stars. Not a ""Killer"" comedy, but it tries.<br /><br />Rock on, Peace.",negative
"Don't listen to fuddy-duddy critics on this one, this is a gem! Young rich Joan and her brother find themselves penniless after their father dies - and now they have to work for a living! She, naturally, becomes a reporter, and he, just as naturally, a driver for the mob! By wild co-incidences their careers meet head on, thanks to gangster Clark Gable. In the meantime there is the chance for a moonlight underwear swim for a bunch of pretty young things and for Joan to do a couple of risque dance numbers (with all the grace of a steam-shovel).<br /><br />But none of this is supposed to be taken seriously - it's all good fun from those wonderful pre-code days, when Hollywood was really naughty. Joan looks great, and displays much of the emotional range that would give her career such longevity (thank God she stopped the dancing!). Gable is remarkable as a slimy gangster - he wasn't a star yet and so didn't have to be the hero. Great to see him playing something different. And William Bakewell is excellent as the poor confused brother. And there are some great montages and tracking shots courtesy of director Harry Beaumont, who moves the piece on with a cracking pace - and an occasional wink to the audience! Great fun!",positive
"Preston Sturgis' THE POWER AND THE GLORY was unseen by the public for nearly twenty or thirty years until the late 1990s when it resurfaced and even showed up on television. In the meantime it had gained in notoriety because Pauline Kael's THE CITIZEN KANE BOOK had suggested that the Herman Mankiewicz - Orson Welles screenplay for KANE was based on Sturgis' screenplay here. As is mentioned in the beginning of this thread for the film on the IMDb web site, Kael overstated her case.<br /><br />There are about six narrators who take turns dealing with the life of Charles Foster Kane: the newsreel (representing Ralston - the Henry Luce clone), Thatcher's memoirs, Bernstein, Jed Leland, Susan Alexander Kane, and Raymond the butler. Each has his or her different slant on Kane, reflecting their faith or disappointment or hatred of the man. And of course each also reveals his or her own failings when they are telling their version of Kane's story. This method also leads to frequent overlapping re-tellings of the same incident.<br /><br />This is not the situation in THE POWER AND THE GLORY. Yes, like KANE it is about a legendary business leader - here it is Tom Garner (Spencer Tracy), a man who rose from the bottom to being head of the most successful railroad system in the country. But there are only two narrators - they are Garner's right hand man Henry (Ralph Morgan) and his wife (Sarah Padden). This restricts the nearly three dimensional view we get at times of Kane in Garner. Henry, when he narrates, is talking about his boss and friend, whom he respected and loved. His wife is like the voice of the skeptical public - she sees only the flaws in Henry.<br /><br />Typical example: Although he worked his way up, Tom becomes more and more anti-labor in his later years. Unions are troublemakers, and he does not care to be slowed down by their shenanigans. Henry describes Tom's confrontation with the Union in a major walk-out, and how it preoccupied him to the detriment of his home life. But Henry's wife reminds him how Tom used scabs and violence to end the strike (apparently blowing up the Union's headquarters - killing many people). So we have two views of the man but one is pure white and one is pure black.<br /><br />I'm not really knocking THE POWER AND THE GLORY for not duplicating KANE's success (few films do - including all of Orson Welles' other films), but I am aware that the story is presented well enough to hold one's interest to the end. And thanks to the performances of Tracy and Colleen Moore as his wife Sally, the tragedy of the worldly success of the pair is fully brought home.<br /><br />When they marry, Tom wants to do well (in part) to give his wife and their family the benefits he never had. But in America great business success comes at a cost. Tom gets deeply involved with running the railroad empire (he expands it and improves it constantly). But it takes him away from home too much, and he loses touch with Sally. And he also notices Eve (Helen Vinson), the younger woman who becomes his mistress. When Sally learns of his unfaithful behavior it destroys her.<br /><br />Similarly Tom too gets a full shock (which makes him a martyr in the eyes of Henry). Eve marries Tom, and presents him with a son - but it turns out to be Eve's son by Tom's son Tom Jr. (Philip Trent). The discovery of this incestuous cuckolding causes Tom to shoot himself.<br /><br />The film is not a total success - the action jumps at times unconvincingly. Yet it does make the business seem real (note the scene when Tom tells his Board of Directors about his plans to purchase a small rival train line, and he discusses the use of debentures for financing the plans). Sturgis came from a wealthy background, so he could bring in this type of detail. So on the whole it is a first rate film. No CITIZEN KANE perhaps, but of interest to movie lovers as an attempt at business realism with social commentary in Depression America.",positive
"The opening scene really got me into watching the movie. However, not more than 5 minutes later, I was already gouging my eyes out. Not only could I not understand a word that was said, the acting could have been better by a group of mentally handicapped. The one highlight of this movie was that there was a punk white midget. However, I didn't quite get the connection on how a white midget was the child of two African Americans. But I guess anything is possible. Also, why the hell was Robin in the movie? I'm not sure that it added anything artistically. Overall, I would strongly recommend you jump off a cliff before you rent this movie.",negative
"This is a film that has it all, the dashing hero, the beautiful damsel in distress, the noble figure with the tragic flaw, and a truly wonderful robot. Forbidden Planet has maintained that special magic over the years and doesn't lose its flavor with repeated viewings (although the sex appeal of the youthful Anne Francis helps considerably on that score).<br /><br />Movie fans will recognize the youngish Leslie Nielsen portraying the handsome and heroic Commander Adams, although those of us who have grown fond of him in comedic roles will perhaps be a bit taken aback by his appearance in a serious role. The distinguished and noble-looking Walter Pidgeon is also a featured player as the scientist with a secret (Id). Other supporting cast deserve a nod, especially Warren Stevens as the brainy and resourceful ""Doc"", and of course the charms of Miss Francis, as noted above.<br /><br />This film was an early pioneer in the use of electronic music, in the 1950s, no less. The credits call them ""tonalities"", but those of us who tried to tinker together early versions of the ""Theremin"" device will recognize the eerie and spooky whines and screeches sometimes used in the sound track. Still, it lends to the image of the exotic and alien landscape of the mysterious and forbidding world of the Krell.<br /><br />The special effects are also quite arresting. I recall my fear as a youngster waiting for the next manifestation of the invisible ""Id"" monster, and when it is finally visualized in the one battle scene it literally shook me to my toes in wonder and awe. The magic of matte art is fully exploited in the dizzying scenes of the Krell scientific complex as the characters make their way through the various labyrinths and passageways, guided by the enigmatic Dr. Morbius.<br /><br />I recall feeling some measure of jealously that Dr. Morbius would have such a cool toy in the form of Robby the Robot. The persona of Robby is quite charming and in some ways he seems more human than some of the other characters. Viewers of follow-on shows like Twilight Zone and Lost In Space will recognize the recycled Robby prop in some of those episodes, although I recall he never had the ""personality"" of the original Robby.<br /><br />I must admit to not fully understanding the complexities of the plot until I was old enough to understand the various references to Freudian psychology and the danger of unleashing the hidden and normally contained fears and rage we carry within but have trained ourselves, through force of will, to submerge and control through adherence to societal codes. Although the key to the story seems obvious once revealed, it remains unknown (or perhaps deliberately overlooked) by Dr. Morbius until pointed out by the clear-thinking Commander Adams, who forces Dr. Morbius to confront the evil within himself. It still gives me goose bumps when Commander Adams pushes Dr. Morbius down before the Krell machine that endowed him with superior intellect, which opened the flood gates of his subconscious to the power of the Krell machine: ""Here. Here is where your mind was artificially enlarged. Consciously it still lacked the power to operate the Great Machine. But your subconscious had been made strong enough."" Zowee!<br /><br />Forbidden Planet remains probably my favorite sci-fi film ever, and remains timeless and classic for its carefully crafted story and wonderful visualization and realization on the screen.",positive
